id,person_id,alias_name,created_at
AL000001,P000005,Bhai12,2026-09-07T05:41:13.189357Z
AL000002,P000006,Jacket17,2026-09-07T05:41:13.189372Z
AL000003,P000006,Rowdy32,2026-09-07T05:41:13.189378Z
AL000004,P000009,Thalapathi31,2026-09-07T05:41:13.189386Z
AL000005,P000011,Sathya82,2026-09-07T05:41:13.189393Z
AL000006,P000011,Killer89,2026-09-07T05:41:13.189398Z
AL000007,P000011,Sathya30,2026-09-07T05:41:13.189402Z
AL000008,P000012,Blackie32,2026-09-07T05:41:13.189409Z
AL000009,P000012,Silk59,2026-09-07T05:41:13.189413Z
AL000010,P000013,Machan45,2026-09-07T05:41:13.189419Z
AL000011,P000013,Pattasu98,2026-09-07T05:41:13.189423Z
AL000012,P000013,Rowdy26,2026-09-07T05:41:13.189428Z
AL000013,P000018,Thalapathi96,2026-09-07T05:41:13.189433Z
AL000014,P000018,Rowdy84,2026-09-07T05:41:13.189441Z
AL000015,P000019,Vikram73,2026-09-07T05:41:13.189447Z
AL000016,P000019,Vikram75,2026-09-07T05:41:13.189452Z
AL000017,P000019,Kuberan47,2026-09-07T05:41:13.189457Z
AL000018,P000020,Kuberan26,2026-09-07T05:41:13.189462Z
AL000019,P000020,Bhai24,2026-09-07T05:41:13.189466Z
AL000020,P000020,Sathya44,2026-09-07T05:41:13.189471Z
AL000021,P000021,Chotta85,2026-09-07T05:41:13.189477Z
AL000022,P000025,Chotta40,2026-09-07T05:41:13.189483Z
AL000023,P000027,Dada58,2026-09-07T05:41:13.189488Z
AL000024,P000027,Vikram88,2026-09-07T05:41:13.189492Z
AL000025,P000027,Silk17,2026-09-07T05:41:13.189496Z
AL000026,P000029,Vikram51,2026-09-07T05:41:13.189503Z
AL000027,P000029,Chotta70,2026-09-07T05:41:13.189507Z
AL000028,P000030,Bommi39,2026-09-07T05:41:13.189513Z
AL000029,P000030,Rowdy29,2026-09-07T05:41:13.189520Z
AL000030,P000031,Pickle36,2026-09-07T05:41:13.189526Z
AL000031,P000037,Jango31,2026-09-07T05:41:13.189531Z
AL000032,P000038,Chotta18,2026-09-07T05:41:13.189537Z
AL000033,P000038,Jacket98,2026-09-07T05:41:13.189542Z
AL000034,P000039,Dada64,2026-09-07T05:41:13.189547Z
AL000035,P000039,Machaan39,2026-09-07T05:41:13.189551Z
AL000036,P000039,Jacket55,2026-09-07T05:41:13.189558Z
AL000037,P000040,Raja92,2026-09-07T05:41:13.189565Z
AL000038,P000040,Rowdy16,2026-09-07T05:41:13.189571Z
AL000039,P000040,Kuberan39,2026-09-07T05:41:13.189575Z
AL000040,P000041,Boss10,2026-09-07T05:41:13.189581Z
AL000041,P000041,Dada99,2026-09-07T05:41:13.189585Z
AL000042,P000041,Rowdy44,2026-09-07T05:41:13.189589Z
AL000043,P000042,Raja96,2026-09-07T05:41:13.189595Z
AL000044,P000042,Chotta27,2026-09-07T05:41:13.189599Z
AL000045,P000042,Machaan93,2026-09-07T05:41:13.189604Z
AL000046,P000043,Sathya47,2026-09-07T05:41:13.189610Z
AL000047,P000043,Bhai19,2026-09-07T05:41:13.189614Z
AL000048,P000045,Bhai71,2026-09-07T05:41:13.189620Z
AL000049,P000045,Bommi98,2026-09-07T05:41:13.189624Z
AL000050,P000048,Bommi46,2026-09-07T05:41:13.189630Z
AL000051,P000048,Killer88,2026-09-07T05:41:13.189634Z
AL000052,P000048,Sathya52,2026-09-07T05:41:13.189639Z
AL000053,P000049,Chotta40,2026-09-07T05:41:13.189645Z
AL000054,P000049,Pickle48,2026-09-07T05:41:13.189648Z
AL000055,P000049,Dada94,2026-09-07T05:41:13.189653Z
AL000056,P000050,Rowdy25,2026-09-07T05:41:13.189658Z
AL000057,P000050,Machan56,2026-09-07T05:41:13.189663Z
AL000058,P000050,Chotta24,2026-09-07T05:41:13.189667Z
AL000059,P000051,Pattasu84,2026-09-07T05:41:13.189673Z
AL000060,P000051,Dada33,2026-09-07T05:41:13.189677Z
AL000061,P000051,Chotta84,2026-09-07T05:41:13.189682Z
AL000062,P000052,Bhai57,2026-09-07T05:41:13.189687Z
AL000063,P000053,Vikram97,2026-09-07T05:41:13.189693Z
AL000064,P000055,Raja21,2026-09-07T05:41:13.189700Z
AL000065,P000055,Thalapathi74,2026-09-07T05:41:13.189705Z
AL000066,P000055,Boss66,2026-09-07T05:41:13.189711Z
AL000067,P000060,Sathya35,2026-09-07T05:41:13.189718Z
AL000068,P000063,Blackie61,2026-09-07T05:41:13.189724Z
AL000069,P000063,Chotta43,2026-09-07T05:41:13.189729Z
AL000070,P000063,Thalapathi71,2026-09-07T05:41:13.189734Z
AL000071,P000064,Chotta80,2026-09-07T05:41:13.189739Z
AL000072,P000064,Killer74,2026-09-07T05:41:13.189743Z
AL000073,P000065,Bommi73,2026-09-07T05:41:13.189749Z
AL000074,P000065,Machan43,2026-09-07T05:41:13.189753Z
AL000075,P000065,Jacket68,2026-09-07T05:41:13.189758Z
AL000076,P000067,Rowdy25,2026-09-07T05:41:13.189763Z
AL000077,P000067,Bhai27,2026-09-07T05:41:13.189768Z
AL000078,P000069,Machaan53,2026-09-07T05:41:13.189775Z
AL000079,P000069,Vikram46,2026-09-07T05:41:13.189779Z
AL000080,P000069,Machan38,2026-09-07T05:41:13.189784Z
AL000081,P000072,Kuberan93,2026-09-07T05:41:13.189789Z
AL000082,P000072,Pattasu45,2026-09-07T05:41:13.189793Z
AL000083,P000072,Pattasu85,2026-09-07T05:41:13.189798Z
AL000084,P000073,Machan90,2026-09-07T05:41:13.189804Z
AL000085,P000073,Killer92,2026-09-07T05:41:13.189808Z
AL000086,P000073,Thalapathi22,2026-09-07T05:41:13.189814Z
AL000087,P000074,Vikram22,2026-09-07T05:41:13.189820Z
AL000088,P000074,Kuberan55,2026-09-07T05:41:13.189824Z
AL000089,P000074,Silk97,2026-09-07T05:41:13.189830Z
AL000090,P000076,Bommi63,2026-09-07T05:41:13.189835Z
AL000091,P000076,Pattasu13,2026-09-07T05:41:13.189845Z
AL000092,P000076,Sathya11,2026-09-07T05:41:13.189849Z
AL000093,P000078,Jacket17,2026-09-07T05:41:13.189855Z
AL000094,P000078,Bhai23,2026-09-07T05:41:13.189860Z
AL000095,P000078,Jacket41,2026-09-07T05:41:13.189865Z
AL000096,P000079,Pickle63,2026-09-07T05:41:13.189871Z
AL000097,P000080,Pickle38,2026-09-07T05:41:13.189877Z
AL000098,P000080,Machan27,2026-09-07T05:41:13.189881Z
AL000099,P000081,Vikram59,2026-09-07T05:41:13.189893Z
AL000100,P000082,Boss22,2026-09-07T05:41:13.189898Z
AL000101,P000082,Pickle48,2026-09-07T05:41:13.189902Z
AL000102,P000082,Pattasu73,2026-09-07T05:41:13.189907Z
AL000103,P000086,Machaan34,2026-09-07T05:41:13.189913Z
AL000104,P000086,Bhai47,2026-09-07T05:41:13.189917Z
AL000105,P000086,Vikram48,2026-09-07T05:41:13.189921Z
AL000106,P000087,Boss79,2026-09-07T05:41:13.189927Z
AL000107,P000087,Vikram36,2026-09-07T05:41:13.189931Z
AL000108,P000087,Pattasu20,2026-09-07T05:41:13.189936Z
AL000109,P000088,Dada75,2026-09-07T05:41:13.189941Z
AL000110,P000091,Bommi57,2026-09-07T05:41:13.189952Z
AL000111,P000092,Jacket16,2026-09-07T05:41:13.189957Z
AL000112,P000092,Machan91,2026-09-07T05:41:13.189961Z
AL000113,P000092,Boss34,2026-09-07T05:41:13.189965Z
AL000114,P000093,Machaan73,2026-09-07T05:41:13.189970Z
AL000115,P000093,Jacket69,2026-09-07T05:41:13.189974Z
AL000116,P000096,Killer85,2026-09-07T05:41:13.189980Z
AL000117,P000097,Jango24,2026-09-07T05:41:13.189986Z
AL000118,P000098,Jacket68,2026-09-07T05:41:13.189991Z
AL000119,P000098,Rowdy59,2026-09-07T05:41:13.189997Z
AL000120,P000098,Machaan60,2026-09-07T05:41:13.190001Z
AL000121,P000099,Sathya84,2026-09-07T05:41:13.190007Z
AL000122,P000100,Pattasu64,2026-09-07T05:41:13.190012Z
AL000123,P000100,Bommi10,2026-09-07T05:41:13.190016Z
AL000124,P000101,Bommi93,2026-09-07T05:41:13.190022Z
AL000125,P000101,Pattasu18,2026-09-07T05:41:13.190026Z
AL000126,P000101,Sathya14,2026-09-07T05:41:13.190030Z
AL000127,P000102,Jango24,2026-09-07T05:41:13.190036Z
AL000128,P000102,Bhai92,2026-09-07T05:41:13.190041Z
AL000129,P000103,Blackie20,2026-09-07T05:41:13.190047Z
AL000130,P000103,Machaan34,2026-09-07T05:41:13.190052Z
AL000131,P000104,Bommi39,2026-09-07T05:41:13.190059Z
AL000132,P000104,Bhai67,2026-09-07T05:41:13.190064Z
AL000133,P000105,Thalapathi29,2026-09-07T05:41:13.190070Z
AL000134,P000105,Kuberan67,2026-09-07T05:41:13.190074Z
AL000135,P000106,Jacket22,2026-09-07T05:41:13.190081Z
AL000136,P000106,Kuberan43,2026-09-07T05:41:13.190086Z
AL000137,P000107,Pickle26,2026-09-07T05:41:13.190092Z
AL000138,P000107,Pattasu49,2026-09-07T05:41:13.190095Z
AL000139,P000108,Dada36,2026-09-07T05:41:13.190101Z
AL000140,P000109,Kuberan33,2026-09-07T05:41:13.190107Z
AL000141,P000110,Dada40,2026-09-07T05:41:13.190113Z
AL000142,P000110,Bommi88,2026-09-07T05:41:13.190118Z
AL000143,P000110,Jango34,2026-09-07T05:41:13.190122Z
AL000144,P000112,Thalapathi88,2026-09-07T05:41:13.190128Z
AL000145,P000112,Pickle55,2026-09-07T05:41:13.190133Z
AL000146,P000112,Jacket65,2026-09-07T05:41:13.190137Z
AL000147,P000114,Thalapathi95,2026-09-07T05:41:13.190143Z
AL000148,P000114,Boss77,2026-09-07T05:41:13.190147Z
AL000149,P000114,Machaan84,2026-09-07T05:41:13.190151Z
AL000150,P000115,Blackie43,2026-09-07T05:41:13.190158Z
AL000151,P000115,Pickle77,2026-09-07T05:41:13.190162Z
AL000152,P000118,Vikram32,2026-09-07T05:41:13.190168Z
AL000153,P000118,Killer90,2026-09-07T05:41:13.190172Z
AL000154,P000119,Bhai21,2026-09-07T05:41:13.190177Z
AL000155,P000119,Raja55,2026-09-07T05:41:13.190187Z
AL000156,P000119,Sathya37,2026-09-07T05:41:13.190191Z
AL000157,P000120,Vikram17,2026-09-07T05:41:13.190197Z
AL000158,P000120,Dada20,2026-09-07T05:41:13.190202Z
AL000159,P000120,Rowdy63,2026-09-07T05:41:13.190210Z
AL000160,P000121,Dada16,2026-09-07T05:41:13.190217Z
AL000161,P000122,Chotta24,2026-09-07T05:41:13.190222Z
AL000162,P000122,Chotta97,2026-09-07T05:41:13.190226Z
AL000163,P000123,Boss89,2026-09-07T05:41:13.190233Z
AL000164,P000124,Vikram29,2026-09-07T05:41:13.190239Z
AL000165,P000125,Bhai54,2026-09-07T05:41:13.190246Z
AL000166,P000125,Killer71,2026-09-07T05:41:13.190250Z
AL000167,P000126,Bhai43,2026-09-07T05:41:13.190257Z
AL000168,P000126,Thalapathi63,2026-09-07T05:41:13.190261Z
AL000169,P000127,Bommi11,2026-09-07T05:41:13.190267Z
AL000170,P000127,Blackie91,2026-09-07T05:41:13.190272Z
AL000171,P000127,Killer83,2026-09-07T05:41:13.190277Z
AL000172,P000128,Jango81,2026-09-07T05:41:13.190283Z
AL000173,P000128,Machaan16,2026-09-07T05:41:13.190287Z
AL000174,P000130,Kuberan99,2026-09-07T05:41:13.190293Z
AL000175,P000130,Boss75,2026-09-07T05:41:13.190297Z
AL000176,P000130,Machaan53,2026-09-07T05:41:13.190301Z
AL000177,P000131,Sathya12,2026-09-07T05:41:13.190307Z
AL000178,P000131,Pattasu24,2026-09-07T05:41:13.190312Z
AL000179,P000132,Boss33,2026-09-07T05:41:13.190317Z
AL000180,P000132,Blackie12,2026-09-07T05:41:13.190321Z
AL000181,P000132,Kuberan49,2026-09-07T05:41:13.190326Z
AL000182,P000133,Dada98,2026-09-07T05:41:13.190332Z
AL000183,P000135,Bommi70,2026-09-07T05:41:13.190340Z
AL000184,P000135,Bhai85,2026-09-07T05:41:13.190344Z
AL000185,P000136,Raja45,2026-09-07T05:41:13.190351Z
AL000186,P000136,Pattasu28,2026-09-07T05:41:13.190355Z
AL000187,P000136,Kuberan79,2026-09-07T05:41:13.190360Z
AL000188,P000137,Bommi87,2026-09-07T05:41:13.190366Z
AL000189,P000137,Killer61,2026-09-07T05:41:13.190370Z
AL000190,P000137,Chotta23,2026-09-07T05:41:13.190374Z
AL000191,P000138,Killer79,2026-09-07T05:41:13.190380Z
AL000192,P000138,Sathya82,2026-09-07T05:41:13.190384Z
AL000193,P000138,Boss65,2026-09-07T05:41:13.190389Z
AL000194,P000145,Sathya60,2026-09-07T05:41:13.190397Z
AL000195,P000145,Bommi66,2026-09-07T05:41:13.190402Z
AL000196,P000145,Rowdy24,2026-09-07T05:41:13.190406Z
AL000197,P000146,Raja54,2026-09-07T05:41:13.190412Z
AL000198,P000146,Rowdy65,2026-09-07T05:41:13.190416Z
AL000199,P000147,Blackie40,2026-09-07T05:41:13.190422Z
AL000200,P000147,Boss28,2026-09-07T05:41:13.190426Z
AL000201,P000147,Rowdy44,2026-09-07T05:41:13.190431Z
AL000202,P000150,Pickle10,2026-09-07T05:41:13.190438Z
AL000203,P000150,Dada71,2026-09-07T05:41:13.190443Z
AL000204,P000150,Bommi58,2026-09-07T05:41:13.190447Z
AL000205,P000152,Pickle65,2026-09-07T05:41:13.190453Z
AL000206,P000154,Machan19,2026-09-07T05:41:13.190459Z
AL000207,P000154,Jacket92,2026-09-07T05:41:13.190463Z
AL000208,P000156,Jacket54,2026-09-07T05:41:13.190469Z
AL000209,P000159,Thalapathi99,2026-09-07T05:41:13.190480Z
AL000210,P000159,Jango33,2026-09-07T05:41:13.190484Z
AL000211,P000163,Bhai49,2026-09-07T05:41:13.190490Z
AL000212,P000164,Pattasu98,2026-09-07T05:41:13.190497Z
AL000213,P000164,Blackie14,2026-09-07T05:41:13.190503Z
AL000214,P000166,Silk61,2026-09-07T05:41:13.190510Z
AL000215,P000166,Jango82,2026-09-07T05:41:13.190515Z
AL000216,P000167,Silk76,2026-09-07T05:41:13.190520Z
AL000217,P000167,Boss25,2026-09-07T05:41:13.190525Z
AL000218,P000168,Dada55,2026-09-07T05:41:13.190531Z
AL000219,P000169,Dada37,2026-09-07T05:41:13.190537Z
AL000220,P000173,Thalapathi33,2026-09-07T05:41:13.190543Z
AL000221,P000173,Rowdy89,2026-09-07T05:41:13.190547Z
AL000222,P000173,Raja22,2026-09-07T05:41:13.190552Z
AL000223,P000179,Machaan54,2026-09-07T05:41:13.190558Z
AL000224,P000180,Dada69,2026-09-07T05:41:13.190564Z
AL000225,P000181,Blackie21,2026-09-07T05:41:13.190570Z
AL000226,P000181,Pickle54,2026-09-07T05:41:13.190577Z
AL000227,P000185,Machaan45,2026-09-07T05:41:13.190583Z
AL000228,P000185,Sathya84,2026-09-07T05:41:13.190587Z
AL000229,P000187,Boss39,2026-09-07T05:41:13.190593Z
AL000230,P000187,Machan89,2026-09-07T05:41:13.190598Z
AL000231,P000188,Chotta35,2026-09-07T05:41:13.190619Z
AL000232,P000188,Jango44,2026-09-07T05:41:13.190624Z
AL000233,P000188,Vikram42,2026-09-07T05:41:13.190628Z
AL000234,P000189,Thalapathi93,2026-09-07T05:41:13.190637Z
AL000235,P000189,Silk65,2026-09-07T05:41:13.190642Z
AL000236,P000189,Jacket61,2026-09-07T05:41:13.190646Z
AL000237,P000190,Bommi28,2026-09-07T05:41:13.190652Z
AL000238,P000190,Raja57,2026-09-07T05:41:13.190657Z
AL000239,P000190,Kuberan86,2026-09-07T05:41:13.190661Z
AL000240,P000192,Dada56,2026-09-07T05:41:13.190667Z
AL000241,P000197,Sathya90,2026-09-07T05:41:13.190674Z
AL000242,P000197,Machaan59,2026-09-07T05:41:13.190678Z
AL000243,P000198,Bommi26,2026-09-07T05:41:13.190684Z
AL000244,P000198,Jango74,2026-09-07T05:41:13.190688Z
AL000245,P000199,Bhai82,2026-09-07T05:41:13.190695Z
AL000246,P000200,Raja10,2026-09-07T05:41:13.190700Z
AL000247,P000200,Pickle53,2026-09-07T05:41:13.190705Z
AL000248,P000201,Silk19,2026-09-07T05:41:13.190711Z
AL000249,P000201,Bommi17,2026-09-07T05:41:13.190716Z
AL000250,P000202,Blackie63,2026-09-07T05:41:13.190721Z
AL000251,P000204,Machan45,2026-09-07T05:41:13.190728Z
AL000252,P000205,Ravi17,2026-09-07T05:41:13.190734Z
AL000253,P000205,Chinna44,2026-09-07T05:41:13.190739Z
AL000254,P000205,Kuttappa61,2026-09-07T05:41:13.190743Z
AL000255,P000206,Ravi53,2026-09-07T05:41:13.190749Z
AL000256,P000207,Bala60,2026-09-07T05:41:13.190755Z
AL000257,P000207,Pinky44,2026-09-07T05:41:13.190761Z
AL000258,P000207,Motta60,2026-09-07T05:41:13.190767Z
AL000259,P000208,Kuttappa10,2026-09-07T05:41:13.190773Z
AL000260,P000208,Surya26,2026-09-07T05:41:13.190778Z
AL000261,P000208,Surya56,2026-09-07T05:41:13.190784Z
AL000262,P000209,Sunny51,2026-09-07T05:41:13.190790Z
AL000263,P000209,Manja26,2026-09-07T05:41:13.190795Z
AL000264,P000209,Bala52,2026-09-07T05:41:13.190799Z
AL000265,P000210,Thumbi21,2026-09-07T05:41:13.190806Z
AL000266,P000210,Pinky91,2026-09-07T05:41:13.190813Z
AL000267,P000211,Bala99,2026-09-07T05:41:13.190819Z
AL000268,P000211,Bala93,2026-09-07T05:41:13.190823Z
AL000269,P000212,Motta59,2026-09-07T05:41:13.190829Z
AL000270,P000212,Kuttappa13,2026-09-07T05:41:13.190835Z
AL000271,P000218,Ravi90,2026-09-07T05:41:13.190841Z
AL000272,P000219,Thumbi23,2026-09-07T05:41:13.190847Z
AL000273,P000219,Kuttappa28,2026-09-07T05:41:13.190851Z
AL000274,P000220,Pinky88,2026-09-07T05:41:13.190857Z
AL000275,P000222,Chinna88,2026-09-07T05:41:13.190863Z
AL000276,P000222,Bala44,2026-09-07T05:41:13.190868Z
AL000277,P000224,Manja25,2026-09-07T05:41:13.190874Z
AL000278,P000224,Sunny87,2026-09-07T05:41:13.190879Z
AL000279,P000226,Pinky12,2026-09-07T05:41:13.190884Z
AL000280,P000226,Kuttappa20,2026-09-07T05:41:13.190889Z
AL000281,P000227,Pinky39,2026-09-07T05:41:13.190895Z
AL000282,P000227,Manja37,2026-09-07T05:41:13.190899Z
AL000283,P000228,Chinna62,2026-09-07T05:41:13.190905Z
AL000284,P000233,Chinna81,2026-09-07T05:41:13.190911Z
AL000285,P000233,Sunny30,2026-09-07T05:41:13.190915Z
AL000286,P000234,Pinky53,2026-09-07T05:41:13.190921Z
AL000287,P000234,Bala63,2026-09-07T05:41:13.190926Z
AL000288,P000235,Pinky34,2026-09-07T05:41:13.190931Z
AL000289,P000235,Kutti39,2026-09-07T05:41:13.190938Z
AL000290,P000235,Bala35,2026-09-07T05:41:13.190944Z
AL000291,P000237,Kuttappa50,2026-09-07T05:41:13.190950Z
AL000292,P000238,Kuttappa87,2026-09-07T05:41:13.190956Z
AL000293,P000239,Thumbi77,2026-09-07T05:41:13.190962Z
AL000294,P000239,Bala58,2026-09-07T05:41:13.190967Z
AL000295,P000239,Pinky58,2026-09-07T05:41:13.190972Z
AL000296,P000240,Chinna73,2026-09-07T05:41:13.190977Z
AL000297,P000240,Ravi47,2026-09-07T05:41:13.190982Z
AL000298,P000244,Manja99,2026-09-07T05:41:13.190988Z
AL000299,P000244,Sunny90,2026-09-07T05:41:13.190993Z
AL000300,P000245,Velu32,2026-09-07T05:41:13.190998Z
AL000301,P000245,Sunny68,2026-09-07T05:41:13.191003Z
AL000302,P000245,Ravi10,2026-09-07T05:41:13.191008Z
AL000303,P000246,Sunny77,2026-09-07T05:41:13.191014Z
AL000304,P000247,Bala74,2026-09-07T05:41:13.191020Z
AL000305,P000247,Motta84,2026-09-07T05:41:13.191024Z
AL000306,P000247,Chinna30,2026-09-07T05:41:13.191030Z
AL000307,P000251,Sunny33,2026-09-07T05:41:13.191036Z
AL000308,P000251,Bala35,2026-09-07T05:41:13.191040Z
AL000309,P000251,Motta27,2026-09-07T05:41:13.191045Z
AL000310,P000252,Chinna34,2026-09-07T05:41:13.191052Z
AL000311,P000252,Sunny34,2026-09-07T05:41:13.191056Z
AL000312,P000253,Motta84,2026-09-07T05:41:13.191062Z
AL000313,P000254,Bala21,2026-09-07T05:41:13.191069Z
AL000314,P000254,Ravi45,2026-09-07T05:41:13.191073Z
AL000315,P000255,Velu59,2026-09-07T05:41:13.191081Z
AL000316,P000257,Kuttappa87,2026-09-07T05:41:13.191087Z
AL000317,P000257,Thumbi91,2026-09-07T05:41:13.191093Z
AL000318,P000258,Surya93,2026-09-07T05:41:13.191099Z
AL000319,P000258,Thumbi51,2026-09-07T05:41:13.191104Z
AL000320,P000258,Pinky55,2026-09-07T05:41:13.191108Z
AL000321,P000261,Motta77,2026-09-07T05:41:13.191116Z
AL000322,P000261,Sunny56,2026-09-07T05:41:13.191120Z
AL000323,P000261,Chinna38,2026-09-07T05:41:13.191125Z
AL000324,P000262,Thumbi12,2026-09-07T05:41:13.191132Z
AL000325,P000263,Kutti10,2026-09-07T05:41:13.191137Z
AL000326,P000263,Sunny57,2026-09-07T05:41:13.191142Z
AL000327,P000263,Ravi89,2026-09-07T05:41:13.191147Z
AL000328,P000265,Kutti21,2026-09-07T05:41:13.191152Z
AL000329,P000265,Surya14,2026-09-07T05:41:13.191157Z
AL000330,P000266,Kutti55,2026-09-07T05:41:13.191163Z
AL000331,P000266,Manja65,2026-09-07T05:41:13.191167Z
AL000332,P000266,Kutti11,2026-09-07T05:41:13.191171Z
AL000333,P000269,Motta69,2026-09-07T05:41:13.191177Z
AL000334,P000269,Surya47,2026-09-07T05:41:13.191182Z
AL000335,P000269,Sunny12,2026-09-07T05:41:13.191186Z
AL000336,P000270,Velu36,2026-09-07T05:41:13.191192Z
AL000337,P000272,Pinky41,2026-09-07T05:41:13.191198Z
AL000338,P000272,Pinky93,2026-09-07T05:41:13.191202Z
AL000339,P000275,Kutti42,2026-09-07T05:41:13.191208Z
AL000340,P000276,Chinna97,2026-09-07T05:41:13.191214Z
AL000341,P000278,Ravi95,2026-09-07T05:41:13.191220Z
AL000342,P000278,Pinky55,2026-09-07T05:41:13.191224Z
AL000343,P000278,Chinna94,2026-09-07T05:41:13.191229Z
AL000344,P000279,Sunny49,2026-09-07T05:41:13.191235Z
AL000345,P000279,Pinky52,2026-09-07T05:41:13.191239Z
AL000346,P000279,Manja87,2026-09-07T05:41:13.191249Z
AL000347,P000282,Thumbi74,2026-09-07T05:41:13.191255Z
AL000348,P000282,Velu54,2026-09-07T05:41:13.191260Z
AL000349,P000284,Velu28,2026-09-07T05:41:13.191266Z
AL000350,P000285,Kuttappa46,2026-09-07T05:41:13.191271Z
AL000351,P000285,Thumbi94,2026-09-07T05:41:13.191276Z
AL000352,P000286,Bala17,2026-09-07T05:41:13.191282Z
AL000353,P000286,Sunny96,2026-09-07T05:41:13.191289Z
AL000354,P000287,Thumbi32,2026-09-07T05:41:13.191296Z
AL000355,P000287,Manja55,2026-09-07T05:41:13.191301Z
AL000356,P000288,Pinky69,2026-09-07T05:41:13.191307Z
AL000357,P000288,Chinna80,2026-09-07T05:41:13.191312Z
AL000358,P000291,Sunny31,2026-09-07T05:41:13.191317Z
AL000359,P000291,Bala80,2026-09-07T05:41:13.191322Z
AL000360,P000291,Manja62,2026-09-07T05:41:13.191326Z
AL000361,P000292,Velu21,2026-09-07T05:41:13.191333Z
AL000362,P000294,Chinna65,2026-09-07T05:41:13.191338Z
AL000363,P000294,Bala56,2026-09-07T05:41:13.191343Z
AL000364,P000297,Surya70,2026-09-07T05:41:13.191353Z
AL000365,P000297,Ravi38,2026-09-07T05:41:13.191358Z
AL000366,P000298,Pinky79,2026-09-07T05:41:13.191364Z
AL000367,P000298,Thumbi92,2026-09-07T05:41:13.191369Z
AL000368,P000298,Kuttappa69,2026-09-07T05:41:13.191373Z
AL000369,P000299,Velu63,2026-09-07T05:41:13.191379Z
AL000370,P000299,Sunny96,2026-09-07T05:41:13.191383Z
AL000371,P000300,Bala94,2026-09-07T05:41:13.191389Z
AL000372,P000302,Pinky35,2026-09-07T05:41:13.191395Z
AL000373,P000304,Bala54,2026-09-07T05:41:13.191401Z
AL000374,P000304,Ravi33,2026-09-07T05:41:13.191408Z
AL000375,P000305,Sunny39,2026-09-07T05:41:13.191413Z
AL000376,P000305,Pinky19,2026-09-07T05:41:13.191418Z
AL000377,P000306,Pinky53,2026-09-07T05:41:13.191424Z
AL000378,P000306,Surya15,2026-09-07T05:41:13.191428Z
AL000379,P000306,Thumbi29,2026-09-07T05:41:13.191433Z
AL000380,P000307,Chinna85,2026-09-07T05:41:13.191439Z
AL000381,P000307,Motta26,2026-09-07T05:41:13.191443Z
AL000382,P000310,Pinky74,2026-09-07T05:41:13.191449Z
AL000383,P000310,Surya54,2026-09-07T05:41:13.191453Z
AL000384,P000310,Thumbi97,2026-09-07T05:41:13.191458Z
AL000385,P000312,Chinna85,2026-09-07T05:41:13.191466Z
AL000386,P000312,Pinky25,2026-09-07T05:41:13.191470Z
AL000387,P000315,Thumbi62,2026-09-07T05:41:13.191477Z
AL000388,P000317,Manja32,2026-09-07T05:41:13.191483Z
AL000389,P000318,Sunny30,2026-09-07T05:41:13.191489Z
AL000390,P000321,Ravi28,2026-09-07T05:41:13.191495Z
AL000391,P000321,Ravi47,2026-09-07T05:41:13.191498Z
AL000392,P000324,Bala21,2026-09-07T05:41:13.191502Z
AL000393,P000324,Ravi72,2026-09-07T05:41:13.191505Z
AL000394,P000324,Kuttappa54,2026-09-07T05:41:13.191508Z
AL000395,P000325,Kutti97,2026-09-07T05:41:13.191512Z
AL000396,P000325,Chinna81,2026-09-07T05:41:13.191515Z
AL000397,P000325,Thumbi89,2026-09-07T05:41:13.191518Z
AL000398,P000326,Sunny16,2026-09-07T05:41:13.191522Z
AL000399,P000326,Thumbi90,2026-09-07T05:41:13.191524Z
AL000400,P000327,Manja95,2026-09-07T05:41:13.191528Z
AL000401,P000327,Motta20,2026-09-07T05:41:13.191533Z
AL000402,P000327,Sunny33,2026-09-07T05:41:13.191537Z
AL000403,P000329,Kutti13,2026-09-07T05:41:13.191541Z
AL000404,P000330,Kuttappa56,2026-09-07T05:41:13.191544Z
AL000405,P000331,Surya32,2026-09-07T05:41:13.191548Z
AL000406,P000332,Chinna66,2026-09-07T05:41:13.191551Z
AL000407,P000334,Surya95,2026-09-07T05:41:13.191555Z
AL000408,P000334,Chinna67,2026-09-07T05:41:13.191558Z
AL000409,P000334,Motta20,2026-09-07T05:41:13.191561Z
AL000410,P000337,Sunny30,2026-09-07T05:41:13.191564Z
AL000411,P000337,Surya88,2026-09-07T05:41:13.191567Z
AL000412,P000338,Kuttappa38,2026-09-07T05:41:13.191571Z
AL000413,P000338,Kutti23,2026-09-07T05:41:13.191574Z
AL000414,P000339,Kuttappa11,2026-09-07T05:41:13.191577Z
AL000415,P000339,Kutti76,2026-09-07T05:41:13.191582Z
AL000416,P000339,Kutti97,2026-09-07T05:41:13.191585Z
AL000417,P000342,Motta68,2026-09-07T05:41:13.191590Z
AL000418,P000342,Chinna92,2026-09-07T05:41:13.191593Z
AL000419,P000346,Thumbi65,2026-09-07T05:41:13.191597Z
AL000420,P000346,Motta28,2026-09-07T05:41:13.191600Z
AL000421,P000347,Sunny43,2026-09-07T05:41:13.191603Z
AL000422,P000349,Sunny71,2026-09-07T05:41:13.191608Z
AL000423,P000350,Surya58,2026-09-07T05:41:13.191611Z
AL000424,P000350,Kutti73,2026-09-07T05:41:13.191614Z
AL000425,P000350,Manja77,2026-09-07T05:41:13.191617Z
AL000426,P000356,Kutti70,2026-09-07T05:41:13.191621Z
AL000427,P000357,Pinky56,2026-09-07T05:41:13.191624Z
AL000428,P000357,Manja91,2026-09-07T05:41:13.191627Z
AL000429,P000358,Velu23,2026-09-07T05:41:13.191630Z
AL000430,P000358,Pinky54,2026-09-07T05:41:13.191638Z
AL000431,P000359,Velu10,2026-09-07T05:41:13.191642Z
AL000432,P000359,Sunny31,2026-09-07T05:41:13.191645Z
AL000433,P000359,Bala88,2026-09-07T05:41:13.191648Z
AL000434,P000360,Kutti84,2026-09-07T05:41:13.191651Z
AL000435,P000362,Bala28,2026-09-07T05:41:13.191655Z
AL000436,P000363,Ravi35,2026-09-07T05:41:13.191658Z
AL000437,P000363,Surya20,2026-09-07T05:41:13.191661Z
AL000438,P000364,Ravi72,2026-09-07T05:41:13.191665Z
AL000439,P000365,Surya52,2026-09-07T05:41:13.191669Z
AL000440,P000365,Velu42,2026-09-07T05:41:13.191671Z
AL000441,P000367,Motta60,2026-09-07T05:41:13.191676Z
AL000442,P000367,Chinna78,2026-09-07T05:41:13.191678Z
AL000443,P000368,Ravi52,2026-09-07T05:41:13.191682Z
AL000444,P000368,Sunny41,2026-09-07T05:41:13.191685Z
AL000445,P000369,Chinna71,2026-09-07T05:41:13.191689Z
AL000446,P000370,Pinky33,2026-09-07T05:41:13.191692Z
AL000447,P000370,Bala85,2026-09-07T05:41:13.191695Z
AL000448,P000370,Chinna71,2026-09-07T05:41:13.191702Z
AL000449,P000372,Kuttappa66,2026-09-07T05:41:13.191706Z
AL000450,P000372,Sunny49,2026-09-07T05:41:13.191709Z
AL000451,P000372,Velu70,2026-09-07T05:41:13.191711Z
AL000452,P000375,Velu10,2026-09-07T05:41:13.191715Z
AL000453,P000376,Ravi79,2026-09-07T05:41:13.191719Z
AL000454,P000376,Bala25,2026-09-07T05:41:13.191721Z
AL000455,P000377,Bala13,2026-09-07T05:41:13.191725Z
AL000456,P000377,Chinna89,2026-09-07T05:41:13.191728Z
AL000457,P000377,Thumbi58,2026-09-07T05:41:13.191731Z
AL000458,P000378,Kuttappa31,2026-09-07T05:41:13.191739Z
AL000459,P000379,Chinna93,2026-09-07T05:41:13.191743Z
AL000460,P000379,Chinna71,2026-09-07T05:41:13.191746Z
AL000461,P000381,Ravi43,2026-09-07T05:41:13.191750Z
AL000462,P000383,Surya17,2026-09-07T05:41:13.191754Z
AL000463,P000383,Surya45,2026-09-07T05:41:13.191758Z
AL000464,P000383,Sunny72,2026-09-07T05:41:13.191761Z
AL000465,P000384,Manja94,2026-09-07T05:41:13.191765Z
AL000466,P000386,Chinna32,2026-09-07T05:41:13.191768Z
AL000467,P000386,Pinky73,2026-09-07T05:41:13.191771Z
AL000468,P000386,Thumbi74,2026-09-07T05:41:13.191774Z
AL000469,P000389,Ravi44,2026-09-07T05:41:13.191778Z
AL000470,P000389,Surya82,2026-09-07T05:41:13.191781Z
AL000471,P000389,Kutti32,2026-09-07T05:41:13.191784Z
AL000472,P000391,Manja77,2026-09-07T05:41:13.191787Z
AL000473,P000392,Sunny51,2026-09-07T05:41:13.191791Z
AL000474,P000392,Surya26,2026-09-07T05:41:13.191794Z
AL000475,P000393,Surya91,2026-09-07T05:41:13.191797Z
AL000476,P000393,Velu98,2026-09-07T05:41:13.191800Z
AL000477,P000393,Kutti32,2026-09-07T05:41:13.191802Z
AL000478,P000394,Kutti99,2026-09-07T05:41:13.191806Z
AL000479,P000395,Velu88,2026-09-07T05:41:13.191810Z
AL000480,P000395,Velu26,2026-09-07T05:41:13.191814Z
AL000481,P000395,Motta84,2026-09-07T05:41:13.191817Z
AL000482,P000397,Bala80,2026-09-07T05:41:13.191820Z
AL000483,P000397,Bala80,2026-09-07T05:41:13.191823Z
AL000484,P000397,Thumbi21,2026-09-07T05:41:13.191826Z
AL000485,P000399,Pinky86,2026-09-07T05:41:13.191830Z
AL000486,P000401,Sunny97,2026-09-07T05:41:13.191833Z
AL000487,P000401,Kutti76,2026-09-07T05:41:13.191836Z
AL000488,P000401,Kutti97,2026-09-07T05:41:13.191851Z
AL000489,P000406,Sunny52,2026-09-07T05:41:13.191855Z
AL000490,P000406,Surya43,2026-09-07T05:41:13.191858Z
AL000491,P000406,Ravi49,2026-09-07T05:41:13.191861Z
AL000492,P000407,Kutti58,2026-09-07T05:41:13.191865Z
AL000493,P000407,Kuttappa98,2026-09-07T05:41:13.191868Z
AL000494,P000408,Velu14,2026-09-07T05:41:13.191871Z
AL000495,P000408,Motta75,2026-09-07T05:41:13.191874Z
AL000496,P000408,Chinna73,2026-09-07T05:41:13.191877Z
AL000497,P000411,Bala85,2026-09-07T05:41:13.191881Z
AL000498,P000411,Kuttappa22,2026-09-07T05:41:13.191884Z
AL000499,P000411,Sunny51,2026-09-07T05:41:13.191886Z
AL000500,P000412,Thumbi33,2026-09-07T05:41:13.191890Z
AL000501,P000412,Surya42,2026-09-07T05:41:13.191893Z
AL000502,P000412,Bala69,2026-09-07T05:41:13.191896Z
AL000503,P000415,Chinna77,2026-09-07T05:41:13.191900Z
AL000504,P000417,Thumbi82,2026-09-07T05:41:13.191904Z
AL000505,P000417,Pinky74,2026-09-07T05:41:13.191907Z
AL000506,P000418,Kuttappa49,2026-09-07T05:41:13.191910Z
AL000507,P000418,Surya76,2026-09-07T05:41:13.191913Z
AL000508,P000422,Velu55,2026-09-07T05:41:13.191917Z
AL000509,P000422,Bala43,2026-09-07T05:41:13.191920Z
AL000510,P000423,Sunny17,2026-09-07T05:41:13.191925Z
AL000511,P000423,Chinna54,2026-09-07T05:41:13.191928Z
AL000512,P000423,Manja59,2026-09-07T05:41:13.191935Z
AL000513,P000427,Thumbi88,2026-09-07T05:41:13.191939Z
AL000514,P000430,Bala15,2026-09-07T05:41:13.191942Z
AL000515,P000433,Ravi65,2026-09-07T05:41:13.191951Z
AL000516,P000433,Manja52,2026-09-07T05:41:13.191954Z
AL000517,P000434,Sunny84,2026-09-07T05:41:13.191958Z
AL000518,P000437,Ravi54,2026-09-07T05:41:13.191961Z
AL000519,P000440,Bala28,2026-09-07T05:41:13.191965Z
AL000520,P000441,Kuttappa33,2026-09-07T05:41:13.191969Z
AL000521,P000441,Manja47,2026-09-07T05:41:13.191971Z
AL000522,P000441,Bala87,2026-09-07T05:41:13.191975Z
AL000523,P000442,Bala12,2026-09-07T05:41:13.191979Z
AL000524,P000444,Surya65,2026-09-07T05:41:13.191983Z
AL000525,P000444,Kuttappa25,2026-09-07T05:41:13.191986Z
AL000526,P000444,Manja93,2026-09-07T05:41:13.191988Z
AL000527,P000625,Rocky,2026-09-07T05:41:13.219358Z
