id,evidence_id,handled_by,action,occurred_at
COC000001,EV000001,OF000002,COLLECTED,2024-02-04T13:31:08Z
COC000002,EV000001,OF000003,SEALED,2024-02-04T19:31:08Z
COC000003,EV000001,OF000007,TRANSFERRED,2024-02-05T13:31:08Z
COC000004,EV000001,OF000003,RECEIVED_IN_VAULT,2024-02-06T13:31:08Z
COC000005,EV000001,OF000003,VERIFIED,2024-02-07T13:31:08Z
COC000006,EV000002,OF000007,COLLECTED,2024-02-29T02:05:06Z
COC000007,EV000002,OF000007,SEALED,2024-02-29T08:05:06Z
COC000008,EV000002,OF000001,TRANSFERRED,2024-03-01T02:05:06Z
COC000009,EV000002,OF000004,RECEIVED_IN_VAULT,2024-03-02T02:05:06Z
COC000010,EV000002,OF000004,VERIFIED,2024-03-03T02:05:06Z
COC000011,EV000003,OF000001,COLLECTED,2024-06-12T22:29:04Z
COC000012,EV000003,OF000001,SEALED,2024-06-13T04:29:04Z
COC000013,EV000003,OF000006,TRANSFERRED,2024-06-13T22:29:04Z
COC000014,EV000003,OF000006,RECEIVED_IN_VAULT,2024-06-14T22:29:04Z
COC000015,EV000003,OF000008,VERIFIED,2024-06-15T22:29:04Z
COC000016,EV000004,OF000007,COLLECTED,2026-07-06T14:11:21Z
COC000017,EV000004,OF000005,SEALED,2026-07-06T20:11:21Z
COC000018,EV000004,OF000008,TRANSFERRED,2026-07-07T14:11:21Z
COC000019,EV000004,OF000004,RECEIVED_IN_VAULT,2026-07-08T14:11:21Z
COC000020,EV000004,OF000006,VERIFIED,2026-07-09T14:11:21Z
COC000021,EV000005,OF000006,COLLECTED,2025-12-27T01:56:54Z
COC000022,EV000005,OF000006,SEALED,2025-12-27T07:56:54Z
COC000023,EV000005,OF000001,TRANSFERRED,2025-12-28T01:56:54Z
COC000024,EV000005,OF000002,RECEIVED_IN_VAULT,2025-12-29T01:56:54Z
COC000025,EV000005,OF000008,VERIFIED,2025-12-30T01:56:54Z
COC000026,EV000006,OF000006,COLLECTED,2026-04-15T15:51:54Z
COC000027,EV000006,OF000001,SEALED,2026-04-15T21:51:54Z
COC000028,EV000006,OF000006,TRANSFERRED,2026-04-16T15:51:54Z
COC000029,EV000006,OF000004,RECEIVED_IN_VAULT,2026-04-17T15:51:54Z
COC000030,EV000006,OF000001,VERIFIED,2026-04-18T15:51:54Z
COC000031,EV000008,OF000008,COLLECTED,2025-09-18T01:11:02Z
COC000032,EV000008,OF000003,SEALED,2025-09-18T07:11:02Z
COC000033,EV000008,OF000007,TRANSFERRED,2025-09-19T01:11:02Z
COC000034,EV000008,OF000007,RECEIVED_IN_VAULT,2025-09-20T01:11:02Z
COC000035,EV000008,OF000005,VERIFIED,2025-09-21T01:11:02Z
COC000036,EV000009,OF000005,COLLECTED,2024-08-18T18:16:29Z
COC000037,EV000009,OF000002,SEALED,2024-08-19T00:16:29Z
COC000038,EV000009,OF000004,TRANSFERRED,2024-08-19T18:16:29Z
COC000039,EV000009,OF000003,RECEIVED_IN_VAULT,2024-08-20T18:16:29Z
COC000040,EV000009,OF000006,VERIFIED,2024-08-21T18:16:29Z
COC000041,EV000010,OF000007,COLLECTED,2025-07-22T15:40:36Z
COC000042,EV000010,OF000003,SEALED,2025-07-22T21:40:36Z
COC000043,EV000010,OF000005,TRANSFERRED,2025-07-23T15:40:36Z
COC000044,EV000010,OF000003,RECEIVED_IN_VAULT,2025-07-24T15:40:36Z
COC000045,EV000010,OF000002,VERIFIED,2025-07-25T15:40:36Z
COC000046,EV000011,OF000004,COLLECTED,2026-06-13T09:07:28Z
COC000047,EV000011,OF000008,SEALED,2026-06-13T15:07:28Z
COC000048,EV000011,OF000002,TRANSFERRED,2026-06-14T09:07:28Z
COC000049,EV000011,OF000005,RECEIVED_IN_VAULT,2026-06-15T09:07:28Z
COC000050,EV000011,OF000002,VERIFIED,2026-06-16T09:07:28Z
COC000051,EV000012,OF000008,COLLECTED,2024-05-03T16:34:05Z
COC000052,EV000012,OF000004,SEALED,2024-05-03T22:34:05Z
COC000053,EV000012,OF000008,TRANSFERRED,2024-05-04T16:34:05Z
COC000054,EV000012,OF000007,RECEIVED_IN_VAULT,2024-05-05T16:34:05Z
COC000055,EV000012,OF000005,VERIFIED,2024-05-06T16:34:05Z
COC000056,EV000014,OF000001,COLLECTED,2026-03-15T06:56:13Z
COC000057,EV000014,OF000005,SEALED,2026-03-15T12:56:13Z
COC000058,EV000014,OF000008,TRANSFERRED,2026-03-16T06:56:13Z
COC000059,EV000014,OF000007,RECEIVED_IN_VAULT,2026-03-17T06:56:13Z
COC000060,EV000014,OF000001,VERIFIED,2026-03-18T06:56:13Z
COC000061,EV000015,OF000008,COLLECTED,2025-11-26T09:22:58Z
COC000062,EV000015,OF000005,SEALED,2025-11-26T15:22:58Z
COC000063,EV000015,OF000007,TRANSFERRED,2025-11-27T09:22:58Z
COC000064,EV000015,OF000004,RECEIVED_IN_VAULT,2025-11-28T09:22:58Z
COC000065,EV000015,OF000008,VERIFIED,2025-11-29T09:22:58Z
COC000066,EV000016,OF000003,COLLECTED,2024-10-01T18:52:20Z
COC000067,EV000016,OF000006,SEALED,2024-10-02T00:52:20Z
COC000068,EV000016,OF000004,TRANSFERRED,2024-10-02T18:52:20Z
COC000069,EV000016,OF000005,RECEIVED_IN_VAULT,2024-10-03T18:52:20Z
COC000070,EV000016,OF000006,VERIFIED,2024-10-04T18:52:20Z
COC000071,EV000017,OF000005,COLLECTED,2026-01-28T15:59:01Z
COC000072,EV000017,OF000005,SEALED,2026-01-28T21:59:01Z
COC000073,EV000017,OF000001,TRANSFERRED,2026-01-29T15:59:01Z
COC000074,EV000017,OF000005,RECEIVED_IN_VAULT,2026-01-30T15:59:01Z
COC000075,EV000017,OF000008,VERIFIED,2026-01-31T15:59:01Z
COC000076,EV000018,OF000006,COLLECTED,2025-04-27T00:51:11Z
COC000077,EV000018,OF000004,SEALED,2025-04-27T06:51:11Z
COC000078,EV000018,OF000006,TRANSFERRED,2025-04-28T00:51:11Z
COC000079,EV000018,OF000002,RECEIVED_IN_VAULT,2025-04-29T00:51:11Z
COC000080,EV000018,OF000002,VERIFIED,2025-04-30T00:51:11Z
COC000081,EV000019,OF000004,COLLECTED,2024-09-15T07:23:57Z
COC000082,EV000019,OF000002,SEALED,2024-09-15T13:23:57Z
COC000083,EV000019,OF000004,TRANSFERRED,2024-09-16T07:23:57Z
COC000084,EV000019,OF000008,RECEIVED_IN_VAULT,2024-09-17T07:23:57Z
COC000085,EV000019,OF000006,VERIFIED,2024-09-18T07:23:57Z
COC000086,EV000020,OF000008,COLLECTED,2025-09-20T16:28:48Z
COC000087,EV000020,OF000002,SEALED,2025-09-20T22:28:48Z
COC000088,EV000020,OF000001,TRANSFERRED,2025-09-21T16:28:48Z
COC000089,EV000020,OF000002,RECEIVED_IN_VAULT,2025-09-22T16:28:48Z
COC000090,EV000020,OF000006,VERIFIED,2025-09-23T16:28:48Z
COC000091,EV000022,OF000003,COLLECTED,2026-08-15T12:50:58Z
COC000092,EV000022,OF000007,SEALED,2026-08-15T18:50:58Z
COC000093,EV000022,OF000006,TRANSFERRED,2026-08-16T12:50:58Z
COC000094,EV000022,OF000003,RECEIVED_IN_VAULT,2026-08-17T12:50:58Z
COC000095,EV000022,OF000004,VERIFIED,2026-08-18T12:50:58Z
COC000096,EV000023,OF000006,COLLECTED,2025-03-23T13:13:36Z
COC000097,EV000023,OF000002,SEALED,2025-03-23T19:13:36Z
COC000098,EV000023,OF000008,TRANSFERRED,2025-03-24T13:13:36Z
COC000099,EV000023,OF000007,RECEIVED_IN_VAULT,2025-03-25T13:13:36Z
COC000100,EV000023,OF000008,VERIFIED,2025-03-26T13:13:36Z
COC000101,EV000024,OF000005,COLLECTED,2024-03-28T00:54:48Z
COC000102,EV000024,OF000001,SEALED,2024-03-28T06:54:48Z
COC000103,EV000024,OF000006,TRANSFERRED,2024-03-29T00:54:48Z
COC000104,EV000024,OF000002,RECEIVED_IN_VAULT,2024-03-30T00:54:48Z
COC000105,EV000024,OF000005,VERIFIED,2024-03-31T00:54:48Z
COC000106,EV000025,OF000004,COLLECTED,2025-11-04T18:31:50Z
COC000107,EV000025,OF000004,SEALED,2025-11-05T00:31:50Z
COC000108,EV000025,OF000002,TRANSFERRED,2025-11-05T18:31:50Z
COC000109,EV000025,OF000002,RECEIVED_IN_VAULT,2025-11-06T18:31:50Z
COC000110,EV000025,OF000008,VERIFIED,2025-11-07T18:31:50Z
COC000111,EV000026,OF000002,COLLECTED,2025-12-05T01:59:12Z
COC000112,EV000026,OF000002,SEALED,2025-12-05T07:59:12Z
COC000113,EV000026,OF000001,TRANSFERRED,2025-12-06T01:59:12Z
COC000114,EV000026,OF000008,RECEIVED_IN_VAULT,2025-12-07T01:59:12Z
COC000115,EV000026,OF000007,VERIFIED,2025-12-08T01:59:12Z
COC000116,EV000028,OF000006,COLLECTED,2026-07-23T03:40:30Z
COC000117,EV000028,OF000002,SEALED,2026-07-23T09:40:30Z
COC000118,EV000028,OF000001,TRANSFERRED,2026-07-24T03:40:30Z
COC000119,EV000028,OF000004,RECEIVED_IN_VAULT,2026-07-25T03:40:30Z
COC000120,EV000028,OF000006,VERIFIED,2026-07-26T03:40:30Z
COC000121,EV000029,OF000001,COLLECTED,2024-04-09T12:15:19Z
COC000122,EV000029,OF000001,SEALED,2024-04-09T18:15:19Z
COC000123,EV000029,OF000008,TRANSFERRED,2024-04-10T12:15:19Z
COC000124,EV000029,OF000004,RECEIVED_IN_VAULT,2024-04-11T12:15:19Z
COC000125,EV000029,OF000001,VERIFIED,2024-04-12T12:15:19Z
COC000126,EV000030,OF000006,COLLECTED,2025-03-05T06:53:25Z
COC000127,EV000030,OF000003,SEALED,2025-03-05T12:53:25Z
COC000128,EV000030,OF000007,TRANSFERRED,2025-03-06T06:53:25Z
COC000129,EV000030,OF000002,RECEIVED_IN_VAULT,2025-03-07T06:53:25Z
COC000130,EV000030,OF000005,VERIFIED,2025-03-08T06:53:25Z
COC000131,EV000031,OF000007,COLLECTED,2026-08-17T17:45:03Z
COC000132,EV000031,OF000002,SEALED,2026-08-17T23:45:03Z
COC000133,EV000031,OF000007,TRANSFERRED,2026-08-18T17:45:03Z
COC000134,EV000031,OF000005,RECEIVED_IN_VAULT,2026-08-19T17:45:03Z
COC000135,EV000031,OF000004,VERIFIED,2026-08-20T17:45:03Z
COC000136,EV000032,OF000003,COLLECTED,2025-04-29T14:53:42Z
COC000137,EV000032,OF000004,SEALED,2025-04-29T20:53:42Z
COC000138,EV000032,OF000006,TRANSFERRED,2025-04-30T14:53:42Z
COC000139,EV000032,OF000004,RECEIVED_IN_VAULT,2025-05-01T14:53:42Z
COC000140,EV000032,OF000006,VERIFIED,2025-05-02T14:53:42Z
COC000141,EV000033,OF000003,COLLECTED,2026-03-07T15:07:52Z
COC000142,EV000033,OF000008,SEALED,2026-03-07T21:07:52Z
COC000143,EV000033,OF000005,TRANSFERRED,2026-03-08T15:07:52Z
COC000144,EV000033,OF000008,RECEIVED_IN_VAULT,2026-03-09T15:07:52Z
COC000145,EV000033,OF000003,VERIFIED,2026-03-10T15:07:52Z
COC000146,EV000034,OF000004,COLLECTED,2026-04-25T11:23:13Z
COC000147,EV000034,OF000002,SEALED,2026-04-25T17:23:13Z
COC000148,EV000034,OF000002,TRANSFERRED,2026-04-26T11:23:13Z
COC000149,EV000034,OF000007,RECEIVED_IN_VAULT,2026-04-27T11:23:13Z
COC000150,EV000034,OF000004,VERIFIED,2026-04-28T11:23:13Z
COC000151,EV000036,OF000006,COLLECTED,2025-12-25T18:36:02Z
COC000152,EV000036,OF000005,SEALED,2025-12-26T00:36:02Z
COC000153,EV000036,OF000006,TRANSFERRED,2025-12-26T18:36:02Z
COC000154,EV000036,OF000008,RECEIVED_IN_VAULT,2025-12-27T18:36:02Z
COC000155,EV000036,OF000003,VERIFIED,2025-12-28T18:36:02Z
COC000156,EV000037,OF000005,COLLECTED,2026-07-07T22:16:10Z
COC000157,EV000037,OF000005,SEALED,2026-07-08T04:16:10Z
COC000158,EV000037,OF000001,TRANSFERRED,2026-07-08T22:16:10Z
COC000159,EV000037,OF000005,RECEIVED_IN_VAULT,2026-07-09T22:16:10Z
COC000160,EV000037,OF000007,VERIFIED,2026-07-10T22:16:10Z
COC000161,EV000038,OF000008,COLLECTED,2026-02-22T08:44:05Z
COC000162,EV000038,OF000001,SEALED,2026-02-22T14:44:05Z
COC000163,EV000038,OF000002,TRANSFERRED,2026-02-23T08:44:05Z
COC000164,EV000038,OF000003,RECEIVED_IN_VAULT,2026-02-24T08:44:05Z
COC000165,EV000038,OF000008,VERIFIED,2026-02-25T08:44:05Z
COC000166,EV000039,OF000006,COLLECTED,2026-05-25T10:35:29Z
COC000167,EV000039,OF000006,SEALED,2026-05-25T16:35:29Z
COC000168,EV000039,OF000006,TRANSFERRED,2026-05-26T10:35:29Z
COC000169,EV000039,OF000005,RECEIVED_IN_VAULT,2026-05-27T10:35:29Z
COC000170,EV000039,OF000002,VERIFIED,2026-05-28T10:35:29Z
COC000171,EV000040,OF000007,COLLECTED,2024-09-11T23:54:17Z
COC000172,EV000040,OF000003,SEALED,2024-09-12T05:54:17Z
COC000173,EV000040,OF000004,TRANSFERRED,2024-09-12T23:54:17Z
COC000174,EV000040,OF000001,RECEIVED_IN_VAULT,2024-09-13T23:54:17Z
COC000175,EV000040,OF000003,VERIFIED,2024-09-14T23:54:17Z
COC000176,EV000042,OF000007,COLLECTED,2026-08-17T23:39:49Z
COC000177,EV000042,OF000003,SEALED,2026-08-18T05:39:49Z
COC000178,EV000042,OF000008,TRANSFERRED,2026-08-18T23:39:49Z
COC000179,EV000042,OF000004,RECEIVED_IN_VAULT,2026-08-19T23:39:49Z
COC000180,EV000042,OF000001,VERIFIED,2026-08-20T23:39:49Z
COC000181,EV000043,OF000004,COLLECTED,2026-07-22T20:33:45Z
COC000182,EV000043,OF000005,SEALED,2026-07-23T02:33:45Z
COC000183,EV000043,OF000008,TRANSFERRED,2026-07-23T20:33:45Z
COC000184,EV000043,OF000001,RECEIVED_IN_VAULT,2026-07-24T20:33:45Z
COC000185,EV000043,OF000002,VERIFIED,2026-07-25T20:33:45Z
COC000186,EV000044,OF000001,COLLECTED,2026-08-03T02:00:58Z
COC000187,EV000044,OF000003,SEALED,2026-08-03T08:00:58Z
COC000188,EV000044,OF000005,TRANSFERRED,2026-08-04T02:00:58Z
COC000189,EV000044,OF000002,RECEIVED_IN_VAULT,2026-08-05T02:00:58Z
COC000190,EV000044,OF000004,VERIFIED,2026-08-06T02:00:58Z
COC000191,EV000045,OF000007,COLLECTED,2024-06-08T19:40:06Z
COC000192,EV000045,OF000006,SEALED,2024-06-09T01:40:06Z
COC000193,EV000045,OF000004,TRANSFERRED,2024-06-09T19:40:06Z
COC000194,EV000045,OF000008,RECEIVED_IN_VAULT,2024-06-10T19:40:06Z
COC000195,EV000045,OF000002,VERIFIED,2024-06-11T19:40:06Z
COC000196,EV000046,OF000002,COLLECTED,2026-07-30T22:55:24Z
COC000197,EV000046,OF000004,SEALED,2026-07-31T04:55:24Z
COC000198,EV000046,OF000001,TRANSFERRED,2026-07-31T22:55:24Z
COC000199,EV000046,OF000007,RECEIVED_IN_VAULT,2026-08-01T22:55:24Z
COC000200,EV000046,OF000002,VERIFIED,2026-08-02T22:55:24Z
COC000201,EV000047,OF000006,COLLECTED,2026-03-31T08:14:43Z
COC000202,EV000047,OF000003,SEALED,2026-03-31T14:14:43Z
COC000203,EV000047,OF000006,TRANSFERRED,2026-04-01T08:14:43Z
COC000204,EV000047,OF000007,RECEIVED_IN_VAULT,2026-04-02T08:14:43Z
COC000205,EV000047,OF000002,VERIFIED,2026-04-03T08:14:43Z
COC000206,EV000048,OF000003,COLLECTED,2025-03-29T05:53:29Z
COC000207,EV000048,OF000005,SEALED,2025-03-29T11:53:29Z
COC000208,EV000048,OF000004,TRANSFERRED,2025-03-30T05:53:29Z
COC000209,EV000048,OF000006,RECEIVED_IN_VAULT,2025-03-31T05:53:29Z
COC000210,EV000048,OF000003,VERIFIED,2025-04-01T05:53:29Z
COC000211,EV000050,OF000002,COLLECTED,2026-07-08T17:45:27Z
COC000212,EV000050,OF000006,SEALED,2026-07-08T23:45:27Z
COC000213,EV000050,OF000004,TRANSFERRED,2026-07-09T17:45:27Z
COC000214,EV000050,OF000001,RECEIVED_IN_VAULT,2026-07-10T17:45:27Z
COC000215,EV000050,OF000001,VERIFIED,2026-07-11T17:45:27Z
COC000216,EV000051,OF000003,COLLECTED,2025-10-07T12:09:33Z
COC000217,EV000051,OF000005,SEALED,2025-10-07T18:09:33Z
COC000218,EV000051,OF000003,TRANSFERRED,2025-10-08T12:09:33Z
COC000219,EV000051,OF000007,RECEIVED_IN_VAULT,2025-10-09T12:09:33Z
COC000220,EV000051,OF000004,VERIFIED,2025-10-10T12:09:33Z
COC000221,EV000052,OF000002,COLLECTED,2026-03-20T11:17:15Z
COC000222,EV000052,OF000006,SEALED,2026-03-20T17:17:15Z
COC000223,EV000052,OF000005,TRANSFERRED,2026-03-21T11:17:15Z
COC000224,EV000052,OF000006,RECEIVED_IN_VAULT,2026-03-22T11:17:15Z
COC000225,EV000052,OF000007,VERIFIED,2026-03-23T11:17:15Z
COC000226,EV000053,OF000008,COLLECTED,2025-12-30T11:53:18Z
COC000227,EV000053,OF000005,SEALED,2025-12-30T17:53:18Z
COC000228,EV000053,OF000004,TRANSFERRED,2025-12-31T11:53:18Z
COC000229,EV000053,OF000008,RECEIVED_IN_VAULT,2026-01-01T11:53:18Z
COC000230,EV000053,OF000004,VERIFIED,2026-01-02T11:53:18Z
COC000231,EV000054,OF000003,COLLECTED,2024-06-07T13:49:38Z
COC000232,EV000054,OF000005,SEALED,2024-06-07T19:49:38Z
COC000233,EV000054,OF000006,TRANSFERRED,2024-06-08T13:49:38Z
COC000234,EV000054,OF000007,RECEIVED_IN_VAULT,2024-06-09T13:49:38Z
COC000235,EV000054,OF000001,VERIFIED,2024-06-10T13:49:38Z
COC000236,EV000056,OF000004,COLLECTED,2026-01-24T23:19:37Z
COC000237,EV000056,OF000002,SEALED,2026-01-25T05:19:37Z
COC000238,EV000056,OF000005,TRANSFERRED,2026-01-25T23:19:37Z
COC000239,EV000056,OF000001,RECEIVED_IN_VAULT,2026-01-26T23:19:37Z
COC000240,EV000056,OF000007,VERIFIED,2026-01-27T23:19:37Z
COC000241,EV000057,OF000003,COLLECTED,2026-03-04T10:50:50Z
COC000242,EV000057,OF000007,SEALED,2026-03-04T16:50:50Z
COC000243,EV000057,OF000007,TRANSFERRED,2026-03-05T10:50:50Z
COC000244,EV000057,OF000001,RECEIVED_IN_VAULT,2026-03-06T10:50:50Z
COC000245,EV000057,OF000007,VERIFIED,2026-03-07T10:50:50Z
COC000246,EV000058,OF000002,COLLECTED,2026-06-11T22:57:07Z
COC000247,EV000058,OF000002,SEALED,2026-06-12T04:57:07Z
COC000248,EV000058,OF000004,TRANSFERRED,2026-06-12T22:57:07Z
COC000249,EV000058,OF000006,RECEIVED_IN_VAULT,2026-06-13T22:57:07Z
COC000250,EV000058,OF000006,VERIFIED,2026-06-14T22:57:07Z
COC000251,EV000059,OF000007,COLLECTED,2026-02-23T14:10:41Z
COC000252,EV000059,OF000003,SEALED,2026-02-23T20:10:41Z
COC000253,EV000059,OF000004,TRANSFERRED,2026-02-24T14:10:41Z
COC000254,EV000059,OF000001,RECEIVED_IN_VAULT,2026-02-25T14:10:41Z
COC000255,EV000059,OF000008,VERIFIED,2026-02-26T14:10:41Z
COC000256,EV000060,OF000005,COLLECTED,2025-02-17T19:17:20Z
COC000257,EV000060,OF000005,SEALED,2025-02-18T01:17:20Z
COC000258,EV000060,OF000002,TRANSFERRED,2025-02-18T19:17:20Z
COC000259,EV000060,OF000007,RECEIVED_IN_VAULT,2025-02-19T19:17:20Z
COC000260,EV000060,OF000007,VERIFIED,2025-02-20T19:17:20Z
COC000261,EV000061,OF000001,COLLECTED,2024-04-08T17:41:39Z
COC000262,EV000061,OF000003,SEALED,2024-04-08T23:41:39Z
COC000263,EV000061,OF000005,TRANSFERRED,2024-04-09T17:41:39Z
COC000264,EV000061,OF000006,RECEIVED_IN_VAULT,2024-04-10T17:41:39Z
COC000265,EV000061,OF000006,VERIFIED,2024-04-11T17:41:39Z
COC000266,EV000062,OF000005,COLLECTED,2025-10-15T10:20:07Z
COC000267,EV000062,OF000006,SEALED,2025-10-15T16:20:07Z
COC000268,EV000062,OF000006,TRANSFERRED,2025-10-16T10:20:07Z
COC000269,EV000062,OF000007,RECEIVED_IN_VAULT,2025-10-17T10:20:07Z
COC000270,EV000062,OF000007,VERIFIED,2025-10-18T10:20:07Z
COC000271,EV000064,OF000005,COLLECTED,2026-02-14T05:09:58Z
COC000272,EV000064,OF000005,SEALED,2026-02-14T11:09:58Z
COC000273,EV000064,OF000001,TRANSFERRED,2026-02-15T05:09:58Z
COC000274,EV000064,OF000006,RECEIVED_IN_VAULT,2026-02-16T05:09:58Z
COC000275,EV000064,OF000002,VERIFIED,2026-02-17T05:09:58Z
COC000276,EV000065,OF000004,COLLECTED,2025-05-30T10:50:45Z
COC000277,EV000065,OF000006,SEALED,2025-05-30T16:50:45Z
COC000278,EV000065,OF000008,TRANSFERRED,2025-05-31T10:50:45Z
COC000279,EV000065,OF000002,RECEIVED_IN_VAULT,2025-06-01T10:50:45Z
COC000280,EV000065,OF000008,VERIFIED,2025-06-02T10:50:45Z
COC000281,EV000066,OF000002,COLLECTED,2025-02-18T07:57:43Z
COC000282,EV000066,OF000001,SEALED,2025-02-18T13:57:43Z
COC000283,EV000066,OF000006,TRANSFERRED,2025-02-19T07:57:43Z
COC000284,EV000066,OF000003,RECEIVED_IN_VAULT,2025-02-20T07:57:43Z
COC000285,EV000066,OF000008,VERIFIED,2025-02-21T07:57:43Z
COC000286,EV000067,OF000003,COLLECTED,2024-06-16T07:51:35Z
COC000287,EV000067,OF000003,SEALED,2024-06-16T13:51:35Z
COC000288,EV000067,OF000002,TRANSFERRED,2024-06-17T07:51:35Z
COC000289,EV000067,OF000007,RECEIVED_IN_VAULT,2024-06-18T07:51:35Z
COC000290,EV000067,OF000003,VERIFIED,2024-06-19T07:51:35Z
COC000291,EV000068,OF000003,COLLECTED,2024-05-29T13:22:31Z
COC000292,EV000068,OF000007,SEALED,2024-05-29T19:22:31Z
COC000293,EV000068,OF000003,TRANSFERRED,2024-05-30T13:22:31Z
COC000294,EV000068,OF000005,RECEIVED_IN_VAULT,2024-05-31T13:22:31Z
COC000295,EV000068,OF000006,VERIFIED,2024-06-01T13:22:31Z
COC000296,EV000070,OF000006,COLLECTED,2024-03-08T23:42:43Z
COC000297,EV000070,OF000001,SEALED,2024-03-09T05:42:43Z
COC000298,EV000070,OF000002,TRANSFERRED,2024-03-09T23:42:43Z
COC000299,EV000070,OF000007,RECEIVED_IN_VAULT,2024-03-10T23:42:43Z
COC000300,EV000070,OF000008,VERIFIED,2024-03-11T23:42:43Z
COC000301,EV000071,OF000003,COLLECTED,2026-04-23T19:56:09Z
COC000302,EV000071,OF000007,SEALED,2026-04-24T01:56:09Z
COC000303,EV000071,OF000006,TRANSFERRED,2026-04-24T19:56:09Z
COC000304,EV000071,OF000008,RECEIVED_IN_VAULT,2026-04-25T19:56:09Z
COC000305,EV000071,OF000003,VERIFIED,2026-04-26T19:56:09Z
COC000306,EV000072,OF000002,COLLECTED,2024-01-22T01:35:32Z
COC000307,EV000072,OF000004,SEALED,2024-01-22T07:35:32Z
COC000308,EV000072,OF000004,TRANSFERRED,2024-01-23T01:35:32Z
COC000309,EV000072,OF000001,RECEIVED_IN_VAULT,2024-01-24T01:35:32Z
COC000310,EV000072,OF000004,VERIFIED,2024-01-25T01:35:32Z
COC000311,EV000073,OF000005,COLLECTED,2025-08-17T20:12:00Z
COC000312,EV000073,OF000006,SEALED,2025-08-18T02:12:00Z
COC000313,EV000073,OF000005,TRANSFERRED,2025-08-18T20:12:00Z
COC000314,EV000073,OF000002,RECEIVED_IN_VAULT,2025-08-19T20:12:00Z
COC000315,EV000073,OF000007,VERIFIED,2025-08-20T20:12:00Z
COC000316,EV000074,OF000002,COLLECTED,2024-10-14T19:17:56Z
COC000317,EV000074,OF000004,SEALED,2024-10-15T01:17:56Z
COC000318,EV000074,OF000001,TRANSFERRED,2024-10-15T19:17:56Z
COC000319,EV000074,OF000008,RECEIVED_IN_VAULT,2024-10-16T19:17:56Z
COC000320,EV000074,OF000002,VERIFIED,2024-10-17T19:17:56Z
COC000321,EV000075,OF000004,COLLECTED,2024-07-08T06:07:58Z
COC000322,EV000075,OF000008,SEALED,2024-07-08T12:07:58Z
COC000323,EV000075,OF000002,TRANSFERRED,2024-07-09T06:07:58Z
COC000324,EV000075,OF000001,RECEIVED_IN_VAULT,2024-07-10T06:07:58Z
COC000325,EV000075,OF000002,VERIFIED,2024-07-11T06:07:58Z
COC000326,EV000076,OF000001,COLLECTED,2024-06-01T09:58:43Z
COC000327,EV000076,OF000007,SEALED,2024-06-01T15:58:43Z
COC000328,EV000076,OF000005,TRANSFERRED,2024-06-02T09:58:43Z
COC000329,EV000076,OF000008,RECEIVED_IN_VAULT,2024-06-03T09:58:43Z
COC000330,EV000076,OF000006,VERIFIED,2024-06-04T09:58:43Z
COC000331,EV000078,OF000007,COLLECTED,2025-09-08T23:43:17Z
COC000332,EV000078,OF000002,SEALED,2025-09-09T05:43:17Z
COC000333,EV000078,OF000008,TRANSFERRED,2025-09-09T23:43:17Z
COC000334,EV000078,OF000008,RECEIVED_IN_VAULT,2025-09-10T23:43:17Z
COC000335,EV000078,OF000005,VERIFIED,2025-09-11T23:43:17Z
COC000336,EV000079,OF000001,COLLECTED,2025-05-24T01:27:11Z
COC000337,EV000079,OF000004,SEALED,2025-05-24T07:27:11Z
COC000338,EV000079,OF000005,TRANSFERRED,2025-05-25T01:27:11Z
COC000339,EV000079,OF000003,RECEIVED_IN_VAULT,2025-05-26T01:27:11Z
COC000340,EV000079,OF000005,VERIFIED,2025-05-27T01:27:11Z
COC000341,EV000080,OF000002,COLLECTED,2025-11-25T05:09:57Z
COC000342,EV000080,OF000002,SEALED,2025-11-25T11:09:57Z
COC000343,EV000080,OF000003,TRANSFERRED,2025-11-26T05:09:57Z
COC000344,EV000080,OF000007,RECEIVED_IN_VAULT,2025-11-27T05:09:57Z
COC000345,EV000080,OF000004,VERIFIED,2025-11-28T05:09:57Z
COC000346,EV000081,OF000007,COLLECTED,2026-01-21T08:03:13Z
COC000347,EV000081,OF000008,SEALED,2026-01-21T14:03:13Z
COC000348,EV000081,OF000001,TRANSFERRED,2026-01-22T08:03:13Z
COC000349,EV000081,OF000004,RECEIVED_IN_VAULT,2026-01-23T08:03:13Z
COC000350,EV000081,OF000002,VERIFIED,2026-01-24T08:03:13Z
COC000351,EV000082,OF000003,COLLECTED,2025-06-18T17:52:04Z
COC000352,EV000082,OF000001,SEALED,2025-06-18T23:52:04Z
COC000353,EV000082,OF000008,TRANSFERRED,2025-06-19T17:52:04Z
COC000354,EV000082,OF000007,RECEIVED_IN_VAULT,2025-06-20T17:52:04Z
COC000355,EV000082,OF000001,VERIFIED,2025-06-21T17:52:04Z
COC000356,EV000084,OF000008,COLLECTED,2024-12-24T13:51:01Z
COC000357,EV000084,OF000003,SEALED,2024-12-24T19:51:01Z
COC000358,EV000084,OF000008,TRANSFERRED,2024-12-25T13:51:01Z
COC000359,EV000084,OF000007,RECEIVED_IN_VAULT,2024-12-26T13:51:01Z
COC000360,EV000084,OF000008,VERIFIED,2024-12-27T13:51:01Z
COC000361,EV000085,OF000005,COLLECTED,2024-10-08T06:15:34Z
COC000362,EV000085,OF000002,SEALED,2024-10-08T12:15:34Z
COC000363,EV000085,OF000007,TRANSFERRED,2024-10-09T06:15:34Z
COC000364,EV000085,OF000001,RECEIVED_IN_VAULT,2024-10-10T06:15:34Z
COC000365,EV000085,OF000006,VERIFIED,2024-10-11T06:15:34Z
COC000366,EV000086,OF000003,COLLECTED,2024-10-12T06:15:34Z
COC000367,EV000086,OF000001,SEALED,2024-10-12T12:15:34Z
COC000368,EV000086,OF000001,TRANSFERRED,2024-10-13T06:15:34Z
COC000369,EV000086,OF000002,RECEIVED_IN_VAULT,2024-10-14T06:15:34Z
COC000370,EV000086,OF000007,VERIFIED,2024-10-15T06:15:34Z
COC000371,EV000087,OF000005,COLLECTED,2024-10-08T06:15:34Z
COC000372,EV000087,OF000007,SEALED,2024-10-08T12:15:34Z
COC000373,EV000087,OF000004,TRANSFERRED,2024-10-09T06:15:34Z
COC000374,EV000087,OF000002,RECEIVED_IN_VAULT,2024-10-10T06:15:34Z
COC000375,EV000087,OF000001,VERIFIED,2024-10-11T06:15:34Z
COC000376,EV000088,OF000008,COLLECTED,2024-10-14T06:15:34Z
COC000377,EV000088,OF000006,SEALED,2024-10-14T12:15:34Z
COC000378,EV000088,OF000008,TRANSFERRED,2024-10-15T06:15:34Z
COC000379,EV000088,OF000003,RECEIVED_IN_VAULT,2024-10-16T06:15:34Z
COC000380,EV000088,OF000002,VERIFIED,2024-10-17T06:15:34Z
COC000381,EV000089,OF000007,COLLECTED,2024-10-18T06:15:34Z
COC000382,EV000089,OF000005,SEALED,2024-10-18T12:15:34Z
COC000383,EV000089,OF000005,TRANSFERRED,2024-10-19T06:15:34Z
COC000384,EV000089,OF000005,RECEIVED_IN_VAULT,2024-10-20T06:15:34Z
COC000385,EV000089,OF000003,VERIFIED,2024-10-21T06:15:34Z
COC000386,EV000090,OF000008,COLLECTED,2024-10-11T06:15:34Z
COC000387,EV000090,OF000003,SEALED,2024-10-11T12:15:34Z
COC000388,EV000090,OF000004,TRANSFERRED,2024-10-12T06:15:34Z
COC000389,EV000090,OF000005,RECEIVED_IN_VAULT,2024-10-13T06:15:34Z
COC000390,EV000090,OF000004,VERIFIED,2024-10-14T06:15:34Z
COC000391,EV000091,OF000006,COLLECTED,2024-03-28T18:00:00Z
COC000392,EV000091,OF000006,SEALED,2024-03-29T00:00:00Z
COC000393,EV000091,OF000008,TRANSFERRED,2024-03-29T18:00:00Z
COC000394,EV000091,OF000004,RECEIVED_IN_VAULT,2024-03-30T18:00:00Z
COC000395,EV000091,OF000004,VERIFIED,2024-03-31T18:00:00Z
COC000396,EV000092,OF000002,COLLECTED,2024-06-28T18:00:00Z
COC000397,EV000092,OF000001,SEALED,2024-06-29T00:00:00Z
COC000398,EV000092,OF000007,TRANSFERRED,2024-06-29T18:00:00Z
COC000399,EV000092,OF000005,RECEIVED_IN_VAULT,2024-06-30T18:00:00Z
COC000400,EV000092,OF000007,VERIFIED,2024-07-01T18:00:00Z
COC000401,EV000093,OF000004,COLLECTED,2024-09-28T18:00:00Z
COC000402,EV000093,OF000007,SEALED,2024-09-29T00:00:00Z
COC000403,EV000093,OF000006,TRANSFERRED,2024-09-29T18:00:00Z
COC000404,EV000093,OF000001,RECEIVED_IN_VAULT,2024-09-30T18:00:00Z
COC000405,EV000093,OF000001,VERIFIED,2024-10-01T18:00:00Z
COC000406,EV000094,OF000006,COLLECTED,2024-12-28T18:00:00Z
COC000407,EV000094,OF000007,SEALED,2024-12-29T00:00:00Z
COC000408,EV000094,OF000002,TRANSFERRED,2024-12-29T18:00:00Z
COC000409,EV000094,OF000005,RECEIVED_IN_VAULT,2024-12-30T18:00:00Z
COC000410,EV000094,OF000004,VERIFIED,2024-12-31T18:00:00Z
COC000411,EV000095,OF000004,COLLECTED,2025-03-28T18:00:00Z
COC000412,EV000095,OF000001,SEALED,2025-03-29T00:00:00Z
COC000413,EV000095,OF000007,TRANSFERRED,2025-03-29T18:00:00Z
COC000414,EV000095,OF000007,RECEIVED_IN_VAULT,2025-03-30T18:00:00Z
COC000415,EV000095,OF000003,VERIFIED,2025-03-31T18:00:00Z
COC000416,EV000096,OF000004,COLLECTED,2025-06-28T18:00:00Z
COC000417,EV000096,OF000004,SEALED,2025-06-29T00:00:00Z
COC000418,EV000096,OF000002,TRANSFERRED,2025-06-29T18:00:00Z
COC000419,EV000096,OF000005,RECEIVED_IN_VAULT,2025-06-30T18:00:00Z
COC000420,EV000096,OF000006,VERIFIED,2025-07-01T18:00:00Z
COC000421,EV000097,OF000001,COLLECTED,2025-09-28T18:00:00Z
COC000422,EV000097,OF000002,SEALED,2025-09-29T00:00:00Z
COC000423,EV000097,OF000007,TRANSFERRED,2025-09-29T18:00:00Z
COC000424,EV000097,OF000001,RECEIVED_IN_VAULT,2025-09-30T18:00:00Z
COC000425,EV000097,OF000002,VERIFIED,2025-10-01T18:00:00Z
COC000426,EV000098,OF000001,COLLECTED,2025-12-28T18:00:00Z
COC000427,EV000098,OF000007,SEALED,2025-12-29T00:00:00Z
COC000428,EV000098,OF000004,TRANSFERRED,2025-12-29T18:00:00Z
COC000429,EV000098,OF000007,RECEIVED_IN_VAULT,2025-12-30T18:00:00Z
COC000430,EV000098,OF000001,VERIFIED,2025-12-31T18:00:00Z
COC000431,EV000099,OF000008,COLLECTED,2026-03-28T18:00:00Z
COC000432,EV000099,OF000008,SEALED,2026-03-29T00:00:00Z
COC000433,EV000099,OF000005,TRANSFERRED,2026-03-29T18:00:00Z
COC000434,EV000099,OF000003,RECEIVED_IN_VAULT,2026-03-30T18:00:00Z
COC000435,EV000099,OF000005,VERIFIED,2026-03-31T18:00:00Z
COC000436,EV000100,OF000004,COLLECTED,2026-06-28T18:00:00Z
COC000437,EV000100,OF000008,SEALED,2026-06-29T00:00:00Z
COC000438,EV000100,OF000004,TRANSFERRED,2026-06-29T18:00:00Z
COC000439,EV000100,OF000001,RECEIVED_IN_VAULT,2026-06-30T18:00:00Z
COC000440,EV000100,OF000006,VERIFIED,2026-07-01T18:00:00Z
COC000441,EV000101,OF000008,COLLECTED,2026-09-28T18:00:00Z
COC000442,EV000101,OF000003,SEALED,2026-09-29T00:00:00Z
COC000443,EV000101,OF000001,TRANSFERRED,2026-09-29T18:00:00Z
COC000444,EV000101,OF000001,RECEIVED_IN_VAULT,2026-09-30T18:00:00Z
COC000445,EV000101,OF000006,VERIFIED,2026-10-01T18:00:00Z
COC000446,EV000102,OF000005,COLLECTED,2026-12-28T18:00:00Z
COC000447,EV000102,OF000008,SEALED,2026-12-29T00:00:00Z
COC000448,EV000102,OF000001,TRANSFERRED,2026-12-29T18:00:00Z
COC000449,EV000102,OF000008,RECEIVED_IN_VAULT,2026-12-30T18:00:00Z
COC000450,EV000102,OF000004,VERIFIED,2026-12-31T18:00:00Z
COC000451,EV000103,OF000005,COLLECTED,2024-10-13T10:23:03Z
COC000452,EV000103,OF000001,SEALED,2024-10-13T16:23:03Z
COC000453,EV000103,OF000007,TRANSFERRED,2024-10-14T10:23:03Z
COC000454,EV000103,OF000008,RECEIVED_IN_VAULT,2024-10-15T10:23:03Z
COC000455,EV000103,OF000002,VERIFIED,2024-10-16T10:23:03Z
COC000456,EV000104,OF000005,COLLECTED,2024-10-07T10:23:03Z
COC000457,EV000104,OF000004,SEALED,2024-10-07T16:23:03Z
COC000458,EV000104,OF000003,TRANSFERRED,2024-10-08T10:23:03Z
COC000459,EV000104,OF000004,RECEIVED_IN_VAULT,2024-10-09T10:23:03Z
COC000460,EV000104,OF000005,VERIFIED,2024-10-10T10:23:03Z
COC000461,EV000105,OF000006,COLLECTED,2024-10-16T10:23:03Z
COC000462,EV000105,OF000002,SEALED,2024-10-16T16:23:03Z
COC000463,EV000105,OF000008,TRANSFERRED,2024-10-17T10:23:03Z
COC000464,EV000105,OF000002,RECEIVED_IN_VAULT,2024-10-18T10:23:03Z
COC000465,EV000105,OF000007,VERIFIED,2024-10-19T10:23:03Z
COC000466,EV000106,OF000002,COLLECTED,2026-01-03T09:06:04Z
COC000467,EV000106,OF000004,SEALED,2026-01-03T15:06:04Z
COC000468,EV000106,OF000002,TRANSFERRED,2026-01-04T09:06:04Z
COC000469,EV000106,OF000003,RECEIVED_IN_VAULT,2026-01-05T09:06:04Z
COC000470,EV000106,OF000008,VERIFIED,2026-01-06T09:06:04Z
COC000471,EV000107,OF000004,COLLECTED,2026-01-26T09:06:04Z
COC000472,EV000107,OF000006,SEALED,2026-01-26T15:06:04Z
COC000473,EV000107,OF000002,TRANSFERRED,2026-01-27T09:06:04Z
COC000474,EV000107,OF000003,RECEIVED_IN_VAULT,2026-01-28T09:06:04Z
COC000475,EV000107,OF000008,VERIFIED,2026-01-29T09:06:04Z
COC000476,EV000108,OF000007,COLLECTED,2026-01-29T09:06:04Z
COC000477,EV000108,OF000004,SEALED,2026-01-29T15:06:04Z
COC000478,EV000108,OF000001,TRANSFERRED,2026-01-30T09:06:04Z
COC000479,EV000108,OF000006,RECEIVED_IN_VAULT,2026-01-31T09:06:04Z
COC000480,EV000108,OF000003,VERIFIED,2026-02-01T09:06:04Z
COC000481,EV000109,OF000007,COLLECTED,2025-08-01T18:14:31Z
COC000482,EV000109,OF000002,SEALED,2025-08-02T00:14:31Z
COC000483,EV000109,OF000003,TRANSFERRED,2025-08-02T18:14:31Z
COC000484,EV000109,OF000002,RECEIVED_IN_VAULT,2025-08-03T18:14:31Z
COC000485,EV000109,OF000006,VERIFIED,2025-08-04T18:14:31Z
COC000486,EV000110,OF000006,COLLECTED,2024-10-01T08:03:34Z
COC000487,EV000110,OF000008,SEALED,2024-10-01T14:03:34Z
COC000488,EV000110,OF000002,TRANSFERRED,2024-10-02T08:03:34Z
COC000489,EV000110,OF000002,RECEIVED_IN_VAULT,2024-10-03T08:03:34Z
COC000490,EV000110,OF000001,VERIFIED,2024-10-04T08:03:34Z
COC000491,EV000111,OF000007,COLLECTED,2024-12-21T20:41:01Z
COC000492,EV000111,OF000008,SEALED,2024-12-22T02:41:01Z
COC000493,EV000111,OF000001,TRANSFERRED,2024-12-22T20:41:01Z
COC000494,EV000111,OF000008,RECEIVED_IN_VAULT,2024-12-23T20:41:01Z
COC000495,EV000111,OF000002,VERIFIED,2024-12-24T20:41:01Z
COC000496,EV000112,OF000002,COLLECTED,2024-12-31T20:41:01Z
COC000497,EV000112,OF000004,SEALED,2025-01-01T02:41:01Z
COC000498,EV000112,OF000003,TRANSFERRED,2025-01-01T20:41:01Z
COC000499,EV000112,OF000001,RECEIVED_IN_VAULT,2025-01-02T20:41:01Z
COC000500,EV000112,OF000004,VERIFIED,2025-01-03T20:41:01Z
COC000501,EV000113,OF000003,COLLECTED,2024-12-31T20:41:01Z
COC000502,EV000113,OF000002,SEALED,2025-01-01T02:41:01Z
COC000503,EV000113,OF000006,TRANSFERRED,2025-01-01T20:41:01Z
COC000504,EV000113,OF000008,RECEIVED_IN_VAULT,2025-01-02T20:41:01Z
COC000505,EV000113,OF000002,VERIFIED,2025-01-03T20:41:01Z
COC000506,EV000114,OF000005,COLLECTED,2024-10-27T09:23:35Z
COC000507,EV000114,OF000004,SEALED,2024-10-27T15:23:35Z
COC000508,EV000114,OF000004,TRANSFERRED,2024-10-28T09:23:35Z
COC000509,EV000114,OF000007,RECEIVED_IN_VAULT,2024-10-29T09:23:35Z
COC000510,EV000114,OF000007,VERIFIED,2024-10-30T09:23:35Z
COC000511,EV000115,OF000003,COLLECTED,2024-10-29T09:23:35Z
COC000512,EV000115,OF000006,SEALED,2024-10-29T15:23:35Z
COC000513,EV000115,OF000001,TRANSFERRED,2024-10-30T09:23:35Z
COC000514,EV000115,OF000007,RECEIVED_IN_VAULT,2024-10-31T09:23:35Z
COC000515,EV000115,OF000001,VERIFIED,2024-11-01T09:23:35Z
COC000516,EV000116,OF000008,COLLECTED,2025-08-18T16:40:35Z
COC000517,EV000116,OF000004,SEALED,2025-08-18T22:40:35Z
COC000518,EV000116,OF000008,TRANSFERRED,2025-08-19T16:40:35Z
COC000519,EV000116,OF000003,RECEIVED_IN_VAULT,2025-08-20T16:40:35Z
COC000520,EV000116,OF000008,VERIFIED,2025-08-21T16:40:35Z
COC000521,EV000117,OF000006,COLLECTED,2025-07-28T16:40:35Z
COC000522,EV000117,OF000006,SEALED,2025-07-28T22:40:35Z
COC000523,EV000117,OF000007,TRANSFERRED,2025-07-29T16:40:35Z
COC000524,EV000117,OF000007,RECEIVED_IN_VAULT,2025-07-30T16:40:35Z
COC000525,EV000117,OF000007,VERIFIED,2025-07-31T16:40:35Z
COC000526,EV000118,OF000008,COLLECTED,2025-08-18T16:40:35Z
COC000527,EV000118,OF000008,SEALED,2025-08-18T22:40:35Z
COC000528,EV000118,OF000007,TRANSFERRED,2025-08-19T16:40:35Z
COC000529,EV000118,OF000008,RECEIVED_IN_VAULT,2025-08-20T16:40:35Z
COC000530,EV000118,OF000001,VERIFIED,2025-08-21T16:40:35Z
COC000531,EV000119,OF000008,COLLECTED,2026-07-27T04:25:44Z
COC000532,EV000119,OF000003,SEALED,2026-07-27T10:25:44Z
COC000533,EV000119,OF000002,TRANSFERRED,2026-07-28T04:25:44Z
COC000534,EV000119,OF000008,RECEIVED_IN_VAULT,2026-07-29T04:25:44Z
COC000535,EV000119,OF000006,VERIFIED,2026-07-30T04:25:44Z
COC000536,EV000120,OF000006,COLLECTED,2024-04-12T06:06:31Z
COC000537,EV000120,OF000008,SEALED,2024-04-12T12:06:31Z
COC000538,EV000120,OF000007,TRANSFERRED,2024-04-13T06:06:31Z
COC000539,EV000120,OF000004,RECEIVED_IN_VAULT,2024-04-14T06:06:31Z
COC000540,EV000120,OF000007,VERIFIED,2024-04-15T06:06:31Z
COC000541,EV000121,OF000008,COLLECTED,2024-03-10T06:06:31Z
COC000542,EV000121,OF000005,SEALED,2024-03-10T12:06:31Z
COC000543,EV000121,OF000003,TRANSFERRED,2024-03-11T06:06:31Z
COC000544,EV000121,OF000004,RECEIVED_IN_VAULT,2024-03-12T06:06:31Z
COC000545,EV000121,OF000001,VERIFIED,2024-03-13T06:06:31Z
COC000546,EV000122,OF000004,COLLECTED,2024-03-09T06:06:31Z
COC000547,EV000122,OF000006,SEALED,2024-03-09T12:06:31Z
COC000548,EV000122,OF000004,TRANSFERRED,2024-03-10T06:06:31Z
COC000549,EV000122,OF000004,RECEIVED_IN_VAULT,2024-03-11T06:06:31Z
COC000550,EV000122,OF000008,VERIFIED,2024-03-12T06:06:31Z
COC000551,EV000123,OF000008,COLLECTED,2026-08-31T00:00:00Z
COC000552,EV000123,OF000007,SEALED,2026-08-31T06:00:00Z
COC000553,EV000123,OF000003,TRANSFERRED,2026-09-01T00:00:00Z
COC000554,EV000123,OF000001,RECEIVED_IN_VAULT,2026-09-02T00:00:00Z
COC000555,EV000123,OF000006,VERIFIED,2026-09-03T00:00:00Z
COC000556,EV000124,OF000007,COLLECTED,2026-03-21T20:05:48Z
COC000557,EV000124,OF000003,SEALED,2026-03-22T02:05:48Z
COC000558,EV000124,OF000001,TRANSFERRED,2026-03-22T20:05:48Z
COC000559,EV000124,OF000003,RECEIVED_IN_VAULT,2026-03-23T20:05:48Z
COC000560,EV000124,OF000006,VERIFIED,2026-03-24T20:05:48Z
COC000561,EV000125,OF000004,COLLECTED,2026-03-13T20:05:48Z
COC000562,EV000125,OF000005,SEALED,2026-03-14T02:05:48Z
COC000563,EV000125,OF000008,TRANSFERRED,2026-03-14T20:05:48Z
COC000564,EV000125,OF000006,RECEIVED_IN_VAULT,2026-03-15T20:05:48Z
COC000565,EV000125,OF000003,VERIFIED,2026-03-16T20:05:48Z
COC000566,EV000126,OF000008,COLLECTED,2026-03-30T20:05:48Z
COC000567,EV000126,OF000002,SEALED,2026-03-31T02:05:48Z
COC000568,EV000126,OF000002,TRANSFERRED,2026-03-31T20:05:48Z
COC000569,EV000126,OF000005,RECEIVED_IN_VAULT,2026-04-01T20:05:48Z
COC000570,EV000126,OF000005,VERIFIED,2026-04-02T20:05:48Z
COC000571,EV000127,OF000002,COLLECTED,2026-01-15T23:28:34Z
COC000572,EV000127,OF000001,SEALED,2026-01-16T05:28:34Z
COC000573,EV000127,OF000003,TRANSFERRED,2026-01-16T23:28:34Z
COC000574,EV000127,OF000002,RECEIVED_IN_VAULT,2026-01-17T23:28:34Z
COC000575,EV000127,OF000002,VERIFIED,2026-01-18T23:28:34Z
COC000576,EV000128,OF000007,COLLECTED,2025-12-30T23:28:34Z
COC000577,EV000128,OF000008,SEALED,2025-12-31T05:28:34Z
COC000578,EV000128,OF000005,TRANSFERRED,2025-12-31T23:28:34Z
COC000579,EV000128,OF000004,RECEIVED_IN_VAULT,2026-01-01T23:28:34Z
COC000580,EV000128,OF000004,VERIFIED,2026-01-02T23:28:34Z
COC000581,EV000129,OF000007,COLLECTED,2024-08-31T22:28:43Z
COC000582,EV000129,OF000005,SEALED,2024-09-01T04:28:43Z
COC000583,EV000129,OF000005,TRANSFERRED,2024-09-01T22:28:43Z
COC000584,EV000129,OF000006,RECEIVED_IN_VAULT,2024-09-02T22:28:43Z
COC000585,EV000129,OF000004,VERIFIED,2024-09-03T22:28:43Z
COC000586,EV000130,OF000003,COLLECTED,2024-09-22T22:28:43Z
COC000587,EV000130,OF000001,SEALED,2024-09-23T04:28:43Z
COC000588,EV000130,OF000004,TRANSFERRED,2024-09-23T22:28:43Z
COC000589,EV000130,OF000004,RECEIVED_IN_VAULT,2024-09-24T22:28:43Z
COC000590,EV000130,OF000008,VERIFIED,2024-09-25T22:28:43Z
COC000591,EV000131,OF000006,COLLECTED,2024-06-13T19:17:02Z
COC000592,EV000131,OF000002,SEALED,2024-06-14T01:17:02Z
COC000593,EV000131,OF000008,TRANSFERRED,2024-06-14T19:17:02Z
COC000594,EV000131,OF000004,RECEIVED_IN_VAULT,2024-06-15T19:17:02Z
COC000595,EV000131,OF000002,VERIFIED,2024-06-16T19:17:02Z
COC000596,EV000132,OF000005,COLLECTED,2024-06-15T19:17:02Z
COC000597,EV000132,OF000004,SEALED,2024-06-16T01:17:02Z
COC000598,EV000132,OF000008,TRANSFERRED,2024-06-16T19:17:02Z
COC000599,EV000132,OF000005,RECEIVED_IN_VAULT,2024-06-17T19:17:02Z
COC000600,EV000132,OF000003,VERIFIED,2024-06-18T19:17:02Z
COC000601,EV000133,OF000008,COLLECTED,2024-06-23T19:17:02Z
COC000602,EV000133,OF000001,SEALED,2024-06-24T01:17:02Z
COC000603,EV000133,OF000004,TRANSFERRED,2024-06-24T19:17:02Z
COC000604,EV000133,OF000002,RECEIVED_IN_VAULT,2024-06-25T19:17:02Z
COC000605,EV000133,OF000002,VERIFIED,2024-06-26T19:17:02Z
COC000606,EV000134,OF000004,COLLECTED,2025-03-20T10:18:31Z
COC000607,EV000134,OF000003,SEALED,2025-03-20T16:18:31Z
COC000608,EV000134,OF000004,TRANSFERRED,2025-03-21T10:18:31Z
COC000609,EV000134,OF000006,RECEIVED_IN_VAULT,2025-03-22T10:18:31Z
COC000610,EV000134,OF000006,VERIFIED,2025-03-23T10:18:31Z
COC000611,EV000135,OF000006,COLLECTED,2026-08-13T03:29:14Z
COC000612,EV000135,OF000008,SEALED,2026-08-13T09:29:14Z
COC000613,EV000135,OF000003,TRANSFERRED,2026-08-14T03:29:14Z
COC000614,EV000135,OF000004,RECEIVED_IN_VAULT,2026-08-15T03:29:14Z
COC000615,EV000135,OF000005,VERIFIED,2026-08-16T03:29:14Z
COC000616,EV000136,OF000004,COLLECTED,2024-11-04T19:21:38Z
COC000617,EV000136,OF000006,SEALED,2024-11-05T01:21:38Z
COC000618,EV000136,OF000007,TRANSFERRED,2024-11-05T19:21:38Z
COC000619,EV000136,OF000006,RECEIVED_IN_VAULT,2024-11-06T19:21:38Z
COC000620,EV000136,OF000004,VERIFIED,2024-11-07T19:21:38Z
COC000621,EV000137,OF000005,COLLECTED,2026-03-27T19:47:56Z
COC000622,EV000137,OF000004,SEALED,2026-03-28T01:47:56Z
COC000623,EV000137,OF000006,TRANSFERRED,2026-03-28T19:47:56Z
COC000624,EV000137,OF000004,RECEIVED_IN_VAULT,2026-03-29T19:47:56Z
COC000625,EV000137,OF000005,VERIFIED,2026-03-30T19:47:56Z
COC000626,EV000138,OF000008,COLLECTED,2025-07-27T04:26:24Z
COC000627,EV000138,OF000008,SEALED,2025-07-27T10:26:24Z
COC000628,EV000138,OF000008,TRANSFERRED,2025-07-28T04:26:24Z
COC000629,EV000138,OF000002,RECEIVED_IN_VAULT,2025-07-29T04:26:24Z
COC000630,EV000138,OF000006,VERIFIED,2025-07-30T04:26:24Z
COC000631,EV000139,OF000001,COLLECTED,2025-07-11T04:26:24Z
COC000632,EV000139,OF000005,SEALED,2025-07-11T10:26:24Z
COC000633,EV000139,OF000004,TRANSFERRED,2025-07-12T04:26:24Z
COC000634,EV000139,OF000008,RECEIVED_IN_VAULT,2025-07-13T04:26:24Z
COC000635,EV000139,OF000007,VERIFIED,2025-07-14T04:26:24Z
COC000636,EV000140,OF000002,COLLECTED,2026-01-18T21:36:35Z
COC000637,EV000140,OF000006,SEALED,2026-01-19T03:36:35Z
COC000638,EV000140,OF000001,TRANSFERRED,2026-01-19T21:36:35Z
COC000639,EV000140,OF000001,RECEIVED_IN_VAULT,2026-01-20T21:36:35Z
COC000640,EV000140,OF000003,VERIFIED,2026-01-21T21:36:35Z
COC000641,EV000141,OF000001,COLLECTED,2026-01-02T21:36:35Z
COC000642,EV000141,OF000004,SEALED,2026-01-03T03:36:35Z
COC000643,EV000141,OF000007,TRANSFERRED,2026-01-03T21:36:35Z
COC000644,EV000141,OF000003,RECEIVED_IN_VAULT,2026-01-04T21:36:35Z
COC000645,EV000141,OF000007,VERIFIED,2026-01-05T21:36:35Z
COC000646,EV000142,OF000001,COLLECTED,2024-04-15T19:32:41Z
COC000647,EV000142,OF000002,SEALED,2024-04-16T01:32:41Z
COC000648,EV000142,OF000004,TRANSFERRED,2024-04-16T19:32:41Z
COC000649,EV000142,OF000005,RECEIVED_IN_VAULT,2024-04-17T19:32:41Z
COC000650,EV000142,OF000007,VERIFIED,2024-04-18T19:32:41Z
COC000651,EV000143,OF000004,COLLECTED,2024-04-03T19:32:41Z
COC000652,EV000143,OF000006,SEALED,2024-04-04T01:32:41Z
COC000653,EV000143,OF000005,TRANSFERRED,2024-04-04T19:32:41Z
COC000654,EV000143,OF000001,RECEIVED_IN_VAULT,2024-04-05T19:32:41Z
COC000655,EV000143,OF000001,VERIFIED,2024-04-06T19:32:41Z
COC000656,EV000144,OF000005,COLLECTED,2024-08-01T18:41:53Z
COC000657,EV000144,OF000003,SEALED,2024-08-02T00:41:53Z
COC000658,EV000144,OF000003,TRANSFERRED,2024-08-02T18:41:53Z
COC000659,EV000144,OF000005,RECEIVED_IN_VAULT,2024-08-03T18:41:53Z
COC000660,EV000144,OF000006,VERIFIED,2024-08-04T18:41:53Z
COC000661,EV000145,OF000003,COLLECTED,2024-08-05T18:41:53Z
COC000662,EV000145,OF000003,SEALED,2024-08-06T00:41:53Z
COC000663,EV000145,OF000001,TRANSFERRED,2024-08-06T18:41:53Z
COC000664,EV000145,OF000002,RECEIVED_IN_VAULT,2024-08-07T18:41:53Z
COC000665,EV000145,OF000004,VERIFIED,2024-08-08T18:41:53Z
COC000666,EV000146,OF000004,COLLECTED,2024-08-27T18:41:53Z
COC000667,EV000146,OF000004,SEALED,2024-08-28T00:41:53Z
COC000668,EV000146,OF000003,TRANSFERRED,2024-08-28T18:41:53Z
COC000669,EV000146,OF000008,RECEIVED_IN_VAULT,2024-08-29T18:41:53Z
COC000670,EV000146,OF000005,VERIFIED,2024-08-30T18:41:53Z
COC000671,EV000147,OF000005,COLLECTED,2025-05-23T23:13:57Z
COC000672,EV000147,OF000006,SEALED,2025-05-24T05:13:57Z
COC000673,EV000147,OF000002,TRANSFERRED,2025-05-24T23:13:57Z
COC000674,EV000147,OF000002,RECEIVED_IN_VAULT,2025-05-25T23:13:57Z
COC000675,EV000147,OF000004,VERIFIED,2025-05-26T23:13:57Z
COC000676,EV000148,OF000005,COLLECTED,2024-03-11T17:54:12Z
COC000677,EV000148,OF000006,SEALED,2024-03-11T23:54:12Z
COC000678,EV000148,OF000007,TRANSFERRED,2024-03-12T17:54:12Z
COC000679,EV000148,OF000003,RECEIVED_IN_VAULT,2024-03-13T17:54:12Z
COC000680,EV000148,OF000003,VERIFIED,2024-03-14T17:54:12Z
COC000681,EV000149,OF000003,COLLECTED,2025-07-17T11:35:52Z
COC000682,EV000149,OF000005,SEALED,2025-07-17T17:35:52Z
COC000683,EV000149,OF000002,TRANSFERRED,2025-07-18T11:35:52Z
COC000684,EV000149,OF000003,RECEIVED_IN_VAULT,2025-07-19T11:35:52Z
COC000685,EV000149,OF000002,VERIFIED,2025-07-20T11:35:52Z
COC000686,EV000150,OF000006,COLLECTED,2025-07-19T11:35:52Z
COC000687,EV000150,OF000006,SEALED,2025-07-19T17:35:52Z
COC000688,EV000150,OF000008,TRANSFERRED,2025-07-20T11:35:52Z
COC000689,EV000150,OF000001,RECEIVED_IN_VAULT,2025-07-21T11:35:52Z
COC000690,EV000150,OF000008,VERIFIED,2025-07-22T11:35:52Z
COC000691,EV000151,OF000006,COLLECTED,2025-06-22T11:35:52Z
COC000692,EV000151,OF000004,SEALED,2025-06-22T17:35:52Z
COC000693,EV000151,OF000008,TRANSFERRED,2025-06-23T11:35:52Z
COC000694,EV000151,OF000005,RECEIVED_IN_VAULT,2025-06-24T11:35:52Z
COC000695,EV000151,OF000002,VERIFIED,2025-06-25T11:35:52Z
COC000696,EV000152,OF000001,COLLECTED,2024-10-18T20:49:52Z
COC000697,EV000152,OF000006,SEALED,2024-10-19T02:49:52Z
COC000698,EV000152,OF000005,TRANSFERRED,2024-10-19T20:49:52Z
COC000699,EV000152,OF000006,RECEIVED_IN_VAULT,2024-10-20T20:49:52Z
COC000700,EV000152,OF000006,VERIFIED,2024-10-21T20:49:52Z
COC000701,EV000153,OF000002,COLLECTED,2025-02-22T16:30:00Z
COC000702,EV000153,OF000003,SEALED,2025-02-22T22:30:00Z
COC000703,EV000153,OF000004,TRANSFERRED,2025-02-23T16:30:00Z
COC000704,EV000153,OF000004,RECEIVED_IN_VAULT,2025-02-24T16:30:00Z
COC000705,EV000153,OF000007,VERIFIED,2025-02-25T16:30:00Z
COC000706,EV000154,OF000005,COLLECTED,2026-03-16T03:40:50Z
COC000707,EV000154,OF000003,SEALED,2026-03-16T09:40:50Z
COC000708,EV000154,OF000002,TRANSFERRED,2026-03-17T03:40:50Z
COC000709,EV000154,OF000001,RECEIVED_IN_VAULT,2026-03-18T03:40:50Z
COC000710,EV000154,OF000002,VERIFIED,2026-03-19T03:40:50Z
COC000711,EV000155,OF000007,COLLECTED,2026-03-18T03:40:50Z
COC000712,EV000155,OF000006,SEALED,2026-03-18T09:40:50Z
COC000713,EV000155,OF000003,TRANSFERRED,2026-03-19T03:40:50Z
COC000714,EV000155,OF000003,RECEIVED_IN_VAULT,2026-03-20T03:40:50Z
COC000715,EV000155,OF000001,VERIFIED,2026-03-21T03:40:50Z
COC000716,EV000156,OF000006,COLLECTED,2024-09-28T16:05:38Z
COC000717,EV000156,OF000006,SEALED,2024-09-28T22:05:38Z
COC000718,EV000156,OF000004,TRANSFERRED,2024-09-29T16:05:38Z
COC000719,EV000156,OF000004,RECEIVED_IN_VAULT,2024-09-30T16:05:38Z
COC000720,EV000156,OF000001,VERIFIED,2024-10-01T16:05:38Z
COC000721,EV000157,OF000004,COLLECTED,2024-09-18T16:05:38Z
COC000722,EV000157,OF000006,SEALED,2024-09-18T22:05:38Z
COC000723,EV000157,OF000002,TRANSFERRED,2024-09-19T16:05:38Z
COC000724,EV000157,OF000006,RECEIVED_IN_VAULT,2024-09-20T16:05:38Z
COC000725,EV000157,OF000005,VERIFIED,2024-09-21T16:05:38Z
COC000726,EV000158,OF000005,COLLECTED,2024-09-14T16:05:38Z
COC000727,EV000158,OF000003,SEALED,2024-09-14T22:05:38Z
COC000728,EV000158,OF000003,TRANSFERRED,2024-09-15T16:05:38Z
COC000729,EV000158,OF000002,RECEIVED_IN_VAULT,2024-09-16T16:05:38Z
COC000730,EV000158,OF000008,VERIFIED,2024-09-17T16:05:38Z
COC000731,EV000159,OF000006,COLLECTED,2026-04-09T06:13:12Z
COC000732,EV000159,OF000003,SEALED,2026-04-09T12:13:12Z
COC000733,EV000159,OF000003,TRANSFERRED,2026-04-10T06:13:12Z
COC000734,EV000159,OF000006,RECEIVED_IN_VAULT,2026-04-11T06:13:12Z
COC000735,EV000159,OF000004,VERIFIED,2026-04-12T06:13:12Z
COC000736,EV000160,OF000005,COLLECTED,2026-03-07T06:13:12Z
COC000737,EV000160,OF000008,SEALED,2026-03-07T12:13:12Z
COC000738,EV000160,OF000008,TRANSFERRED,2026-03-08T06:13:12Z
COC000739,EV000160,OF000002,RECEIVED_IN_VAULT,2026-03-09T06:13:12Z
COC000740,EV000160,OF000006,VERIFIED,2026-03-10T06:13:12Z
COC000741,EV000161,OF000002,COLLECTED,2026-03-15T06:13:12Z
COC000742,EV000161,OF000002,SEALED,2026-03-15T12:13:12Z
COC000743,EV000161,OF000005,TRANSFERRED,2026-03-16T06:13:12Z
COC000744,EV000161,OF000001,RECEIVED_IN_VAULT,2026-03-17T06:13:12Z
COC000745,EV000161,OF000001,VERIFIED,2026-03-18T06:13:12Z
COC000746,EV000162,OF000004,COLLECTED,2026-08-15T04:56:20Z
COC000747,EV000162,OF000008,SEALED,2026-08-15T10:56:20Z
COC000748,EV000162,OF000001,TRANSFERRED,2026-08-16T04:56:20Z
COC000749,EV000162,OF000002,RECEIVED_IN_VAULT,2026-08-17T04:56:20Z
COC000750,EV000162,OF000003,VERIFIED,2026-08-18T04:56:20Z
COC000751,EV000163,OF000005,COLLECTED,2026-08-07T04:56:20Z
COC000752,EV000163,OF000002,SEALED,2026-08-07T10:56:20Z
COC000753,EV000163,OF000005,TRANSFERRED,2026-08-08T04:56:20Z
COC000754,EV000163,OF000003,RECEIVED_IN_VAULT,2026-08-09T04:56:20Z
COC000755,EV000163,OF000001,VERIFIED,2026-08-10T04:56:20Z
COC000756,EV000164,OF000006,COLLECTED,2026-08-27T04:56:20Z
COC000757,EV000164,OF000002,SEALED,2026-08-27T10:56:20Z
COC000758,EV000164,OF000004,TRANSFERRED,2026-08-28T04:56:20Z
COC000759,EV000164,OF000008,RECEIVED_IN_VAULT,2026-08-29T04:56:20Z
COC000760,EV000164,OF000005,VERIFIED,2026-08-30T04:56:20Z
COC000761,EV000165,OF000008,COLLECTED,2026-06-12T04:05:40Z
COC000762,EV000165,OF000002,SEALED,2026-06-12T10:05:40Z
COC000763,EV000165,OF000006,TRANSFERRED,2026-06-13T04:05:40Z
COC000764,EV000165,OF000001,RECEIVED_IN_VAULT,2026-06-14T04:05:40Z
COC000765,EV000165,OF000007,VERIFIED,2026-06-15T04:05:40Z
COC000766,EV000166,OF000007,COLLECTED,2026-06-25T04:05:40Z
COC000767,EV000166,OF000001,SEALED,2026-06-25T10:05:40Z
COC000768,EV000166,OF000008,TRANSFERRED,2026-06-26T04:05:40Z
COC000769,EV000166,OF000004,RECEIVED_IN_VAULT,2026-06-27T04:05:40Z
COC000770,EV000166,OF000003,VERIFIED,2026-06-28T04:05:40Z
COC000771,EV000167,OF000001,COLLECTED,2024-10-21T20:54:19Z
COC000772,EV000167,OF000003,SEALED,2024-10-22T02:54:19Z
COC000773,EV000167,OF000005,TRANSFERRED,2024-10-22T20:54:19Z
COC000774,EV000167,OF000008,RECEIVED_IN_VAULT,2024-10-23T20:54:19Z
COC000775,EV000167,OF000004,VERIFIED,2024-10-24T20:54:19Z
COC000776,EV000168,OF000003,COLLECTED,2024-12-03T13:54:19Z
COC000777,EV000168,OF000003,SEALED,2024-12-03T19:54:19Z
COC000778,EV000168,OF000001,TRANSFERRED,2024-12-04T13:54:19Z
COC000779,EV000168,OF000004,RECEIVED_IN_VAULT,2024-12-05T13:54:19Z
COC000780,EV000168,OF000006,VERIFIED,2024-12-06T13:54:19Z
COC000781,EV000169,OF000003,COLLECTED,2024-11-25T13:54:19Z
COC000782,EV000169,OF000008,SEALED,2024-11-25T19:54:19Z
COC000783,EV000169,OF000007,TRANSFERRED,2024-11-26T13:54:19Z
COC000784,EV000169,OF000004,RECEIVED_IN_VAULT,2024-11-27T13:54:19Z
COC000785,EV000169,OF000008,VERIFIED,2024-11-28T13:54:19Z
COC000786,EV000170,OF000007,COLLECTED,2024-12-02T13:54:19Z
COC000787,EV000170,OF000002,SEALED,2024-12-02T19:54:19Z
COC000788,EV000170,OF000004,TRANSFERRED,2024-12-03T13:54:19Z
COC000789,EV000170,OF000005,RECEIVED_IN_VAULT,2024-12-04T13:54:19Z
COC000790,EV000170,OF000004,VERIFIED,2024-12-05T13:54:19Z
COC000791,EV000171,OF000008,COLLECTED,2024-05-09T06:06:52Z
COC000792,EV000171,OF000003,SEALED,2024-05-09T12:06:52Z
COC000793,EV000171,OF000005,TRANSFERRED,2024-05-10T06:06:52Z
COC000794,EV000171,OF000005,RECEIVED_IN_VAULT,2024-05-11T06:06:52Z
COC000795,EV000171,OF000004,VERIFIED,2024-05-12T06:06:52Z
COC000796,EV000172,OF000002,COLLECTED,2025-05-02T02:41:28Z
COC000797,EV000172,OF000008,SEALED,2025-05-02T08:41:28Z
COC000798,EV000172,OF000003,TRANSFERRED,2025-05-03T02:41:28Z
COC000799,EV000172,OF000001,RECEIVED_IN_VAULT,2025-05-04T02:41:28Z
COC000800,EV000172,OF000001,VERIFIED,2025-05-05T02:41:28Z
COC000801,EV000173,OF000006,COLLECTED,2025-05-26T02:41:28Z
COC000802,EV000173,OF000007,SEALED,2025-05-26T08:41:28Z
COC000803,EV000173,OF000005,TRANSFERRED,2025-05-27T02:41:28Z
COC000804,EV000173,OF000004,RECEIVED_IN_VAULT,2025-05-28T02:41:28Z
COC000805,EV000173,OF000004,VERIFIED,2025-05-29T02:41:28Z
COC000806,EV000174,OF000004,COLLECTED,2025-04-27T02:41:28Z
COC000807,EV000174,OF000003,SEALED,2025-04-27T08:41:28Z
COC000808,EV000174,OF000005,TRANSFERRED,2025-04-28T02:41:28Z
COC000809,EV000174,OF000006,RECEIVED_IN_VAULT,2025-04-29T02:41:28Z
COC000810,EV000174,OF000004,VERIFIED,2025-04-30T02:41:28Z
COC000811,EV000175,OF000008,COLLECTED,2025-10-05T13:44:16Z
COC000812,EV000175,OF000008,SEALED,2025-10-05T19:44:16Z
COC000813,EV000175,OF000003,TRANSFERRED,2025-10-06T13:44:16Z
COC000814,EV000175,OF000008,RECEIVED_IN_VAULT,2025-10-07T13:44:16Z
COC000815,EV000175,OF000008,VERIFIED,2025-10-08T13:44:16Z
COC000816,EV000176,OF000003,COLLECTED,2026-03-29T16:00:15Z
COC000817,EV000176,OF000005,SEALED,2026-03-29T22:00:15Z
COC000818,EV000176,OF000002,TRANSFERRED,2026-03-30T16:00:15Z
COC000819,EV000176,OF000007,RECEIVED_IN_VAULT,2026-03-31T16:00:15Z
COC000820,EV000176,OF000007,VERIFIED,2026-04-01T16:00:15Z
COC000821,EV000177,OF000005,COLLECTED,2026-04-10T16:00:15Z
COC000822,EV000177,OF000007,SEALED,2026-04-10T22:00:15Z
COC000823,EV000177,OF000006,TRANSFERRED,2026-04-11T16:00:15Z
COC000824,EV000177,OF000005,RECEIVED_IN_VAULT,2026-04-12T16:00:15Z
COC000825,EV000177,OF000008,VERIFIED,2026-04-13T16:00:15Z
COC000826,EV000178,OF000007,COLLECTED,2024-06-05T08:40:23Z
COC000827,EV000178,OF000002,SEALED,2024-06-05T14:40:23Z
COC000828,EV000178,OF000006,TRANSFERRED,2024-06-06T08:40:23Z
COC000829,EV000178,OF000004,RECEIVED_IN_VAULT,2024-06-07T08:40:23Z
COC000830,EV000178,OF000006,VERIFIED,2024-06-08T08:40:23Z
COC000831,EV000179,OF000005,COLLECTED,2024-05-20T08:40:23Z
COC000832,EV000179,OF000001,SEALED,2024-05-20T14:40:23Z
COC000833,EV000179,OF000006,TRANSFERRED,2024-05-21T08:40:23Z
COC000834,EV000179,OF000003,RECEIVED_IN_VAULT,2024-05-22T08:40:23Z
COC000835,EV000179,OF000007,VERIFIED,2024-05-23T08:40:23Z
COC000836,EV000180,OF000005,COLLECTED,2024-05-28T08:40:23Z
COC000837,EV000180,OF000003,SEALED,2024-05-28T14:40:23Z
COC000838,EV000180,OF000003,TRANSFERRED,2024-05-29T08:40:23Z
COC000839,EV000180,OF000004,RECEIVED_IN_VAULT,2024-05-30T08:40:23Z
COC000840,EV000180,OF000001,VERIFIED,2024-05-31T08:40:23Z
COC000841,EV000181,OF000008,COLLECTED,2025-04-01T03:15:34Z
COC000842,EV000181,OF000004,SEALED,2025-04-01T09:15:34Z
COC000843,EV000181,OF000007,TRANSFERRED,2025-04-02T03:15:34Z
COC000844,EV000181,OF000005,RECEIVED_IN_VAULT,2025-04-03T03:15:34Z
COC000845,EV000181,OF000005,VERIFIED,2025-04-04T03:15:34Z
COC000846,EV000182,OF000008,COLLECTED,2025-03-14T03:15:34Z
COC000847,EV000182,OF000007,SEALED,2025-03-14T09:15:34Z
COC000848,EV000182,OF000007,TRANSFERRED,2025-03-15T03:15:34Z
COC000849,EV000182,OF000003,RECEIVED_IN_VAULT,2025-03-16T03:15:34Z
COC000850,EV000182,OF000003,VERIFIED,2025-03-17T03:15:34Z
COC000851,EV000183,OF000007,COLLECTED,2025-02-04T10:51:27Z
COC000852,EV000183,OF000006,SEALED,2025-02-04T16:51:27Z
COC000853,EV000183,OF000001,TRANSFERRED,2025-02-05T10:51:27Z
COC000854,EV000183,OF000004,RECEIVED_IN_VAULT,2025-02-06T10:51:27Z
COC000855,EV000183,OF000007,VERIFIED,2025-02-07T10:51:27Z
COC000856,EV000184,OF000008,COLLECTED,2025-01-18T10:51:27Z
COC000857,EV000184,OF000008,SEALED,2025-01-18T16:51:27Z
COC000858,EV000184,OF000001,TRANSFERRED,2025-01-19T10:51:27Z
COC000859,EV000184,OF000006,RECEIVED_IN_VAULT,2025-01-20T10:51:27Z
COC000860,EV000184,OF000008,VERIFIED,2025-01-21T10:51:27Z
COC000861,EV000185,OF000008,COLLECTED,2025-06-18T22:12:28Z
COC000862,EV000185,OF000008,SEALED,2025-06-19T04:12:28Z
COC000863,EV000185,OF000006,TRANSFERRED,2025-06-19T22:12:28Z
COC000864,EV000185,OF000006,RECEIVED_IN_VAULT,2025-06-20T22:12:28Z
COC000865,EV000185,OF000007,VERIFIED,2025-06-21T22:12:28Z
COC000866,EV000186,OF000008,COLLECTED,2025-11-01T13:23:21Z
COC000867,EV000186,OF000004,SEALED,2025-11-01T19:23:21Z
COC000868,EV000186,OF000004,TRANSFERRED,2025-11-02T13:23:21Z
COC000869,EV000186,OF000008,RECEIVED_IN_VAULT,2025-11-03T13:23:21Z
COC000870,EV000186,OF000005,VERIFIED,2025-11-04T13:23:21Z
COC000871,EV000187,OF000007,COLLECTED,2025-11-13T13:23:21Z
COC000872,EV000187,OF000006,SEALED,2025-11-13T19:23:21Z
COC000873,EV000187,OF000005,TRANSFERRED,2025-11-14T13:23:21Z
COC000874,EV000187,OF000003,RECEIVED_IN_VAULT,2025-11-15T13:23:21Z
COC000875,EV000187,OF000002,VERIFIED,2025-11-16T13:23:21Z
COC000876,EV000188,OF000006,COLLECTED,2024-10-22T16:49:56Z
COC000877,EV000188,OF000002,SEALED,2024-10-22T22:49:56Z
COC000878,EV000188,OF000007,TRANSFERRED,2024-10-23T16:49:56Z
COC000879,EV000188,OF000007,RECEIVED_IN_VAULT,2024-10-24T16:49:56Z
COC000880,EV000188,OF000008,VERIFIED,2024-10-25T16:49:56Z
COC000881,EV000189,OF000003,COLLECTED,2024-11-04T16:49:56Z
COC000882,EV000189,OF000007,SEALED,2024-11-04T22:49:56Z
COC000883,EV000189,OF000008,TRANSFERRED,2024-11-05T16:49:56Z
COC000884,EV000189,OF000005,RECEIVED_IN_VAULT,2024-11-06T16:49:56Z
COC000885,EV000189,OF000006,VERIFIED,2024-11-07T16:49:56Z
COC000886,EV000190,OF000003,COLLECTED,2024-10-20T16:49:56Z
COC000887,EV000190,OF000001,SEALED,2024-10-20T22:49:56Z
COC000888,EV000190,OF000004,TRANSFERRED,2024-10-21T16:49:56Z
COC000889,EV000190,OF000004,RECEIVED_IN_VAULT,2024-10-22T16:49:56Z
COC000890,EV000190,OF000001,VERIFIED,2024-10-23T16:49:56Z
COC000891,EV000191,OF000002,COLLECTED,2026-06-15T17:18:39Z
COC000892,EV000191,OF000002,SEALED,2026-06-15T23:18:39Z
COC000893,EV000191,OF000001,TRANSFERRED,2026-06-16T17:18:39Z
COC000894,EV000191,OF000007,RECEIVED_IN_VAULT,2026-06-17T17:18:39Z
COC000895,EV000191,OF000007,VERIFIED,2026-06-18T17:18:39Z
COC000896,EV000192,OF000001,COLLECTED,2026-06-02T17:18:39Z
COC000897,EV000192,OF000007,SEALED,2026-06-02T23:18:39Z
COC000898,EV000192,OF000006,TRANSFERRED,2026-06-03T17:18:39Z
COC000899,EV000192,OF000006,RECEIVED_IN_VAULT,2026-06-04T17:18:39Z
COC000900,EV000192,OF000004,VERIFIED,2026-06-05T17:18:39Z
COC000901,EV000193,OF000007,COLLECTED,2026-06-16T00:44:01Z
COC000902,EV000193,OF000008,SEALED,2026-06-16T06:44:01Z
COC000903,EV000193,OF000008,TRANSFERRED,2026-06-17T00:44:01Z
COC000904,EV000193,OF000006,RECEIVED_IN_VAULT,2026-06-18T00:44:01Z
COC000905,EV000193,OF000002,VERIFIED,2026-06-19T00:44:01Z
COC000906,EV000194,OF000004,COLLECTED,2026-07-11T00:44:01Z
COC000907,EV000194,OF000004,SEALED,2026-07-11T06:44:01Z
COC000908,EV000194,OF000007,TRANSFERRED,2026-07-12T00:44:01Z
COC000909,EV000194,OF000001,RECEIVED_IN_VAULT,2026-07-13T00:44:01Z
COC000910,EV000194,OF000005,VERIFIED,2026-07-14T00:44:01Z
COC000911,EV000195,OF000007,COLLECTED,2025-01-16T23:09:48Z
COC000912,EV000195,OF000001,SEALED,2025-01-17T05:09:48Z
COC000913,EV000195,OF000003,TRANSFERRED,2025-01-17T23:09:48Z
COC000914,EV000195,OF000004,RECEIVED_IN_VAULT,2025-01-18T23:09:48Z
COC000915,EV000195,OF000005,VERIFIED,2025-01-19T23:09:48Z
COC000916,EV000196,OF000006,COLLECTED,2025-01-10T23:09:48Z
COC000917,EV000196,OF000003,SEALED,2025-01-11T05:09:48Z
COC000918,EV000196,OF000006,TRANSFERRED,2025-01-11T23:09:48Z
COC000919,EV000196,OF000006,RECEIVED_IN_VAULT,2025-01-12T23:09:48Z
COC000920,EV000196,OF000007,VERIFIED,2025-01-13T23:09:48Z
COC000921,EV000197,OF000001,COLLECTED,2025-02-02T23:09:48Z
COC000922,EV000197,OF000006,SEALED,2025-02-03T05:09:48Z
COC000923,EV000197,OF000004,TRANSFERRED,2025-02-03T23:09:48Z
COC000924,EV000197,OF000008,RECEIVED_IN_VAULT,2025-02-04T23:09:48Z
COC000925,EV000197,OF000005,VERIFIED,2025-02-05T23:09:48Z
COC000926,EV000198,OF000003,COLLECTED,2026-06-04T06:08:16Z
COC000927,EV000198,OF000003,SEALED,2026-06-04T12:08:16Z
COC000928,EV000198,OF000007,TRANSFERRED,2026-06-05T06:08:16Z
COC000929,EV000198,OF000002,RECEIVED_IN_VAULT,2026-06-06T06:08:16Z
COC000930,EV000198,OF000001,VERIFIED,2026-06-07T06:08:16Z
COC000931,EV000199,OF000002,COLLECTED,2026-05-13T06:08:16Z
COC000932,EV000199,OF000002,SEALED,2026-05-13T12:08:16Z
COC000933,EV000199,OF000007,TRANSFERRED,2026-05-14T06:08:16Z
COC000934,EV000199,OF000007,RECEIVED_IN_VAULT,2026-05-15T06:08:16Z
COC000935,EV000199,OF000001,VERIFIED,2026-05-16T06:08:16Z
COC000936,EV000200,OF000006,COLLECTED,2026-05-20T06:08:16Z
COC000937,EV000200,OF000001,SEALED,2026-05-20T12:08:16Z
COC000938,EV000200,OF000004,TRANSFERRED,2026-05-21T06:08:16Z
COC000939,EV000200,OF000007,RECEIVED_IN_VAULT,2026-05-22T06:08:16Z
COC000940,EV000200,OF000006,VERIFIED,2026-05-23T06:08:16Z
COC000941,EV000201,OF000005,COLLECTED,2025-12-07T17:57:25Z
COC000942,EV000201,OF000004,SEALED,2025-12-07T23:57:25Z
COC000943,EV000201,OF000001,TRANSFERRED,2025-12-08T17:57:25Z
COC000944,EV000201,OF000005,RECEIVED_IN_VAULT,2025-12-09T17:57:25Z
COC000945,EV000201,OF000008,VERIFIED,2025-12-10T17:57:25Z
COC000946,EV000202,OF000002,COLLECTED,2025-12-10T17:57:25Z
COC000947,EV000202,OF000001,SEALED,2025-12-10T23:57:25Z
COC000948,EV000202,OF000006,TRANSFERRED,2025-12-11T17:57:25Z
COC000949,EV000202,OF000002,RECEIVED_IN_VAULT,2025-12-12T17:57:25Z
COC000950,EV000202,OF000004,VERIFIED,2025-12-13T17:57:25Z
COC000951,EV000203,OF000005,COLLECTED,2026-01-01T17:57:25Z
COC000952,EV000203,OF000003,SEALED,2026-01-01T23:57:25Z
COC000953,EV000203,OF000002,TRANSFERRED,2026-01-02T17:57:25Z
COC000954,EV000203,OF000008,RECEIVED_IN_VAULT,2026-01-03T17:57:25Z
COC000955,EV000203,OF000008,VERIFIED,2026-01-04T17:57:25Z
COC000956,EV000204,OF000002,COLLECTED,2025-11-25T00:23:15Z
COC000957,EV000204,OF000002,SEALED,2025-11-25T06:23:15Z
COC000958,EV000204,OF000005,TRANSFERRED,2025-11-26T00:23:15Z
COC000959,EV000204,OF000001,RECEIVED_IN_VAULT,2025-11-27T00:23:15Z
COC000960,EV000204,OF000004,VERIFIED,2025-11-28T00:23:15Z
COC000961,EV000205,OF000002,COLLECTED,2025-11-26T00:23:15Z
COC000962,EV000205,OF000003,SEALED,2025-11-26T06:23:15Z
COC000963,EV000205,OF000001,TRANSFERRED,2025-11-27T00:23:15Z
COC000964,EV000205,OF000002,RECEIVED_IN_VAULT,2025-11-28T00:23:15Z
COC000965,EV000205,OF000006,VERIFIED,2025-11-29T00:23:15Z
COC000966,EV000206,OF000008,COLLECTED,2025-12-07T00:23:15Z
COC000967,EV000206,OF000004,SEALED,2025-12-07T06:23:15Z
COC000968,EV000206,OF000007,TRANSFERRED,2025-12-08T00:23:15Z
COC000969,EV000206,OF000004,RECEIVED_IN_VAULT,2025-12-09T00:23:15Z
COC000970,EV000206,OF000002,VERIFIED,2025-12-10T00:23:15Z
COC000971,EV000207,OF000008,COLLECTED,2024-12-15T13:19:52Z
COC000972,EV000207,OF000005,SEALED,2024-12-15T19:19:52Z
COC000973,EV000207,OF000004,TRANSFERRED,2024-12-16T13:19:52Z
COC000974,EV000207,OF000006,RECEIVED_IN_VAULT,2024-12-17T13:19:52Z
COC000975,EV000207,OF000004,VERIFIED,2024-12-18T13:19:52Z
COC000976,EV000208,OF000004,COLLECTED,2024-01-29T06:05:05Z
COC000977,EV000208,OF000004,SEALED,2024-01-29T12:05:05Z
COC000978,EV000208,OF000003,TRANSFERRED,2024-01-30T06:05:05Z
COC000979,EV000208,OF000005,RECEIVED_IN_VAULT,2024-01-31T06:05:05Z
COC000980,EV000208,OF000006,VERIFIED,2024-02-01T06:05:05Z
COC000981,EV000209,OF000002,COLLECTED,2024-02-16T06:05:05Z
COC000982,EV000209,OF000001,SEALED,2024-02-16T12:05:05Z
COC000983,EV000209,OF000004,TRANSFERRED,2024-02-17T06:05:05Z
COC000984,EV000209,OF000001,RECEIVED_IN_VAULT,2024-02-18T06:05:05Z
COC000985,EV000209,OF000005,VERIFIED,2024-02-19T06:05:05Z
COC000986,EV000210,OF000005,COLLECTED,2024-02-27T06:05:05Z
COC000987,EV000210,OF000008,SEALED,2024-02-27T12:05:05Z
COC000988,EV000210,OF000004,TRANSFERRED,2024-02-28T06:05:05Z
COC000989,EV000210,OF000007,RECEIVED_IN_VAULT,2024-02-29T06:05:05Z
COC000990,EV000210,OF000007,VERIFIED,2024-03-01T06:05:05Z
COC000991,EV000211,OF000001,COLLECTED,2025-12-25T14:38:31Z
COC000992,EV000211,OF000006,SEALED,2025-12-25T20:38:31Z
COC000993,EV000211,OF000001,TRANSFERRED,2025-12-26T14:38:31Z
COC000994,EV000211,OF000001,RECEIVED_IN_VAULT,2025-12-27T14:38:31Z
COC000995,EV000211,OF000008,VERIFIED,2025-12-28T14:38:31Z
COC000996,EV000212,OF000006,COLLECTED,2025-12-30T14:38:31Z
COC000997,EV000212,OF000002,SEALED,2025-12-30T20:38:31Z
COC000998,EV000212,OF000005,TRANSFERRED,2025-12-31T14:38:31Z
COC000999,EV000212,OF000004,RECEIVED_IN_VAULT,2026-01-01T14:38:31Z
COC001000,EV000212,OF000003,VERIFIED,2026-01-02T14:38:31Z
COC001001,EV000213,OF000004,COLLECTED,2026-04-26T11:33:00Z
COC001002,EV000213,OF000002,SEALED,2026-04-26T17:33:00Z
COC001003,EV000213,OF000002,TRANSFERRED,2026-04-27T11:33:00Z
COC001004,EV000213,OF000001,RECEIVED_IN_VAULT,2026-04-28T11:33:00Z
COC001005,EV000213,OF000004,VERIFIED,2026-04-29T11:33:00Z
COC001006,EV000214,OF000005,COLLECTED,2026-04-08T11:33:00Z
COC001007,EV000214,OF000002,SEALED,2026-04-08T17:33:00Z
COC001008,EV000214,OF000004,TRANSFERRED,2026-04-09T11:33:00Z
COC001009,EV000214,OF000004,RECEIVED_IN_VAULT,2026-04-10T11:33:00Z
COC001010,EV000214,OF000008,VERIFIED,2026-04-11T11:33:00Z
COC001011,EV000215,OF000008,COLLECTED,2024-11-09T12:02:45Z
COC001012,EV000215,OF000006,SEALED,2024-11-09T18:02:45Z
COC001013,EV000215,OF000001,TRANSFERRED,2024-11-10T12:02:45Z
COC001014,EV000215,OF000003,RECEIVED_IN_VAULT,2024-11-11T12:02:45Z
COC001015,EV000215,OF000008,VERIFIED,2024-11-12T12:02:45Z
COC001016,EV000216,OF000003,COLLECTED,2024-10-17T12:02:45Z
COC001017,EV000216,OF000006,SEALED,2024-10-17T18:02:45Z
COC001018,EV000216,OF000005,TRANSFERRED,2024-10-18T12:02:45Z
COC001019,EV000216,OF000007,RECEIVED_IN_VAULT,2024-10-19T12:02:45Z
COC001020,EV000216,OF000003,VERIFIED,2024-10-20T12:02:45Z
COC001021,EV000217,OF000006,COLLECTED,2024-06-14T00:35:46Z
COC001022,EV000217,OF000006,SEALED,2024-06-14T06:35:46Z
COC001023,EV000217,OF000005,TRANSFERRED,2024-06-15T00:35:46Z
COC001024,EV000217,OF000003,RECEIVED_IN_VAULT,2024-06-16T00:35:46Z
COC001025,EV000217,OF000006,VERIFIED,2024-06-17T00:35:46Z
COC001026,EV000218,OF000004,COLLECTED,2025-12-31T04:16:44Z
COC001027,EV000218,OF000002,SEALED,2025-12-31T10:16:44Z
COC001028,EV000218,OF000003,TRANSFERRED,2026-01-01T04:16:44Z
COC001029,EV000218,OF000002,RECEIVED_IN_VAULT,2026-01-02T04:16:44Z
COC001030,EV000218,OF000007,VERIFIED,2026-01-03T04:16:44Z
COC001031,EV000219,OF000001,COLLECTED,2025-12-30T04:16:44Z
COC001032,EV000219,OF000006,SEALED,2025-12-30T10:16:44Z
COC001033,EV000219,OF000006,TRANSFERRED,2025-12-31T04:16:44Z
COC001034,EV000219,OF000008,RECEIVED_IN_VAULT,2026-01-01T04:16:44Z
COC001035,EV000219,OF000006,VERIFIED,2026-01-02T04:16:44Z
COC001036,EV000220,OF000002,COLLECTED,2025-12-28T04:16:44Z
COC001037,EV000220,OF000001,SEALED,2025-12-28T10:16:44Z
COC001038,EV000220,OF000003,TRANSFERRED,2025-12-29T04:16:44Z
COC001039,EV000220,OF000001,RECEIVED_IN_VAULT,2025-12-30T04:16:44Z
COC001040,EV000220,OF000008,VERIFIED,2025-12-31T04:16:44Z
COC001041,EV000221,OF000004,COLLECTED,2026-03-21T05:58:39Z
COC001042,EV000221,OF000001,SEALED,2026-03-21T11:58:39Z
COC001043,EV000221,OF000005,TRANSFERRED,2026-03-22T05:58:39Z
COC001044,EV000221,OF000005,RECEIVED_IN_VAULT,2026-03-23T05:58:39Z
COC001045,EV000221,OF000005,VERIFIED,2026-03-24T05:58:39Z
COC001046,EV000222,OF000005,COLLECTED,2026-03-13T05:58:39Z
COC001047,EV000222,OF000003,SEALED,2026-03-13T11:58:39Z
COC001048,EV000222,OF000005,TRANSFERRED,2026-03-14T05:58:39Z
COC001049,EV000222,OF000005,RECEIVED_IN_VAULT,2026-03-15T05:58:39Z
COC001050,EV000222,OF000001,VERIFIED,2026-03-16T05:58:39Z
COC001051,EV000223,OF000006,COLLECTED,2026-03-17T05:58:39Z
COC001052,EV000223,OF000003,SEALED,2026-03-17T11:58:39Z
COC001053,EV000223,OF000007,TRANSFERRED,2026-03-18T05:58:39Z
COC001054,EV000223,OF000002,RECEIVED_IN_VAULT,2026-03-19T05:58:39Z
COC001055,EV000223,OF000008,VERIFIED,2026-03-20T05:58:39Z
COC001056,EV000224,OF000006,COLLECTED,2026-01-04T12:33:24Z
COC001057,EV000224,OF000003,SEALED,2026-01-04T18:33:24Z
COC001058,EV000224,OF000001,TRANSFERRED,2026-01-05T12:33:24Z
COC001059,EV000224,OF000007,RECEIVED_IN_VAULT,2026-01-06T12:33:24Z
COC001060,EV000224,OF000007,VERIFIED,2026-01-07T12:33:24Z
COC001061,EV000225,OF000007,COLLECTED,2025-12-28T12:33:24Z
COC001062,EV000225,OF000008,SEALED,2025-12-28T18:33:24Z
COC001063,EV000225,OF000007,TRANSFERRED,2025-12-29T12:33:24Z
COC001064,EV000225,OF000005,RECEIVED_IN_VAULT,2025-12-30T12:33:24Z
COC001065,EV000225,OF000007,VERIFIED,2025-12-31T12:33:24Z
COC001066,EV000226,OF000003,COLLECTED,2025-11-30T12:33:24Z
COC001067,EV000226,OF000004,SEALED,2025-11-30T18:33:24Z
COC001068,EV000226,OF000007,TRANSFERRED,2025-12-01T12:33:24Z
COC001069,EV000226,OF000006,RECEIVED_IN_VAULT,2025-12-02T12:33:24Z
COC001070,EV000226,OF000007,VERIFIED,2025-12-03T12:33:24Z
COC001071,EV000227,OF000003,COLLECTED,2025-10-08T06:23:28Z
COC001072,EV000227,OF000004,SEALED,2025-10-08T12:23:28Z
COC001073,EV000227,OF000007,TRANSFERRED,2025-10-09T06:23:28Z
COC001074,EV000227,OF000008,RECEIVED_IN_VAULT,2025-10-10T06:23:28Z
COC001075,EV000227,OF000002,VERIFIED,2025-10-11T06:23:28Z
COC001076,EV000228,OF000006,COLLECTED,2025-10-07T06:23:28Z
COC001077,EV000228,OF000005,SEALED,2025-10-07T12:23:28Z
COC001078,EV000228,OF000004,TRANSFERRED,2025-10-08T06:23:28Z
COC001079,EV000228,OF000002,RECEIVED_IN_VAULT,2025-10-09T06:23:28Z
COC001080,EV000228,OF000005,VERIFIED,2025-10-10T06:23:28Z
COC001081,EV000229,OF000005,COLLECTED,2025-03-21T20:32:19Z
COC001082,EV000229,OF000004,SEALED,2025-03-22T02:32:19Z
COC001083,EV000229,OF000002,TRANSFERRED,2025-03-22T20:32:19Z
COC001084,EV000229,OF000007,RECEIVED_IN_VAULT,2025-03-23T20:32:19Z
COC001085,EV000229,OF000008,VERIFIED,2025-03-24T20:32:19Z
COC001086,EV000230,OF000003,COLLECTED,2025-03-12T20:32:19Z
COC001087,EV000230,OF000007,SEALED,2025-03-13T02:32:19Z
COC001088,EV000230,OF000006,TRANSFERRED,2025-03-13T20:32:19Z
COC001089,EV000230,OF000002,RECEIVED_IN_VAULT,2025-03-14T20:32:19Z
COC001090,EV000230,OF000003,VERIFIED,2025-03-15T20:32:19Z
COC001091,EV000231,OF000007,COLLECTED,2025-03-29T20:32:19Z
COC001092,EV000231,OF000008,SEALED,2025-03-30T02:32:19Z
COC001093,EV000231,OF000007,TRANSFERRED,2025-03-30T20:32:19Z
COC001094,EV000231,OF000004,RECEIVED_IN_VAULT,2025-03-31T20:32:19Z
COC001095,EV000231,OF000008,VERIFIED,2025-04-01T20:32:19Z
COC001096,EV000232,OF000001,COLLECTED,2025-08-02T01:18:42Z
COC001097,EV000232,OF000004,SEALED,2025-08-02T07:18:42Z
COC001098,EV000232,OF000003,TRANSFERRED,2025-08-03T01:18:42Z
COC001099,EV000232,OF000001,RECEIVED_IN_VAULT,2025-08-04T01:18:42Z
COC001100,EV000232,OF000001,VERIFIED,2025-08-05T01:18:42Z
COC001101,EV000233,OF000001,COLLECTED,2025-07-05T01:18:42Z
COC001102,EV000233,OF000006,SEALED,2025-07-05T07:18:42Z
COC001103,EV000233,OF000004,TRANSFERRED,2025-07-06T01:18:42Z
COC001104,EV000233,OF000005,RECEIVED_IN_VAULT,2025-07-07T01:18:42Z
COC001105,EV000233,OF000005,VERIFIED,2025-07-08T01:18:42Z
COC001106,EV000234,OF000003,COLLECTED,2025-08-18T01:18:42Z
COC001107,EV000234,OF000007,SEALED,2025-08-18T07:18:42Z
COC001108,EV000234,OF000007,TRANSFERRED,2025-08-19T01:18:42Z
COC001109,EV000234,OF000001,RECEIVED_IN_VAULT,2025-08-20T01:18:42Z
COC001110,EV000234,OF000005,VERIFIED,2025-08-21T01:18:42Z
COC001111,EV000235,OF000004,COLLECTED,2025-12-11T18:11:40Z
COC001112,EV000235,OF000004,SEALED,2025-12-12T00:11:40Z
COC001113,EV000235,OF000006,TRANSFERRED,2025-12-12T18:11:40Z
COC001114,EV000235,OF000002,RECEIVED_IN_VAULT,2025-12-13T18:11:40Z
COC001115,EV000235,OF000005,VERIFIED,2025-12-14T18:11:40Z
COC001116,EV000236,OF000002,COLLECTED,2025-12-20T18:11:40Z
COC001117,EV000236,OF000006,SEALED,2025-12-21T00:11:40Z
COC001118,EV000236,OF000002,TRANSFERRED,2025-12-21T18:11:40Z
COC001119,EV000236,OF000005,RECEIVED_IN_VAULT,2025-12-22T18:11:40Z
COC001120,EV000236,OF000003,VERIFIED,2025-12-23T18:11:40Z
COC001121,EV000237,OF000007,COLLECTED,2025-12-22T18:11:40Z
COC001122,EV000237,OF000004,SEALED,2025-12-23T00:11:40Z
COC001123,EV000237,OF000005,TRANSFERRED,2025-12-23T18:11:40Z
COC001124,EV000237,OF000008,RECEIVED_IN_VAULT,2025-12-24T18:11:40Z
COC001125,EV000237,OF000001,VERIFIED,2025-12-25T18:11:40Z
COC001126,EV000238,OF000001,COLLECTED,2026-07-19T16:48:53Z
COC001127,EV000238,OF000003,SEALED,2026-07-19T22:48:53Z
COC001128,EV000238,OF000006,TRANSFERRED,2026-07-20T16:48:53Z
COC001129,EV000238,OF000008,RECEIVED_IN_VAULT,2026-07-21T16:48:53Z
COC001130,EV000238,OF000004,VERIFIED,2026-07-22T16:48:53Z
COC001131,EV000239,OF000002,COLLECTED,2024-10-03T10:57:18Z
COC001132,EV000239,OF000006,SEALED,2024-10-03T16:57:18Z
COC001133,EV000239,OF000004,TRANSFERRED,2024-10-04T10:57:18Z
COC001134,EV000239,OF000002,RECEIVED_IN_VAULT,2024-10-05T10:57:18Z
COC001135,EV000239,OF000002,VERIFIED,2024-10-06T10:57:18Z
COC001136,EV000240,OF000006,COLLECTED,2024-09-12T10:57:18Z
COC001137,EV000240,OF000006,SEALED,2024-09-12T16:57:18Z
COC001138,EV000240,OF000001,TRANSFERRED,2024-09-13T10:57:18Z
COC001139,EV000240,OF000006,RECEIVED_IN_VAULT,2024-09-14T10:57:18Z
COC001140,EV000240,OF000002,VERIFIED,2024-09-15T10:57:18Z
COC001141,EV000241,OF000003,COLLECTED,2024-09-19T10:57:18Z
COC001142,EV000241,OF000002,SEALED,2024-09-19T16:57:18Z
COC001143,EV000241,OF000006,TRANSFERRED,2024-09-20T10:57:18Z
COC001144,EV000241,OF000005,RECEIVED_IN_VAULT,2024-09-21T10:57:18Z
COC001145,EV000241,OF000006,VERIFIED,2024-09-22T10:57:18Z
COC001146,EV000242,OF000008,COLLECTED,2024-03-13T17:31:50Z
COC001147,EV000242,OF000001,SEALED,2024-03-13T23:31:50Z
COC001148,EV000242,OF000006,TRANSFERRED,2024-03-14T17:31:50Z
COC001149,EV000242,OF000001,RECEIVED_IN_VAULT,2024-03-15T17:31:50Z
COC001150,EV000242,OF000007,VERIFIED,2024-03-16T17:31:50Z
COC001151,EV000243,OF000002,COLLECTED,2024-08-09T00:46:13Z
COC001152,EV000243,OF000001,SEALED,2024-08-09T06:46:13Z
COC001153,EV000243,OF000008,TRANSFERRED,2024-08-10T00:46:13Z
COC001154,EV000243,OF000005,RECEIVED_IN_VAULT,2024-08-11T00:46:13Z
COC001155,EV000243,OF000005,VERIFIED,2024-08-12T00:46:13Z
COC001156,EV000244,OF000006,COLLECTED,2024-08-22T00:46:13Z
COC001157,EV000244,OF000004,SEALED,2024-08-22T06:46:13Z
COC001158,EV000244,OF000007,TRANSFERRED,2024-08-23T00:46:13Z
COC001159,EV000244,OF000007,RECEIVED_IN_VAULT,2024-08-24T00:46:13Z
COC001160,EV000244,OF000004,VERIFIED,2024-08-25T00:46:13Z
COC001161,EV000245,OF000001,COLLECTED,2024-11-02T19:11:32Z
COC001162,EV000245,OF000001,SEALED,2024-11-03T01:11:32Z
COC001163,EV000245,OF000006,TRANSFERRED,2024-11-03T19:11:32Z
COC001164,EV000245,OF000001,RECEIVED_IN_VAULT,2024-11-04T19:11:32Z
COC001165,EV000245,OF000008,VERIFIED,2024-11-05T19:11:32Z
COC001166,EV000246,OF000007,COLLECTED,2024-10-25T19:11:32Z
COC001167,EV000246,OF000006,SEALED,2024-10-26T01:11:32Z
COC001168,EV000246,OF000004,TRANSFERRED,2024-10-26T19:11:32Z
COC001169,EV000246,OF000008,RECEIVED_IN_VAULT,2024-10-27T19:11:32Z
COC001170,EV000246,OF000001,VERIFIED,2024-10-28T19:11:32Z
COC001171,EV000247,OF000005,COLLECTED,2024-10-12T19:11:32Z
COC001172,EV000247,OF000005,SEALED,2024-10-13T01:11:32Z
COC001173,EV000247,OF000007,TRANSFERRED,2024-10-13T19:11:32Z
COC001174,EV000247,OF000007,RECEIVED_IN_VAULT,2024-10-14T19:11:32Z
COC001175,EV000247,OF000001,VERIFIED,2024-10-15T19:11:32Z
COC001176,EV000248,OF000001,COLLECTED,2025-08-20T18:17:22Z
COC001177,EV000248,OF000002,SEALED,2025-08-21T00:17:22Z
COC001178,EV000248,OF000003,TRANSFERRED,2025-08-21T18:17:22Z
COC001179,EV000248,OF000003,RECEIVED_IN_VAULT,2025-08-22T18:17:22Z
COC001180,EV000248,OF000006,VERIFIED,2025-08-23T18:17:22Z
COC001181,EV000249,OF000002,COLLECTED,2024-12-28T08:56:44Z
COC001182,EV000249,OF000001,SEALED,2024-12-28T14:56:44Z
COC001183,EV000249,OF000008,TRANSFERRED,2024-12-29T08:56:44Z
COC001184,EV000249,OF000004,RECEIVED_IN_VAULT,2024-12-30T08:56:44Z
COC001185,EV000249,OF000005,VERIFIED,2024-12-31T08:56:44Z
COC001186,EV000250,OF000006,COLLECTED,2024-12-24T08:56:44Z
COC001187,EV000250,OF000006,SEALED,2024-12-24T14:56:44Z
COC001188,EV000250,OF000002,TRANSFERRED,2024-12-25T08:56:44Z
COC001189,EV000250,OF000007,RECEIVED_IN_VAULT,2024-12-26T08:56:44Z
COC001190,EV000250,OF000008,VERIFIED,2024-12-27T08:56:44Z
COC001191,EV000251,OF000002,COLLECTED,2024-12-11T08:56:44Z
COC001192,EV000251,OF000006,SEALED,2024-12-11T14:56:44Z
COC001193,EV000251,OF000001,TRANSFERRED,2024-12-12T08:56:44Z
COC001194,EV000251,OF000004,RECEIVED_IN_VAULT,2024-12-13T08:56:44Z
COC001195,EV000251,OF000006,VERIFIED,2024-12-14T08:56:44Z
COC001196,EV000252,OF000003,COLLECTED,2024-09-16T07:19:36Z
COC001197,EV000252,OF000007,SEALED,2024-09-16T13:19:36Z
COC001198,EV000252,OF000005,TRANSFERRED,2024-09-17T07:19:36Z
COC001199,EV000252,OF000003,RECEIVED_IN_VAULT,2024-09-18T07:19:36Z
COC001200,EV000252,OF000001,VERIFIED,2024-09-19T07:19:36Z
COC001201,EV000253,OF000005,COLLECTED,2024-10-09T07:19:36Z
COC001202,EV000253,OF000008,SEALED,2024-10-09T13:19:36Z
COC001203,EV000253,OF000008,TRANSFERRED,2024-10-10T07:19:36Z
COC001204,EV000253,OF000002,RECEIVED_IN_VAULT,2024-10-11T07:19:36Z
COC001205,EV000253,OF000006,VERIFIED,2024-10-12T07:19:36Z
COC001206,EV000254,OF000002,COLLECTED,2026-07-27T17:54:49Z
COC001207,EV000254,OF000003,SEALED,2026-07-27T23:54:49Z
COC001208,EV000254,OF000008,TRANSFERRED,2026-07-28T17:54:49Z
COC001209,EV000254,OF000008,RECEIVED_IN_VAULT,2026-07-29T17:54:49Z
COC001210,EV000254,OF000008,VERIFIED,2026-07-30T17:54:49Z
COC001211,EV000255,OF000001,COLLECTED,2025-07-21T13:50:25Z
COC001212,EV000255,OF000006,SEALED,2025-07-21T19:50:25Z
COC001213,EV000255,OF000001,TRANSFERRED,2025-07-22T13:50:25Z
COC001214,EV000255,OF000005,RECEIVED_IN_VAULT,2025-07-23T13:50:25Z
COC001215,EV000255,OF000002,VERIFIED,2025-07-24T13:50:25Z
COC001216,EV000256,OF000003,COLLECTED,2025-07-29T13:50:25Z
COC001217,EV000256,OF000005,SEALED,2025-07-29T19:50:25Z
COC001218,EV000256,OF000006,TRANSFERRED,2025-07-30T13:50:25Z
COC001219,EV000256,OF000005,RECEIVED_IN_VAULT,2025-07-31T13:50:25Z
COC001220,EV000256,OF000008,VERIFIED,2025-08-01T13:50:25Z
COC001221,EV000257,OF000003,COLLECTED,2025-08-10T13:50:25Z
COC001222,EV000257,OF000005,SEALED,2025-08-10T19:50:25Z
COC001223,EV000257,OF000003,TRANSFERRED,2025-08-11T13:50:25Z
COC001224,EV000257,OF000005,RECEIVED_IN_VAULT,2025-08-12T13:50:25Z
COC001225,EV000257,OF000001,VERIFIED,2025-08-13T13:50:25Z
COC001226,EV000258,OF000006,COLLECTED,2026-07-01T03:06:22Z
COC001227,EV000258,OF000002,SEALED,2026-07-01T09:06:22Z
COC001228,EV000258,OF000004,TRANSFERRED,2026-07-02T03:06:22Z
COC001229,EV000258,OF000006,RECEIVED_IN_VAULT,2026-07-03T03:06:22Z
COC001230,EV000258,OF000005,VERIFIED,2026-07-04T03:06:22Z
COC001231,EV000259,OF000006,COLLECTED,2025-12-01T05:10:32Z
COC001232,EV000259,OF000006,SEALED,2025-12-01T11:10:32Z
COC001233,EV000259,OF000005,TRANSFERRED,2025-12-02T05:10:32Z
COC001234,EV000259,OF000006,RECEIVED_IN_VAULT,2025-12-03T05:10:32Z
COC001235,EV000259,OF000003,VERIFIED,2025-12-04T05:10:32Z
COC001236,EV000260,OF000005,COLLECTED,2025-07-23T12:36:23Z
COC001237,EV000260,OF000004,SEALED,2025-07-23T18:36:23Z
COC001238,EV000260,OF000006,TRANSFERRED,2025-07-24T12:36:23Z
COC001239,EV000260,OF000006,RECEIVED_IN_VAULT,2025-07-25T12:36:23Z
COC001240,EV000260,OF000004,VERIFIED,2025-07-26T12:36:23Z
COC001241,EV000261,OF000002,COLLECTED,2024-12-08T01:08:34Z
COC001242,EV000261,OF000005,SEALED,2024-12-08T07:08:34Z
COC001243,EV000261,OF000008,TRANSFERRED,2024-12-09T01:08:34Z
COC001244,EV000261,OF000005,RECEIVED_IN_VAULT,2024-12-10T01:08:34Z
COC001245,EV000261,OF000005,VERIFIED,2024-12-11T01:08:34Z
COC001246,EV000262,OF000008,COLLECTED,2026-06-27T04:49:40Z
COC001247,EV000262,OF000003,SEALED,2026-06-27T10:49:40Z
COC001248,EV000262,OF000001,TRANSFERRED,2026-06-28T04:49:40Z
COC001249,EV000262,OF000004,RECEIVED_IN_VAULT,2026-06-29T04:49:40Z
COC001250,EV000262,OF000002,VERIFIED,2026-06-30T04:49:40Z
COC001251,EV000263,OF000002,COLLECTED,2026-07-20T04:49:40Z
COC001252,EV000263,OF000001,SEALED,2026-07-20T10:49:40Z
COC001253,EV000263,OF000006,TRANSFERRED,2026-07-21T04:49:40Z
COC001254,EV000263,OF000007,RECEIVED_IN_VAULT,2026-07-22T04:49:40Z
COC001255,EV000263,OF000005,VERIFIED,2026-07-23T04:49:40Z
COC001256,EV000264,OF000005,COLLECTED,2025-06-06T17:20:53Z
COC001257,EV000264,OF000003,SEALED,2025-06-06T23:20:53Z
COC001258,EV000264,OF000004,TRANSFERRED,2025-06-07T17:20:53Z
COC001259,EV000264,OF000003,RECEIVED_IN_VAULT,2025-06-08T17:20:53Z
COC001260,EV000264,OF000005,VERIFIED,2025-06-09T17:20:53Z
COC001261,EV000265,OF000003,COLLECTED,2025-06-04T17:20:53Z
COC001262,EV000265,OF000003,SEALED,2025-06-04T23:20:53Z
COC001263,EV000265,OF000004,TRANSFERRED,2025-06-05T17:20:53Z
COC001264,EV000265,OF000004,RECEIVED_IN_VAULT,2025-06-06T17:20:53Z
COC001265,EV000265,OF000002,VERIFIED,2025-06-07T17:20:53Z
COC001266,EV000266,OF000003,COLLECTED,2025-04-27T17:20:53Z
COC001267,EV000266,OF000004,SEALED,2025-04-27T23:20:53Z
COC001268,EV000266,OF000007,TRANSFERRED,2025-04-28T17:20:53Z
COC001269,EV000266,OF000007,RECEIVED_IN_VAULT,2025-04-29T17:20:53Z
COC001270,EV000266,OF000004,VERIFIED,2025-04-30T17:20:53Z
COC001271,EV000267,OF000002,COLLECTED,2024-11-04T21:53:58Z
COC001272,EV000267,OF000004,SEALED,2024-11-05T03:53:58Z
COC001273,EV000267,OF000006,TRANSFERRED,2024-11-05T21:53:58Z
COC001274,EV000267,OF000007,RECEIVED_IN_VAULT,2024-11-06T21:53:58Z
COC001275,EV000267,OF000004,VERIFIED,2024-11-07T21:53:58Z
COC001276,EV000268,OF000005,COLLECTED,2024-11-06T21:53:58Z
COC001277,EV000268,OF000008,SEALED,2024-11-07T03:53:58Z
COC001278,EV000268,OF000003,TRANSFERRED,2024-11-07T21:53:58Z
COC001279,EV000268,OF000007,RECEIVED_IN_VAULT,2024-11-08T21:53:58Z
COC001280,EV000268,OF000007,VERIFIED,2024-11-09T21:53:58Z
COC001281,EV000269,OF000006,COLLECTED,2025-10-02T14:04:40Z
COC001282,EV000269,OF000006,SEALED,2025-10-02T20:04:40Z
COC001283,EV000269,OF000003,TRANSFERRED,2025-10-03T14:04:40Z
COC001284,EV000269,OF000006,RECEIVED_IN_VAULT,2025-10-04T14:04:40Z
COC001285,EV000269,OF000002,VERIFIED,2025-10-05T14:04:40Z
COC001286,EV000270,OF000004,COLLECTED,2025-09-24T14:04:40Z
COC001287,EV000270,OF000003,SEALED,2025-09-24T20:04:40Z
COC001288,EV000270,OF000005,TRANSFERRED,2025-09-25T14:04:40Z
COC001289,EV000270,OF000003,RECEIVED_IN_VAULT,2025-09-26T14:04:40Z
COC001290,EV000270,OF000007,VERIFIED,2025-09-27T14:04:40Z
COC001291,EV000271,OF000002,COLLECTED,2025-09-30T14:04:40Z
COC001292,EV000271,OF000008,SEALED,2025-09-30T20:04:40Z
COC001293,EV000271,OF000006,TRANSFERRED,2025-10-01T14:04:40Z
COC001294,EV000271,OF000008,RECEIVED_IN_VAULT,2025-10-02T14:04:40Z
COC001295,EV000271,OF000003,VERIFIED,2025-10-03T14:04:40Z
COC001296,EV000272,OF000008,COLLECTED,2025-09-01T02:41:59Z
COC001297,EV000272,OF000002,SEALED,2025-09-01T08:41:59Z
COC001298,EV000272,OF000003,TRANSFERRED,2025-09-02T02:41:59Z
COC001299,EV000272,OF000004,RECEIVED_IN_VAULT,2025-09-03T02:41:59Z
COC001300,EV000272,OF000004,VERIFIED,2025-09-04T02:41:59Z
COC001301,EV000273,OF000008,COLLECTED,2025-09-05T02:41:59Z
COC001302,EV000273,OF000006,SEALED,2025-09-05T08:41:59Z
COC001303,EV000273,OF000005,TRANSFERRED,2025-09-06T02:41:59Z
COC001304,EV000273,OF000003,RECEIVED_IN_VAULT,2025-09-07T02:41:59Z
COC001305,EV000273,OF000002,VERIFIED,2025-09-08T02:41:59Z
COC001306,EV000274,OF000006,COLLECTED,2026-05-19T21:57:14Z
COC001307,EV000274,OF000007,SEALED,2026-05-20T03:57:14Z
COC001308,EV000274,OF000003,TRANSFERRED,2026-05-20T21:57:14Z
COC001309,EV000274,OF000002,RECEIVED_IN_VAULT,2026-05-21T21:57:14Z
COC001310,EV000274,OF000004,VERIFIED,2026-05-22T21:57:14Z
COC001311,EV000275,OF000006,COLLECTED,2026-05-16T21:57:14Z
COC001312,EV000275,OF000006,SEALED,2026-05-17T03:57:14Z
COC001313,EV000275,OF000004,TRANSFERRED,2026-05-17T21:57:14Z
COC001314,EV000275,OF000004,RECEIVED_IN_VAULT,2026-05-18T21:57:14Z
COC001315,EV000275,OF000008,VERIFIED,2026-05-19T21:57:14Z
COC001316,EV000276,OF000002,COLLECTED,2026-06-15T06:34:34Z
COC001317,EV000276,OF000007,SEALED,2026-06-15T12:34:34Z
COC001318,EV000276,OF000001,TRANSFERRED,2026-06-16T06:34:34Z
COC001319,EV000276,OF000004,RECEIVED_IN_VAULT,2026-06-17T06:34:34Z
COC001320,EV000276,OF000002,VERIFIED,2026-06-18T06:34:34Z
COC001321,EV000277,OF000003,COLLECTED,2026-07-01T06:34:34Z
COC001322,EV000277,OF000002,SEALED,2026-07-01T12:34:34Z
COC001323,EV000277,OF000005,TRANSFERRED,2026-07-02T06:34:34Z
COC001324,EV000277,OF000008,RECEIVED_IN_VAULT,2026-07-03T06:34:34Z
COC001325,EV000277,OF000003,VERIFIED,2026-07-04T06:34:34Z
COC001326,EV000278,OF000002,COLLECTED,2025-01-31T02:21:39Z
COC001327,EV000278,OF000006,SEALED,2025-01-31T08:21:39Z
COC001328,EV000278,OF000007,TRANSFERRED,2025-02-01T02:21:39Z
COC001329,EV000278,OF000004,RECEIVED_IN_VAULT,2025-02-02T02:21:39Z
COC001330,EV000278,OF000003,VERIFIED,2025-02-03T02:21:39Z
COC001331,EV000279,OF000004,COLLECTED,2025-01-21T02:21:39Z
COC001332,EV000279,OF000001,SEALED,2025-01-21T08:21:39Z
COC001333,EV000279,OF000008,TRANSFERRED,2025-01-22T02:21:39Z
COC001334,EV000279,OF000003,RECEIVED_IN_VAULT,2025-01-23T02:21:39Z
COC001335,EV000279,OF000002,VERIFIED,2025-01-24T02:21:39Z
COC001336,EV000280,OF000007,COLLECTED,2025-10-09T07:20:31Z
COC001337,EV000280,OF000004,SEALED,2025-10-09T13:20:31Z
COC001338,EV000280,OF000006,TRANSFERRED,2025-10-10T07:20:31Z
COC001339,EV000280,OF000005,RECEIVED_IN_VAULT,2025-10-11T07:20:31Z
COC001340,EV000280,OF000003,VERIFIED,2025-10-12T07:20:31Z
COC001341,EV000281,OF000008,COLLECTED,2025-09-28T07:20:31Z
COC001342,EV000281,OF000001,SEALED,2025-09-28T13:20:31Z
COC001343,EV000281,OF000002,TRANSFERRED,2025-09-29T07:20:31Z
COC001344,EV000281,OF000006,RECEIVED_IN_VAULT,2025-09-30T07:20:31Z
COC001345,EV000281,OF000007,VERIFIED,2025-10-01T07:20:31Z
COC001346,EV000282,OF000008,COLLECTED,2024-07-26T15:45:12Z
COC001347,EV000282,OF000004,SEALED,2024-07-26T21:45:12Z
COC001348,EV000282,OF000006,TRANSFERRED,2024-07-27T15:45:12Z
COC001349,EV000282,OF000003,RECEIVED_IN_VAULT,2024-07-28T15:45:12Z
COC001350,EV000282,OF000001,VERIFIED,2024-07-29T15:45:12Z
COC001351,EV000283,OF000005,COLLECTED,2025-12-09T07:38:20Z
COC001352,EV000283,OF000005,SEALED,2025-12-09T13:38:20Z
COC001353,EV000283,OF000004,TRANSFERRED,2025-12-10T07:38:20Z
COC001354,EV000283,OF000005,RECEIVED_IN_VAULT,2025-12-11T07:38:20Z
COC001355,EV000283,OF000003,VERIFIED,2025-12-12T07:38:20Z
COC001356,EV000284,OF000006,COLLECTED,2025-12-23T07:38:20Z
COC001357,EV000284,OF000005,SEALED,2025-12-23T13:38:20Z
COC001358,EV000284,OF000004,TRANSFERRED,2025-12-24T07:38:20Z
COC001359,EV000284,OF000002,RECEIVED_IN_VAULT,2025-12-25T07:38:20Z
COC001360,EV000284,OF000004,VERIFIED,2025-12-26T07:38:20Z
COC001361,EV000285,OF000006,COLLECTED,2025-11-05T14:07:42Z
COC001362,EV000285,OF000008,SEALED,2025-11-05T20:07:42Z
COC001363,EV000285,OF000003,TRANSFERRED,2025-11-06T14:07:42Z
COC001364,EV000285,OF000007,RECEIVED_IN_VAULT,2025-11-07T14:07:42Z
COC001365,EV000285,OF000007,VERIFIED,2025-11-08T14:07:42Z
COC001366,EV000286,OF000005,COLLECTED,2025-12-13T14:07:42Z
COC001367,EV000286,OF000007,SEALED,2025-12-13T20:07:42Z
COC001368,EV000286,OF000005,TRANSFERRED,2025-12-14T14:07:42Z
COC001369,EV000286,OF000002,RECEIVED_IN_VAULT,2025-12-15T14:07:42Z
COC001370,EV000286,OF000006,VERIFIED,2025-12-16T14:07:42Z
COC001371,EV000287,OF000007,COLLECTED,2024-02-19T05:00:50Z
COC001372,EV000287,OF000007,SEALED,2024-02-19T11:00:50Z
COC001373,EV000287,OF000006,TRANSFERRED,2024-02-20T05:00:50Z
COC001374,EV000287,OF000001,RECEIVED_IN_VAULT,2024-02-21T05:00:50Z
COC001375,EV000287,OF000004,VERIFIED,2024-02-22T05:00:50Z
COC001376,EV000288,OF000002,COLLECTED,2024-03-15T05:00:50Z
COC001377,EV000288,OF000008,SEALED,2024-03-15T11:00:50Z
COC001378,EV000288,OF000008,TRANSFERRED,2024-03-16T05:00:50Z
COC001379,EV000288,OF000008,RECEIVED_IN_VAULT,2024-03-17T05:00:50Z
COC001380,EV000288,OF000003,VERIFIED,2024-03-18T05:00:50Z
COC001381,EV000289,OF000006,COLLECTED,2024-10-23T06:15:34Z
COC001382,EV000289,OF000008,SEALED,2024-10-23T12:15:34Z
COC001383,EV000289,OF000006,TRANSFERRED,2024-10-24T06:15:34Z
COC001384,EV000289,OF000002,RECEIVED_IN_VAULT,2024-10-25T06:15:34Z
COC001385,EV000289,OF000004,VERIFIED,2024-10-26T06:15:34Z
COC001386,EV000290,OF000003,COLLECTED,2024-10-30T06:15:34Z
COC001387,EV000290,OF000006,SEALED,2024-10-30T12:15:34Z
COC001388,EV000290,OF000004,TRANSFERRED,2024-10-31T06:15:34Z
COC001389,EV000290,OF000006,RECEIVED_IN_VAULT,2024-11-01T06:15:34Z
COC001390,EV000290,OF000006,VERIFIED,2024-11-02T06:15:34Z
