id,account_number_masked,owner_person_id,bank_name,data_source,created_at
AC000001,XXXX3525,P000001,Kotak Mahindra Bank,SYNTHETIC,2026-09-07T05:41:13.201553Z
AC000002,XXXX7593,P000001,Canara Bank,SYNTHETIC,2026-09-07T05:41:13.201564Z
AC000003,XXXX9339,P000002,Canara Bank,SYNTHETIC,2026-09-07T05:41:13.201577Z
AC000004,XXXX8272,P000002,HDFC Bank,SYNTHETIC,2026-09-07T05:41:13.201584Z
AC000005,XXXX4274,P000003,State Bank of India,SYNTHETIC,2026-09-07T05:41:13.201593Z
AC000006,XXXX1525,P000004,Tamilnad Mercantile Bank,SYNTHETIC,2026-09-07T05:41:13.201603Z
AC000007,XXXX1771,P000005,Kotak Mahindra Bank,SYNTHETIC,2026-09-07T05:41:13.201610Z
AC000008,XXXX5336,P000006,State Bank of India,SYNTHETIC,2026-09-07T05:41:13.201617Z
AC000009,XXXX9547,P000007,Indian Overseas Bank,SYNTHETIC,2026-09-07T05:41:13.201624Z
AC000010,XXXX3439,P000008,Canara Bank,SYNTHETIC,2026-09-07T05:41:13.201633Z
AC000011,XXXX9252,P000009,HDFC Bank,SYNTHETIC,2026-09-07T05:41:13.201640Z
AC000012,XXXX4811,P000010,Kotak Mahindra Bank,SYNTHETIC,2026-09-07T05:41:13.201647Z
AC000013,XXXX8276,P000011,Canara Bank,SYNTHETIC,2026-09-07T05:41:13.201654Z
AC000014,XXXX5409,P000012,Federal Bank,SYNTHETIC,2026-09-07T05:41:13.201662Z
AC000015,XXXX1955,P000013,ICICI Bank,SYNTHETIC,2026-09-07T05:41:13.201669Z
AC000016,XXXX9605,P000014,Tamilnad Mercantile Bank,SYNTHETIC,2026-09-07T05:41:13.201676Z
AC000017,XXXX8098,P000015,ICICI Bank,SYNTHETIC,2026-09-07T05:41:13.201684Z
AC000018,XXXX8208,P000016,Federal Bank,SYNTHETIC,2026-09-07T05:41:13.201690Z
AC000019,XXXX5932,P000017,Canara Bank,SYNTHETIC,2026-09-07T05:41:13.201696Z
AC000020,XXXX3304,P000018,Canara Bank,SYNTHETIC,2026-09-07T05:41:13.201701Z
AC000021,XXXX7450,P000019,HDFC Bank,SYNTHETIC,2026-09-07T05:41:13.201707Z
AC000022,XXXX8151,P000019,Axis Bank,SYNTHETIC,2026-09-07T05:41:13.201712Z
AC000023,XXXX2288,P000020,Federal Bank,SYNTHETIC,2026-09-07T05:41:13.201719Z
AC000024,XXXX8927,P000020,Axis Bank,SYNTHETIC,2026-09-07T05:41:13.201725Z
AC000025,XXXX2567,P000021,City Union Bank,SYNTHETIC,2026-09-07T05:41:13.201737Z
AC000026,XXXX2330,P000021,Indian Overseas Bank,SYNTHETIC,2026-09-07T05:41:13.201742Z
AC000027,XXXX7731,P000021,Canara Bank,SYNTHETIC,2026-09-07T05:41:13.201747Z
AC000028,XXXX5596,P000022,ICICI Bank,SYNTHETIC,2026-09-07T05:41:13.201753Z
AC000029,XXXX7626,P000023,Federal Bank,SYNTHETIC,2026-09-07T05:41:13.201760Z
AC000030,XXXX6177,P000024,Kotak Mahindra Bank,SYNTHETIC,2026-09-07T05:41:13.201765Z
AC000031,XXXX6288,P000025,Indian Overseas Bank,SYNTHETIC,2026-09-07T05:41:13.201769Z
AC000032,XXXX9197,P000026,City Union Bank,SYNTHETIC,2026-09-07T05:41:13.201773Z
AC000033,XXXX1561,P000027,Axis Bank,SYNTHETIC,2026-09-07T05:41:13.201777Z
AC000034,XXXX1383,P000028,Indian Overseas Bank,SYNTHETIC,2026-09-07T05:41:13.201782Z
AC000035,XXXX5709,P000029,Tamilnad Mercantile Bank,SYNTHETIC,2026-09-07T05:41:13.201785Z
AC000036,XXXX4739,P000030,ICICI Bank,SYNTHETIC,2026-09-07T05:41:13.201789Z
AC000037,XXXX5171,P000031,ICICI Bank,SYNTHETIC,2026-09-07T05:41:13.201793Z
AC000038,XXXX5330,P000032,Tamilnad Mercantile Bank,SYNTHETIC,2026-09-07T05:41:13.201799Z
AC000039,XXXX9287,P000032,Kotak Mahindra Bank,SYNTHETIC,2026-09-07T05:41:13.201803Z
AC000040,XXXX3701,P000033,City Union Bank,SYNTHETIC,2026-09-07T05:41:13.201808Z
AC000041,XXXX5274,P000033,Federal Bank,SYNTHETIC,2026-09-07T05:41:13.201811Z
AC000042,XXXX9825,P000034,Federal Bank,SYNTHETIC,2026-09-07T05:41:13.201816Z
AC000043,XXXX9815,P000034,Federal Bank,SYNTHETIC,2026-09-07T05:41:13.201819Z
AC000044,XXXX3826,P000035,State Bank of India,SYNTHETIC,2026-09-07T05:41:13.201824Z
AC000045,XXXX4987,P000036,Kotak Mahindra Bank,SYNTHETIC,2026-09-07T05:41:13.201832Z
AC000046,XXXX9144,P000037,ICICI Bank,SYNTHETIC,2026-09-07T05:41:13.201836Z
AC000047,XXXX8052,P000038,ICICI Bank,SYNTHETIC,2026-09-07T05:41:13.201840Z
AC000048,XXXX3175,P000039,City Union Bank,SYNTHETIC,2026-09-07T05:41:13.201844Z
AC000049,XXXX5271,P000040,HDFC Bank,SYNTHETIC,2026-09-07T05:41:13.201850Z
AC000050,XXXX9671,P000041,Axis Bank,SYNTHETIC,2026-09-07T05:41:13.201857Z
AC000051,XXXX8039,P000042,Tamilnad Mercantile Bank,SYNTHETIC,2026-09-07T05:41:13.201863Z
AC000052,XXXX7565,P000043,Federal Bank,SYNTHETIC,2026-09-07T05:41:13.201868Z
AC000053,XXXX9854,P000044,Indian Overseas Bank,SYNTHETIC,2026-09-07T05:41:13.201873Z
AC000054,XXXX1751,P000044,City Union Bank,SYNTHETIC,2026-09-07T05:41:13.201878Z
AC000055,XXXX4698,P000045,HDFC Bank,SYNTHETIC,2026-09-07T05:41:13.201885Z
AC000056,XXXX1132,P000045,Axis Bank,SYNTHETIC,2026-09-07T05:41:13.201890Z
AC000057,XXXX4668,P000046,Federal Bank,SYNTHETIC,2026-09-07T05:41:13.201897Z
AC000058,XXXX3003,P000046,Axis Bank,SYNTHETIC,2026-09-07T05:41:13.201902Z
AC000059,XXXX2245,P000047,Indian Overseas Bank,SYNTHETIC,2026-09-07T05:41:13.201910Z
AC000060,XXXX4921,P000048,ICICI Bank,SYNTHETIC,2026-09-07T05:41:13.201915Z
AC000061,XXXX7549,P000049,State Bank of India,SYNTHETIC,2026-09-07T05:41:13.201921Z
AC000062,XXXX5489,P000050,Indian Overseas Bank,SYNTHETIC,2026-09-07T05:41:13.201926Z
AC000063,XXXX5039,P000051,Kotak Mahindra Bank,SYNTHETIC,2026-09-07T05:41:13.201931Z
AC000064,XXXX3254,P000052,ICICI Bank,SYNTHETIC,2026-09-07T05:41:13.201939Z
AC000065,XXXX1762,P000053,Axis Bank,SYNTHETIC,2026-09-07T05:41:13.201944Z
AC000066,XXXX2039,P000054,Federal Bank,SYNTHETIC,2026-09-07T05:41:13.201950Z
AC000067,XXXX5578,P000055,Indian Overseas Bank,SYNTHETIC,2026-09-07T05:41:13.201957Z
AC000068,XXXX2964,P000056,ICICI Bank,SYNTHETIC,2026-09-07T05:41:13.201964Z
AC000069,XXXX3721,P000057,Axis Bank,SYNTHETIC,2026-09-07T05:41:13.201969Z
AC000070,XXXX5153,P000058,ICICI Bank,SYNTHETIC,2026-09-07T05:41:13.201974Z
AC000071,XXXX5933,P000059,Indian Overseas Bank,SYNTHETIC,2026-09-07T05:41:13.201978Z
AC000072,XXXX6044,P000060,Canara Bank,SYNTHETIC,2026-09-07T05:41:13.201982Z
AC000073,XXXX2221,P000061,ICICI Bank,SYNTHETIC,2026-09-07T05:41:13.201986Z
AC000074,XXXX4098,P000062,Tamilnad Mercantile Bank,SYNTHETIC,2026-09-07T05:41:13.201990Z
AC000075,XXXX6624,P000063,Tamilnad Mercantile Bank,SYNTHETIC,2026-09-07T05:41:13.201994Z
AC000076,XXXX9258,P000064,Tamilnad Mercantile Bank,SYNTHETIC,2026-09-07T05:41:13.201998Z
AC000077,XXXX8743,P000065,Axis Bank,SYNTHETIC,2026-09-07T05:41:13.202005Z
AC000078,XXXX2026,P000066,Axis Bank,SYNTHETIC,2026-09-07T05:41:13.202010Z
AC000079,XXXX4520,P000067,Axis Bank,SYNTHETIC,2026-09-07T05:41:13.202014Z
AC000080,XXXX2209,P000068,Indian Overseas Bank,SYNTHETIC,2026-09-07T05:41:13.202022Z
AC000081,XXXX3664,P000069,City Union Bank,SYNTHETIC,2026-09-07T05:41:13.202026Z
AC000082,XXXX9128,P000070,Axis Bank,SYNTHETIC,2026-09-07T05:41:13.202030Z
AC000083,XXXX2711,P000071,Canara Bank,SYNTHETIC,2026-09-07T05:41:13.202035Z
AC000084,XXXX5556,P000071,HDFC Bank,SYNTHETIC,2026-09-07T05:41:13.202040Z
AC000085,XXXX5714,P000072,State Bank of India,SYNTHETIC,2026-09-07T05:41:13.202044Z
AC000086,XXXX5925,P000072,State Bank of India,SYNTHETIC,2026-09-07T05:41:13.202047Z
AC000087,XXXX2680,P000072,ICICI Bank,SYNTHETIC,2026-09-07T05:41:13.202051Z
AC000088,XXXX1487,P000073,Indian Overseas Bank,SYNTHETIC,2026-09-07T05:41:13.202055Z
AC000089,XXXX4289,P000073,Tamilnad Mercantile Bank,SYNTHETIC,2026-09-07T05:41:13.202059Z
AC000090,XXXX7455,P000074,State Bank of India,SYNTHETIC,2026-09-07T05:41:13.202063Z
AC000091,XXXX6943,P000075,Axis Bank,SYNTHETIC,2026-09-07T05:41:13.202066Z
AC000092,XXXX2908,P000076,City Union Bank,SYNTHETIC,2026-09-07T05:41:13.202071Z
AC000093,XXXX8145,P000077,Indian Overseas Bank,SYNTHETIC,2026-09-07T05:41:13.202075Z
AC000094,XXXX4121,P000078,Federal Bank,SYNTHETIC,2026-09-07T05:41:13.202079Z
AC000095,XXXX5943,P000079,Kotak Mahindra Bank,SYNTHETIC,2026-09-07T05:41:13.202083Z
AC000096,XXXX7545,P000080,Axis Bank,SYNTHETIC,2026-09-07T05:41:13.202087Z
AC000097,XXXX2745,P000081,Canara Bank,SYNTHETIC,2026-09-07T05:41:13.202091Z
AC000098,XXXX9905,P000082,State Bank of India,SYNTHETIC,2026-09-07T05:41:13.202095Z
AC000099,XXXX2730,P000083,Indian Overseas Bank,SYNTHETIC,2026-09-07T05:41:13.202099Z
AC000100,XXXX3817,P000084,Federal Bank,SYNTHETIC,2026-09-07T05:41:13.202103Z
AC000101,XXXX8788,P000085,Canara Bank,SYNTHETIC,2026-09-07T05:41:13.202107Z
AC000102,XXXX5010,P000086,Federal Bank,SYNTHETIC,2026-09-07T05:41:13.202113Z
AC000103,XXXX5804,P000087,HDFC Bank,SYNTHETIC,2026-09-07T05:41:13.202118Z
AC000104,XXXX9068,P000088,Tamilnad Mercantile Bank,SYNTHETIC,2026-09-07T05:41:13.202122Z
AC000105,XXXX3594,P000089,HDFC Bank,SYNTHETIC,2026-09-07T05:41:13.202126Z
AC000106,XXXX8876,P000090,Indian Overseas Bank,SYNTHETIC,2026-09-07T05:41:13.202130Z
AC000107,XXXX9245,P000091,Tamilnad Mercantile Bank,SYNTHETIC,2026-09-07T05:41:13.202134Z
AC000108,XXXX9357,P000092,Indian Overseas Bank,SYNTHETIC,2026-09-07T05:41:13.202138Z
AC000109,XXXX5753,P000093,Indian Overseas Bank,SYNTHETIC,2026-09-07T05:41:13.202141Z
AC000110,XXXX3101,P000094,ICICI Bank,SYNTHETIC,2026-09-07T05:41:13.202146Z
AC000111,XXXX7764,P000095,Federal Bank,SYNTHETIC,2026-09-07T05:41:13.202150Z
AC000112,XXXX6593,P000096,Tamilnad Mercantile Bank,SYNTHETIC,2026-09-07T05:41:13.202154Z
AC000113,XXXX9286,P000096,Federal Bank,SYNTHETIC,2026-09-07T05:41:13.202157Z
AC000114,XXXX1440,P000097,Kotak Mahindra Bank,SYNTHETIC,2026-09-07T05:41:13.202163Z
AC000115,XXXX9986,P000097,Axis Bank,SYNTHETIC,2026-09-07T05:41:13.202167Z
AC000116,XXXX4190,P000097,Federal Bank,SYNTHETIC,2026-09-07T05:41:13.202171Z
AC000117,XXXX2404,P000098,Tamilnad Mercantile Bank,SYNTHETIC,2026-09-07T05:41:13.202175Z
AC000118,XXXX7290,P000098,Kotak Mahindra Bank,SYNTHETIC,2026-09-07T05:41:13.202179Z
AC000119,XXXX3156,P000099,City Union Bank,SYNTHETIC,2026-09-07T05:41:13.202183Z
AC000120,XXXX2236,P000100,HDFC Bank,SYNTHETIC,2026-09-07T05:41:13.202187Z
AC000121,XXXX9290,P000101,Tamilnad Mercantile Bank,SYNTHETIC,2026-09-07T05:41:13.202191Z
AC000122,XXXX1465,P000102,Kotak Mahindra Bank,SYNTHETIC,2026-09-07T05:41:13.202195Z
AC000123,XXXX3394,P000103,Tamilnad Mercantile Bank,SYNTHETIC,2026-09-07T05:41:13.202202Z
AC000124,XXXX2909,P000104,HDFC Bank,SYNTHETIC,2026-09-07T05:41:13.202207Z
AC000125,XXXX9387,P000105,State Bank of India,SYNTHETIC,2026-09-07T05:41:13.202211Z
AC000126,XXXX1731,P000106,Kotak Mahindra Bank,SYNTHETIC,2026-09-07T05:41:13.202214Z
AC000127,XXXX8734,P000107,ICICI Bank,SYNTHETIC,2026-09-07T05:41:13.202218Z
AC000128,XXXX7289,P000108,Canara Bank,SYNTHETIC,2026-09-07T05:41:13.202222Z
AC000129,XXXX8693,P000109,City Union Bank,SYNTHETIC,2026-09-07T05:41:13.202226Z
AC000130,XXXX2992,P000109,City Union Bank,SYNTHETIC,2026-09-07T05:41:13.202230Z
AC000131,XXXX9014,P000110,Federal Bank,SYNTHETIC,2026-09-07T05:41:13.202234Z
AC000132,XXXX4536,P000110,ICICI Bank,SYNTHETIC,2026-09-07T05:41:13.202238Z
AC000133,XXXX4549,P000110,Tamilnad Mercantile Bank,SYNTHETIC,2026-09-07T05:41:13.202241Z
AC000134,XXXX3659,P000111,Kotak Mahindra Bank,SYNTHETIC,2026-09-07T05:41:13.202247Z
AC000135,XXXX5621,P000112,Canara Bank,SYNTHETIC,2026-09-07T05:41:13.202251Z
AC000136,XXXX1208,P000113,HDFC Bank,SYNTHETIC,2026-09-07T05:41:13.202256Z
AC000137,XXXX4241,P000114,City Union Bank,SYNTHETIC,2026-09-07T05:41:13.202260Z
AC000138,XXXX5400,P000115,Federal Bank,SYNTHETIC,2026-09-07T05:41:13.202264Z
AC000139,XXXX7166,P000116,Canara Bank,SYNTHETIC,2026-09-07T05:41:13.202268Z
AC000140,XXXX8370,P000117,Canara Bank,SYNTHETIC,2026-09-07T05:41:13.202272Z
AC000141,XXXX9219,P000118,Canara Bank,SYNTHETIC,2026-09-07T05:41:13.202276Z
AC000142,XXXX6552,P000119,Tamilnad Mercantile Bank,SYNTHETIC,2026-09-07T05:41:13.202282Z
AC000143,XXXX2218,P000120,HDFC Bank,SYNTHETIC,2026-09-07T05:41:13.202286Z
AC000144,XXXX1379,P000120,Tamilnad Mercantile Bank,SYNTHETIC,2026-09-07T05:41:13.202294Z
AC000145,XXXX7398,P000121,HDFC Bank,SYNTHETIC,2026-09-07T05:41:13.202298Z
AC000146,XXXX5512,P000121,State Bank of India,SYNTHETIC,2026-09-07T05:41:13.202302Z
AC000147,XXXX7258,P000121,HDFC Bank,SYNTHETIC,2026-09-07T05:41:13.202305Z
AC000148,XXXX3857,P000122,ICICI Bank,SYNTHETIC,2026-09-07T05:41:13.202320Z
AC000149,XXXX5511,P000122,Axis Bank,SYNTHETIC,2026-09-07T05:41:13.202324Z
AC000150,XXXX3575,P000122,City Union Bank,SYNTHETIC,2026-09-07T05:41:13.202328Z
AC000151,XXXX2789,P000123,Federal Bank,SYNTHETIC,2026-09-07T05:41:13.202333Z
AC000152,XXXX6170,P000124,HDFC Bank,SYNTHETIC,2026-09-07T05:41:13.202338Z
AC000153,XXXX8821,P000125,Canara Bank,SYNTHETIC,2026-09-07T05:41:13.202342Z
AC000154,XXXX6515,P000126,Kotak Mahindra Bank,SYNTHETIC,2026-09-07T05:41:13.202346Z
AC000155,XXXX6398,P000127,Canara Bank,SYNTHETIC,2026-09-07T05:41:13.202350Z
AC000156,XXXX2736,P000128,Kotak Mahindra Bank,SYNTHETIC,2026-09-07T05:41:13.202354Z
AC000157,XXXX6396,P000129,Federal Bank,SYNTHETIC,2026-09-07T05:41:13.202357Z
AC000158,XXXX7062,P000130,ICICI Bank,SYNTHETIC,2026-09-07T05:41:13.202362Z
AC000159,XXXX5572,P000131,Kotak Mahindra Bank,SYNTHETIC,2026-09-07T05:41:13.202366Z
AC000160,XXXX8278,P000132,City Union Bank,SYNTHETIC,2026-09-07T05:41:13.202370Z
AC000161,XXXX9109,P000133,City Union Bank,SYNTHETIC,2026-09-07T05:41:13.202375Z
AC000162,XXXX4722,P000134,ICICI Bank,SYNTHETIC,2026-09-07T05:41:13.202380Z
AC000163,XXXX7424,P000135,Tamilnad Mercantile Bank,SYNTHETIC,2026-09-07T05:41:13.202384Z
AC000164,XXXX5064,P000136,Axis Bank,SYNTHETIC,2026-09-07T05:41:13.202388Z
AC000165,XXXX3076,P000137,State Bank of India,SYNTHETIC,2026-09-07T05:41:13.202393Z
AC000166,XXXX8611,P000138,Indian Overseas Bank,SYNTHETIC,2026-09-07T05:41:13.202397Z
AC000167,XXXX8186,P000138,Indian Overseas Bank,SYNTHETIC,2026-09-07T05:41:13.202400Z
AC000168,XXXX3091,P000139,State Bank of India,SYNTHETIC,2026-09-07T05:41:13.202405Z
AC000169,XXXX8445,P000139,Indian Overseas Bank,SYNTHETIC,2026-09-07T05:41:13.202408Z
AC000170,XXXX8078,P000139,State Bank of India,SYNTHETIC,2026-09-07T05:41:13.202412Z
AC000171,XXXX7314,P000140,State Bank of India,SYNTHETIC,2026-09-07T05:41:13.202416Z
AC000172,XXXX4886,P000141,Canara Bank,SYNTHETIC,2026-09-07T05:41:13.202420Z
AC000173,XXXX2536,P000142,Canara Bank,SYNTHETIC,2026-09-07T05:41:13.202424Z
AC000174,XXXX1652,P000143,State Bank of India,SYNTHETIC,2026-09-07T05:41:13.202428Z
AC000175,XXXX5273,P000144,HDFC Bank,SYNTHETIC,2026-09-07T05:41:13.202432Z
AC000176,XXXX5063,P000145,ICICI Bank,SYNTHETIC,2026-09-07T05:41:13.202436Z
AC000177,XXXX6413,P000146,HDFC Bank,SYNTHETIC,2026-09-07T05:41:13.202440Z
AC000178,XXXX9438,P000147,Indian Overseas Bank,SYNTHETIC,2026-09-07T05:41:13.202444Z
AC000179,XXXX2326,P000148,HDFC Bank,SYNTHETIC,2026-09-07T05:41:13.202448Z
AC000180,XXXX3014,P000149,Tamilnad Mercantile Bank,SYNTHETIC,2026-09-07T05:41:13.202452Z
AC000181,XXXX5125,P000150,Canara Bank,SYNTHETIC,2026-09-07T05:41:13.202457Z
AC000182,XXXX7162,P000151,Tamilnad Mercantile Bank,SYNTHETIC,2026-09-07T05:41:13.202461Z
AC000183,XXXX9223,P000152,Federal Bank,SYNTHETIC,2026-09-07T05:41:13.202465Z
AC000184,XXXX9423,P000153,Kotak Mahindra Bank,SYNTHETIC,2026-09-07T05:41:13.202469Z
AC000185,XXXX8088,P000154,City Union Bank,SYNTHETIC,2026-09-07T05:41:13.202472Z
AC000186,XXXX1341,P000154,State Bank of India,SYNTHETIC,2026-09-07T05:41:13.202476Z
AC000187,XXXX7357,P000155,Canara Bank,SYNTHETIC,2026-09-07T05:41:13.202486Z
AC000188,XXXX4974,P000155,Axis Bank,SYNTHETIC,2026-09-07T05:41:13.202489Z
AC000189,XXXX2816,P000155,State Bank of India,SYNTHETIC,2026-09-07T05:41:13.202493Z
AC000190,XXXX5206,P000156,HDFC Bank,SYNTHETIC,2026-09-07T05:41:13.202497Z
AC000191,XXXX6472,P000157,City Union Bank,SYNTHETIC,2026-09-07T05:41:13.202501Z
AC000192,XXXX3800,P000158,Tamilnad Mercantile Bank,SYNTHETIC,2026-09-07T05:41:13.202505Z
AC000193,XXXX9658,P000159,ICICI Bank,SYNTHETIC,2026-09-07T05:41:13.202509Z
AC000194,XXXX5265,P000160,Canara Bank,SYNTHETIC,2026-09-07T05:41:13.202513Z
AC000195,XXXX7680,P000161,City Union Bank,SYNTHETIC,2026-09-07T05:41:13.202516Z
AC000196,XXXX2031,P000162,City Union Bank,SYNTHETIC,2026-09-07T05:41:13.202520Z
AC000197,XXXX6407,P000163,Tamilnad Mercantile Bank,SYNTHETIC,2026-09-07T05:41:13.202524Z
AC000198,XXXX6676,P000164,Kotak Mahindra Bank,SYNTHETIC,2026-09-07T05:41:13.202528Z
AC000199,XXXX1712,P000165,Kotak Mahindra Bank,SYNTHETIC,2026-09-07T05:41:13.202532Z
AC000200,XXXX7295,P000166,Axis Bank,SYNTHETIC,2026-09-07T05:41:13.202536Z
AC000201,XXXX1070,P000167,HDFC Bank,SYNTHETIC,2026-09-07T05:41:13.202542Z
AC000202,XXXX8620,P000168,City Union Bank,SYNTHETIC,2026-09-07T05:41:13.202546Z
AC000203,XXXX8298,P000169,State Bank of India,SYNTHETIC,2026-09-07T05:41:13.202550Z
AC000204,XXXX2124,P000169,State Bank of India,SYNTHETIC,2026-09-07T05:41:13.202554Z
AC000205,XXXX5667,P000170,HDFC Bank,SYNTHETIC,2026-09-07T05:41:13.202558Z
AC000206,XXXX2027,P000170,ICICI Bank,SYNTHETIC,2026-09-07T05:41:13.202563Z
AC000207,XXXX6093,P000171,HDFC Bank,SYNTHETIC,2026-09-07T05:41:13.202567Z
AC000208,XXXX6141,P000172,City Union Bank,SYNTHETIC,2026-09-07T05:41:13.202573Z
AC000209,XXXX2607,P000173,Kotak Mahindra Bank,SYNTHETIC,2026-09-07T05:41:13.202576Z
AC000210,XXXX8309,P000174,HDFC Bank,SYNTHETIC,2026-09-07T05:41:13.202581Z
AC000211,XXXX5055,P000175,Tamilnad Mercantile Bank,SYNTHETIC,2026-09-07T05:41:13.202585Z
AC000212,XXXX9100,P000176,Canara Bank,SYNTHETIC,2026-09-07T05:41:13.202589Z
AC000213,XXXX4955,P000177,HDFC Bank,SYNTHETIC,2026-09-07T05:41:13.202592Z
AC000214,XXXX2720,P000178,Kotak Mahindra Bank,SYNTHETIC,2026-09-07T05:41:13.202597Z
AC000215,XXXX6451,P000179,Indian Overseas Bank,SYNTHETIC,2026-09-07T05:41:13.202600Z
AC000216,XXXX6296,P000180,ICICI Bank,SYNTHETIC,2026-09-07T05:41:13.202604Z
AC000217,XXXX1524,P000181,City Union Bank,SYNTHETIC,2026-09-07T05:41:13.202608Z
AC000218,XXXX4874,P000182,Indian Overseas Bank,SYNTHETIC,2026-09-07T05:41:13.202612Z
AC000219,XXXX3558,P000183,HDFC Bank,SYNTHETIC,2026-09-07T05:41:13.202615Z
AC000220,XXXX6140,P000184,Canara Bank,SYNTHETIC,2026-09-07T05:41:13.202623Z
AC000221,XXXX8495,P000185,HDFC Bank,SYNTHETIC,2026-09-07T05:41:13.202628Z
AC000222,XXXX5423,P000186,ICICI Bank,SYNTHETIC,2026-09-07T05:41:13.202633Z
AC000223,XXXX7260,P000187,Canara Bank,SYNTHETIC,2026-09-07T05:41:13.202637Z
AC000224,XXXX8209,P000188,State Bank of India,SYNTHETIC,2026-09-07T05:41:13.202641Z
AC000225,XXXX3035,P000189,ICICI Bank,SYNTHETIC,2026-09-07T05:41:13.202645Z
AC000226,XXXX7410,P000190,Axis Bank,SYNTHETIC,2026-09-07T05:41:13.202649Z
AC000227,XXXX8369,P000191,ICICI Bank,SYNTHETIC,2026-09-07T05:41:13.202653Z
AC000228,XXXX3356,P000192,State Bank of India,SYNTHETIC,2026-09-07T05:41:13.202657Z
AC000229,XXXX5087,P000193,City Union Bank,SYNTHETIC,2026-09-07T05:41:13.202663Z
AC000230,XXXX3148,P000194,Tamilnad Mercantile Bank,SYNTHETIC,2026-09-07T05:41:13.202668Z
AC000231,XXXX4312,P000195,Federal Bank,SYNTHETIC,2026-09-07T05:41:13.202671Z
AC000232,XXXX1045,P000196,City Union Bank,SYNTHETIC,2026-09-07T05:41:13.202675Z
AC000233,XXXX3606,P000197,Indian Overseas Bank,SYNTHETIC,2026-09-07T05:41:13.202679Z
AC000234,XXXX5678,P000197,ICICI Bank,SYNTHETIC,2026-09-07T05:41:13.202683Z
AC000235,XXXX6482,P000198,Indian Overseas Bank,SYNTHETIC,2026-09-07T05:41:13.202688Z
AC000236,XXXX8485,P000198,City Union Bank,SYNTHETIC,2026-09-07T05:41:13.202691Z
AC000237,XXXX9501,P000198,HDFC Bank,SYNTHETIC,2026-09-07T05:41:13.202695Z
AC000238,XXXX9019,P000199,Indian Overseas Bank,SYNTHETIC,2026-09-07T05:41:13.202699Z
AC000239,XXXX3297,P000200,Tamilnad Mercantile Bank,SYNTHETIC,2026-09-07T05:41:13.202703Z
AC000240,XXXX9625,P000201,Tamilnad Mercantile Bank,SYNTHETIC,2026-09-07T05:41:13.202708Z
AC000241,XXXX3973,P000202,State Bank of India,SYNTHETIC,2026-09-07T05:41:13.202712Z
AC000242,XXXX8910,P000203,Federal Bank,SYNTHETIC,2026-09-07T05:41:13.202716Z
AC000243,XXXX3180,P000204,State Bank of India,SYNTHETIC,2026-09-07T05:41:13.202720Z
AC000244,XXXX6529,P000206,City Union Bank,SYNTHETIC,2026-09-07T05:41:13.202726Z
AC000245,XXXX1204,P000209,Kotak Mahindra Bank,SYNTHETIC,2026-09-07T05:41:13.202731Z
AC000246,XXXX6003,P000212,Kotak Mahindra Bank,SYNTHETIC,2026-09-07T05:41:13.202736Z
AC000247,XXXX5901,P000215,City Union Bank,SYNTHETIC,2026-09-07T05:41:13.202740Z
AC000248,XXXX8600,P000216,HDFC Bank,SYNTHETIC,2026-09-07T05:41:13.202744Z
AC000249,XXXX1201,P000217,Kotak Mahindra Bank,SYNTHETIC,2026-09-07T05:41:13.202748Z
AC000250,XXXX1017,P000221,Kotak Mahindra Bank,SYNTHETIC,2026-09-07T05:41:13.202754Z
AC000251,XXXX8809,P000223,Indian Overseas Bank,SYNTHETIC,2026-09-07T05:41:13.202760Z
AC000252,XXXX8787,P000225,Indian Overseas Bank,SYNTHETIC,2026-09-07T05:41:13.202764Z
AC000253,XXXX5151,P000226,ICICI Bank,SYNTHETIC,2026-09-07T05:41:13.202768Z
AC000254,XXXX8194,P000232,Canara Bank,SYNTHETIC,2026-09-07T05:41:13.202773Z
AC000255,XXXX6958,P000236,HDFC Bank,SYNTHETIC,2026-09-07T05:41:13.202778Z
AC000256,XXXX9762,P000239,HDFC Bank,SYNTHETIC,2026-09-07T05:41:13.202782Z
AC000257,XXXX4708,P000247,Federal Bank,SYNTHETIC,2026-09-07T05:41:13.202788Z
AC000258,XXXX3535,P000259,City Union Bank,SYNTHETIC,2026-09-07T05:41:13.202795Z
AC000259,XXXX6490,P000260,City Union Bank,SYNTHETIC,2026-09-07T05:41:13.202801Z
AC000260,XXXX6977,P000266,Tamilnad Mercantile Bank,SYNTHETIC,2026-09-07T05:41:13.202806Z
AC000261,XXXX7018,P000273,State Bank of India,SYNTHETIC,2026-09-07T05:41:13.202812Z
AC000262,XXXX4505,P000276,State Bank of India,SYNTHETIC,2026-09-07T05:41:13.202816Z
AC000263,XXXX3207,P000277,City Union Bank,SYNTHETIC,2026-09-07T05:41:13.202820Z
AC000264,XXXX4785,P000280,Tamilnad Mercantile Bank,SYNTHETIC,2026-09-07T05:41:13.202824Z
AC000265,XXXX1436,P000285,State Bank of India,SYNTHETIC,2026-09-07T05:41:13.202829Z
AC000266,XXXX4247,P000288,Federal Bank,SYNTHETIC,2026-09-07T05:41:13.202833Z
AC000267,XXXX6466,P000290,Axis Bank,SYNTHETIC,2026-09-07T05:41:13.202837Z
AC000268,XXXX2030,P000292,Indian Overseas Bank,SYNTHETIC,2026-09-07T05:41:13.202841Z
AC000269,XXXX2851,P000293,Axis Bank,SYNTHETIC,2026-09-07T05:41:13.202846Z
AC000270,XXXX1102,P000299,Tamilnad Mercantile Bank,SYNTHETIC,2026-09-07T05:41:13.202851Z
AC000271,XXXX3389,P000306,ICICI Bank,SYNTHETIC,2026-09-07T05:41:13.202859Z
AC000272,XXXX4436,P000312,City Union Bank,SYNTHETIC,2026-09-07T05:41:13.202868Z
AC000273,XXXX5471,P000313,Federal Bank,SYNTHETIC,2026-09-07T05:41:13.202873Z
AC000274,XXXX3967,P000315,Canara Bank,SYNTHETIC,2026-09-07T05:41:13.202878Z
AC000275,XXXX6530,P000316,HDFC Bank,SYNTHETIC,2026-09-07T05:41:13.202883Z
AC000276,XXXX1674,P000330,Kotak Mahindra Bank,SYNTHETIC,2026-09-07T05:41:13.202892Z
AC000277,XXXX7080,P000331,HDFC Bank,SYNTHETIC,2026-09-07T05:41:13.202897Z
AC000278,XXXX3314,P000332,ICICI Bank,SYNTHETIC,2026-09-07T05:41:13.202904Z
AC000279,XXXX2516,P000336,State Bank of India,SYNTHETIC,2026-09-07T05:41:13.202912Z
AC000280,XXXX8885,P000345,HDFC Bank,SYNTHETIC,2026-09-07T05:41:13.202918Z
AC000281,XXXX3653,P000347,Indian Overseas Bank,SYNTHETIC,2026-09-07T05:41:13.202923Z
AC000282,XXXX6789,P000358,Federal Bank,SYNTHETIC,2026-09-07T05:41:13.202929Z
AC000283,XXXX9313,P000361,City Union Bank,SYNTHETIC,2026-09-07T05:41:13.202934Z
AC000284,XXXX8815,P000362,HDFC Bank,SYNTHETIC,2026-09-07T05:41:13.202938Z
AC000285,XXXX6055,P000363,HDFC Bank,SYNTHETIC,2026-09-07T05:41:13.202941Z
AC000286,XXXX8302,P000365,ICICI Bank,SYNTHETIC,2026-09-07T05:41:13.202946Z
AC000287,XXXX1101,P000366,Kotak Mahindra Bank,SYNTHETIC,2026-09-07T05:41:13.202950Z
AC000288,XXXX4401,P000367,ICICI Bank,SYNTHETIC,2026-09-07T05:41:13.202954Z
AC000289,XXXX5390,P000369,Axis Bank,SYNTHETIC,2026-09-07T05:41:13.202958Z
AC000290,XXXX1905,P000371,ICICI Bank,SYNTHETIC,2026-09-07T05:41:13.202962Z
AC000291,XXXX9304,P000372,Canara Bank,SYNTHETIC,2026-09-07T05:41:13.202966Z
AC000292,XXXX3924,P000380,HDFC Bank,SYNTHETIC,2026-09-07T05:41:13.202972Z
AC000293,XXXX2548,P000381,Indian Overseas Bank,SYNTHETIC,2026-09-07T05:41:13.202978Z
AC000294,XXXX9189,P000383,Indian Overseas Bank,SYNTHETIC,2026-09-07T05:41:13.202982Z
AC000295,XXXX7293,P000388,Indian Overseas Bank,SYNTHETIC,2026-09-07T05:41:13.202988Z
AC000296,XXXX7715,P000392,State Bank of India,SYNTHETIC,2026-09-07T05:41:13.202993Z
AC000297,XXXX2279,P000393,Indian Overseas Bank,SYNTHETIC,2026-09-07T05:41:13.202997Z
AC000298,XXXX4740,P000399,Tamilnad Mercantile Bank,SYNTHETIC,2026-09-07T05:41:13.203004Z
AC000299,XXXX3473,P000400,Tamilnad Mercantile Bank,SYNTHETIC,2026-09-07T05:41:13.203009Z
AC000300,XXXX2608,P000402,Indian Overseas Bank,SYNTHETIC,2026-09-07T05:41:13.203013Z
AC000301,XXXX3466,P000403,City Union Bank,SYNTHETIC,2026-09-07T05:41:13.203017Z
AC000302,XXXX1755,P000408,State Bank of India,SYNTHETIC,2026-09-07T05:41:13.203022Z
AC000303,XXXX5004,P000410,Axis Bank,SYNTHETIC,2026-09-07T05:41:13.203026Z
AC000304,XXXX4866,P000414,Kotak Mahindra Bank,SYNTHETIC,2026-09-07T05:41:13.203032Z
AC000305,XXXX9371,P000422,Axis Bank,SYNTHETIC,2026-09-07T05:41:13.203037Z
AC000306,XXXX6639,P000428,Axis Bank,SYNTHETIC,2026-09-07T05:41:13.203042Z
AC000307,XXXX2132,P000432,ICICI Bank,SYNTHETIC,2026-09-07T05:41:13.203054Z
AC000308,XXXX8871,P000436,Canara Bank,SYNTHETIC,2026-09-07T05:41:13.203059Z
AC000309,XXXX5694,P000438,Federal Bank,SYNTHETIC,2026-09-07T05:41:13.203063Z
AC000310,XXXX5655,P000443,Indian Overseas Bank,SYNTHETIC,2026-09-07T05:41:13.203069Z
AC000311,XXXX1433,P000445,HDFC Bank,SYNTHETIC,2026-09-07T05:41:13.203073Z
AC000312,XXXX1892,P000447,Indian Overseas Bank,SYNTHETIC,2026-09-07T05:41:13.203079Z
AC000313,XXXX1140,P000450,ICICI Bank,SYNTHETIC,2026-09-07T05:41:13.203083Z
AC000314,XXXX4931,P000451,State Bank of India,SYNTHETIC,2026-09-07T05:41:13.203092Z
AC000315,XXXX8518,P000463,Tamilnad Mercantile Bank,SYNTHETIC,2026-09-07T05:41:13.203098Z
AC000316,XXXX1248,P000473,Kotak Mahindra Bank,SYNTHETIC,2026-09-07T05:41:13.203104Z
AC000317,XXXX1608,P000475,Indian Overseas Bank,SYNTHETIC,2026-09-07T05:41:13.203108Z
AC000318,XXXX3137,P000476,Kotak Mahindra Bank,SYNTHETIC,2026-09-07T05:41:13.203114Z
AC000319,XXXX3972,P000479,Indian Overseas Bank,SYNTHETIC,2026-09-07T05:41:13.203118Z
AC000320,XXXX6751,P000484,Indian Overseas Bank,SYNTHETIC,2026-09-07T05:41:13.203123Z
AC000321,XXXX5822,P000486,ICICI Bank,SYNTHETIC,2026-09-07T05:41:13.203126Z
AC000322,XXXX2592,P000487,Kotak Mahindra Bank,SYNTHETIC,2026-09-07T05:41:13.203131Z
AC000323,XXXX8001,P000489,ICICI Bank,SYNTHETIC,2026-09-07T05:41:13.203135Z
AC000324,XXXX6262,P000492,State Bank of India,SYNTHETIC,2026-09-07T05:41:13.203140Z
AC000325,XXXX2543,P000497,HDFC Bank,SYNTHETIC,2026-09-07T05:41:13.203145Z
AC000326,XXXX9781,P000504,Canara Bank,SYNTHETIC,2026-09-07T05:41:13.203149Z
AC000327,XXXX7825,P000509,City Union Bank,SYNTHETIC,2026-09-07T05:41:13.203154Z
AC000328,XXXX1942,P000514,Canara Bank,SYNTHETIC,2026-09-07T05:41:13.203158Z
AC000329,XXXX7274,P000515,Canara Bank,SYNTHETIC,2026-09-07T05:41:13.203162Z
AC000330,XXXX5895,P000517,Indian Overseas Bank,SYNTHETIC,2026-09-07T05:41:13.203166Z
AC000331,XXXX9391,P000519,Axis Bank,SYNTHETIC,2026-09-07T05:41:13.203170Z
AC000332,XXXX9510,P000525,Indian Overseas Bank,SYNTHETIC,2026-09-07T05:41:13.203177Z
AC000333,XXXX8862,P000527,Axis Bank,SYNTHETIC,2026-09-07T05:41:13.203182Z
AC000334,XXXX6421,P000529,ICICI Bank,SYNTHETIC,2026-09-07T05:41:13.203186Z
AC000335,XXXX7512,P000531,Canara Bank,SYNTHETIC,2026-09-07T05:41:13.203191Z
AC000336,XXXX5634,P000534,Axis Bank,SYNTHETIC,2026-09-07T05:41:13.203195Z
AC000337,XXXX4865,P000535,Canara Bank,SYNTHETIC,2026-09-07T05:41:13.203201Z
AC000338,XXXX6277,P000537,Federal Bank,SYNTHETIC,2026-09-07T05:41:13.203205Z
AC000339,XXXX6082,P000539,City Union Bank,SYNTHETIC,2026-09-07T05:41:13.203209Z
AC000340,XXXX9770,P000542,Kotak Mahindra Bank,SYNTHETIC,2026-09-07T05:41:13.203213Z
AC000341,XXXX3290,P000544,Federal Bank,SYNTHETIC,2026-09-07T05:41:13.203216Z
AC000342,XXXX4720,P000545,Axis Bank,SYNTHETIC,2026-09-07T05:41:13.203220Z
AC000343,XXXX3624,P000550,Federal Bank,SYNTHETIC,2026-09-07T05:41:13.203225Z
AC000344,XXXX2167,P000551,Canara Bank,SYNTHETIC,2026-09-07T05:41:13.203230Z
AC000345,XXXX6432,P000555,Axis Bank,SYNTHETIC,2026-09-07T05:41:13.203234Z
AC000346,XXXX4178,P000558,State Bank of India,SYNTHETIC,2026-09-07T05:41:13.203239Z
AC000347,XXXX9564,P000559,HDFC Bank,SYNTHETIC,2026-09-07T05:41:13.203243Z
AC000348,XXXX2587,P000560,Kotak Mahindra Bank,SYNTHETIC,2026-09-07T05:41:13.203246Z
AC000349,XXXX3398,P000568,Federal Bank,SYNTHETIC,2026-09-07T05:41:13.203252Z
AC000350,XXXX7577,P000575,HDFC Bank,SYNTHETIC,2026-09-07T05:41:13.203257Z
AC000351,XXXX9615,P000576,Kotak Mahindra Bank,SYNTHETIC,2026-09-07T05:41:13.203261Z
AC000352,XXXX4058,P000578,ICICI Bank,SYNTHETIC,2026-09-07T05:41:13.203265Z
AC000353,XXXX1775,P000583,Canara Bank,SYNTHETIC,2026-09-07T05:41:13.203270Z
AC000354,XXXX1753,P000589,State Bank of India,SYNTHETIC,2026-09-07T05:41:13.203275Z
AC000355,XXXX7328,P000591,Indian Overseas Bank,SYNTHETIC,2026-09-07T05:41:13.203280Z
AC000356,XXXX5903,P000592,Kotak Mahindra Bank,SYNTHETIC,2026-09-07T05:41:13.203284Z
AC000357,XXXX1018,P000597,Axis Bank,SYNTHETIC,2026-09-07T05:41:13.203291Z
AC000358,XXXX3989,P000600,Axis Bank,SYNTHETIC,2026-09-07T05:41:13.203295Z
AC000359,XXXX4681,P000601,City Union Bank,SYNTHETIC,2026-09-07T05:41:13.203299Z
AC000360,XXXX4252,P000605,City Union Bank,SYNTHETIC,2026-09-07T05:41:13.203304Z
AC000361,XXXX1239,P000608,ICICI Bank,SYNTHETIC,2026-09-07T05:41:13.203308Z
AC000362,XXXX1628,P000612,Axis Bank,SYNTHETIC,2026-09-07T05:41:13.203313Z
AC000363,XXXX2416,P000618,HDFC Bank,SYNTHETIC,2026-09-07T05:41:13.203317Z
AC000364,XXXX2907,P000619,State Bank of India,SYNTHETIC,2026-09-07T05:41:13.203321Z
AC000365,XXXX9390,,Indian Overseas Bank,SYNTHETIC,2026-09-07T05:41:13.203333Z
AC000366,XXXX7149,,Axis Bank,SYNTHETIC,2026-09-07T05:41:13.203339Z
AC000367,XXXX6193,,Canara Bank,SYNTHETIC,2026-09-07T05:41:13.203345Z
AC000368,XXXX2777,,Indian Overseas Bank,SYNTHETIC,2026-09-07T05:41:13.203349Z
AC000369,XXXX6047,,City Union Bank,SYNTHETIC,2026-09-07T05:41:13.203353Z
AC000370,XXXX8241,,ICICI Bank,SYNTHETIC,2026-09-07T05:41:13.203357Z
AC000371,XXXX4860,,Tamilnad Mercantile Bank,SYNTHETIC,2026-09-07T05:41:13.203361Z
AC000372,XXXX2602,,Kotak Mahindra Bank,SYNTHETIC,2026-09-07T05:41:13.203365Z
AC000373,XXXX8575,,City Union Bank,SYNTHETIC,2026-09-07T05:41:13.203368Z
AC000374,XXXX7267,,ICICI Bank,SYNTHETIC,2026-09-07T05:41:13.203372Z
AC000375,XXXX8378,,Indian Overseas Bank,SYNTHETIC,2026-09-07T05:41:13.203376Z
AC000376,XXXX4127,,Indian Overseas Bank,SYNTHETIC,2026-09-07T05:41:13.203381Z
AC000377,XXXX7803,,Indian Overseas Bank,SYNTHETIC,2026-09-07T05:41:13.203385Z
AC000378,XXXX6173,,Federal Bank,SYNTHETIC,2026-09-07T05:41:13.203391Z
AC000379,XXXX3566,,HDFC Bank,SYNTHETIC,2026-09-07T05:41:13.203395Z
AC000380,XXXX5426,,ICICI Bank,SYNTHETIC,2026-09-07T05:41:13.203399Z
AC000381,XXXX4928,,Indian Overseas Bank,SYNTHETIC,2026-09-07T05:41:13.203403Z
AC000382,XXXX1251,,Canara Bank,SYNTHETIC,2026-09-07T05:41:13.203406Z
AC000383,XXXX3423,,Axis Bank,SYNTHETIC,2026-09-07T05:41:13.203410Z
AC000384,XXXX5679,,Federal Bank,SYNTHETIC,2026-09-07T05:41:13.203414Z
AC000385,XXXX7829,,ICICI Bank,SYNTHETIC,2026-09-07T05:41:13.203418Z
AC000386,XXXX1970,,HDFC Bank,SYNTHETIC,2026-09-07T05:41:13.203421Z
AC000387,XXXX3547,,Kotak Mahindra Bank,SYNTHETIC,2026-09-07T05:41:13.203425Z
AC000388,XXXX1153,,Kotak Mahindra Bank,SYNTHETIC,2026-09-07T05:41:13.203429Z
AC000389,XXXX8747,,Canara Bank,SYNTHETIC,2026-09-07T05:41:13.203436Z
AC000390,XXXX5463,,Axis Bank,SYNTHETIC,2026-09-07T05:41:13.203441Z
AC000391,XXXX2078,,Axis Bank,SYNTHETIC,2026-09-07T05:41:13.203444Z
AC000392,XXXX7788,P000627,State Bank of India,SYNTHETIC,2026-09-07T05:41:13.219452Z
