id,fir_number,case_id,narrative_text,filed_at,location_id,data_source,created_at
FR000001,FIR-2026-9142,CS000091,"Complainant stated that Ravi Kumar alias Rocky met Arjun Nair near Central Market Junction on the evening of the incident. Both were coordinating through phone 9876543210. FIR Number FIR-2026-9142 under Case Number CASE-9091, offences under 387 IPC.",2024-10-18T06:15:34Z,LOC000061,SYNTHETIC,2026-09-07T05:41:13.219498Z
FR000002,FIR-2026-9201,CS000091,"Follow-up investigation traced account A/C XXXX7788 to the Cobra Syndicate. Suresh Pillai was observed with vehicle KA01AB1234 at Central Market Junction. FIR Number FIR-2026-9201 under Case Number CASE-9091, offences under 120B IPC.",2024-10-24T06:15:34Z,LOC000061,SYNTHETIC,2026-09-07T05:41:13.219504Z
FR000003,FIR-2024-0001,CS000001,"Complainant Kai Acharya, resident of Salem, stated under Section 154 CrPC that between 11-Sep-2024 and 19-Sep-2024, Oviya Tripathi (alias Chotta40) and Baghyawati Parsa, acting for Silver Line Network gang, induced deposits into A/C XXXX5409 and layered the proceeds through multiple accounts. On 02/09/2024 a sum of Rs. 42053369 was routed from the said A/C XXXX5409 to a shell entity. Suspects used phone 7815260768 to co-ordinate transfers with accomplices. Oviya Tripathi was last seen near Royapuram Fuel Station in a vehicle bearing registration TN01 RS 5495. FIR Number FIR-2024-0001 registered under Case Number CASE-0001 for offences under Section 120B IPC and Section 120B IPC. investigation flagging the transaction trail to ci sandeep kumar of the financial forensic unit.",2024-09-18T10:23:03Z,LOC000046,SYNTHETIC,2026-09-07T05:41:13.261994Z
FR000004,FIR-2025-0002,CS000002,"On 10/12/2025 the body of a victim was recovered near Pothigai Nagar Oil Depot, Chennai. Enquiry revealed that Christopher Sathe (alias Silk) and Andrew Oommen were last seen with the deceased on 13-Dec-2025 in vehicle registration TN38 LM 7095. Cell tower data links phone 6871973531 to the scene around the time of the incident. Intercepted communications reference the North Star Outfit gang. FIR Number FIR-2025-0002 under Case Number CASE-0002 for offences under Section 302 IPC and 120B IPC. Investigation by si priya darshan.",2025-12-26T09:06:04Z,LOC000036,SYNTHETIC,2026-09-07T05:41:13.263192Z
FR000005,FIR-2025-0003,CS000003,"Complainant Janaki Nori reported on 18-Jun-2025 the theft of his vehicle from Kajamalai Industrial Estate, Chennai, on 14/06/2025. ANPR caught registration TN60 VU 3638 on the bypass; Janani Shetty (alias Rowdy25) and Janani Shetty were identified via phone 8165961757 and CCTV of Kajamalai Industrial Estate. Stolen parts worth Rs. 1752313 were recovered. FIR Number FIR-2025-0003 under Case Number CASE-0003, offences under Section 379 IPC and 411 IPC. Investigation: si priya darshan.",2025-07-26T18:14:31Z,LOC000026,SYNTHETIC,2026-09-07T05:41:13.264235Z
FR000006,FIR-2024-0004,CS000004,"Complainant Tarak Garde reported at Velachery Oil Depot police station in Kancheepuram on 29-Jul-2024 that Vanya Banerjee (alias Raja45) and Rachit Saran of the Crimson Tide Group gang demanded a periodic levy of Rs. 1758125 and threatened consequences on refusal. On 27/07/2024, Vanya Banerjee called complainant twice from phone 6156863161 and repeated the demand, warning of seizure. The accused were last seen departing in vehicle registration TN27 TC 1572. FIR Number FIR-2024-0004 registered under Case Number CASE-0004; offences under Section 170 IPC and 506(2) IPC shall be investigated. Investigating officer: inspector deepa nanduri.",2024-09-07T08:03:34Z,LOC000002,SYNTHETIC,2026-09-07T05:41:13.265342Z
FR000007,FIR-2024-0005,CS000005,"On 19/10/2024 the body of a victim was recovered near Mettupalayam Wholesale Market, Thanjavur. Enquiry revealed that Chakrika Tripathi (alias Bommi46) and Aditya Kibe were last seen with the deceased on 22-Oct-2024 in vehicle registration TN30 NL 5937. Cell tower data links phone 8089771202 to the scene around the time of the incident. Intercepted communications reference the North Star Outfit gang. FIR Number FIR-2024-0005 under Case Number CASE-0005 for offences under Section 120B IPC and 120B IPC. Investigation by inspector karthik raghavan.",2024-11-24T20:41:01Z,LOC000053,SYNTHETIC,2026-09-07T05:41:13.266377Z
FR000008,FIR-2024-0006,CS000006,"Based on secret intelligence, on 21-Sep-2024 a consignment was intercepted at Gandhipuram Warehouse Complex, Madurai. Complainant Faras Tank identified Kritika Maharaj (alias Dada40) and Ikshita Krishna as the handlers coordinating with Iron Wolf Syndicate gang operatives. On 18/09/2024 both suspects were observed near the godown; Kritika Maharaj arrived in vehicle registration TN27 WR 4301 and communicated with the group using phone 7230074257. Contraband valuation is assessed at Rs. 10351421. FIR Number FIR-2024-0006 under Case Number CASE-0006 was registered; offences under Section 418 IPC are being investigated by special sub-inspector emmanuel.",2024-10-20T09:23:35Z,LOC000049,SYNTHETIC,2026-09-07T05:41:13.267475Z
FR000009,FIR-2025-0007,CS000007,"Based on secret intelligence, on 26-Jun-2025 a consignment was intercepted at Ukkadam Harbour Police Station, Coimbatore. Complainant Bhavika Dalal identified Chakrika Tripathi (alias Bommi46) and Vedhika Hans as the handlers coordinating with North Star Outfit gang operatives. On 23/06/2025 both suspects were observed near the godown; Chakrika Tripathi arrived in vehicle registration TN30 NL 5937 and communicated with the group using phone 8089771202. Contraband valuation is assessed at Rs. 5467096. FIR Number FIR-2025-0007 under Case Number CASE-0007 was registered; offences under Section 21 NDPS are being investigated by si ramesh babu.",2025-07-20T16:40:35Z,LOC000016,SYNTHETIC,2026-09-07T05:41:13.268526Z
FR000010,FIR-2026-0008,CS000008,"Complainant Inaya Date lodged a report at Sulur Check Post, Coimbatore, on 23-Jun-2026 alleging that Bina Reddy (alias Sathya12) and Charan Saxena engaged in fraud on 14/06/2026, causing loss assessed at Rs. 5438556. Bina Reddy contacted complainant from phone 9960013487 and the accused were observed in vehicle registration TN45 XM 3135 near Sulur Check Post on 04-Jul-2026. The Crimson Tide Group gang is suspected of involvement. FIR Number FIR-2026-0008 under Case Number CASE-0008; offences under Section 471 IPC registered. Investigation entrusted to special sub-inspector emmanuel.",2026-06-28T04:25:44Z,LOC000044,SYNTHETIC,2026-09-07T05:41:13.269582Z
FR000011,FIR-2024-0009,CS000009,"Complainant Damyanti Comar, resident of Pudukkottai, stated under Section 154 CrPC that between 27-Jan-2024 and 30-Jan-2024, Andrew Verma (alias Silk) and Charan Saxena, acting for Iron Wolf Syndicate gang, induced deposits into A/C XXXX8145 and layered the proceeds through multiple accounts. On 18/01/2024 a sum of Rs. 43288046 was routed from the said A/C XXXX8145 to a shell entity. Suspects used phone 8857245991 to co-ordinate transfers with accomplices. Andrew Verma was last seen near KK Nagar Night Bazaar in a vehicle bearing registration TN45 PL 5689. FIR Number FIR-2024-0009 registered under Case Number CASE-0009 for offences under Section 4 PMLA and Section 120B IPC. investigation flagging the transaction trail to dy. sp arjun sridhar of the financial forensic unit.",2024-02-28T06:06:31Z,LOC000012,SYNTHETIC,2026-09-07T05:41:13.270925Z
FR000012,FIR-2026-0010,CS000010,"Based on secret intelligence, on 07-Aug-2026 a consignment was intercepted at Mettupalayam Cold Storage, Chennai. Complainant Charita Memon identified Anya Kibe (alias Machaan54) and Saksham Sidhu as the handlers coordinating with Blue Orchid Cartel gang operatives. On 29/07/2026 both suspects were observed near the godown; Anya Kibe arrived in vehicle registration TN25 VL 4602 and communicated with the group using phone 8873352156. Contraband valuation is assessed at Rs. 8178519. FIR Number FIR-2026-0010 under Case Number CASE-0010 was registered; offences under NDPS Act 23 are being investigated by acp rajesh menon.",2026-08-13T02:49:53Z,LOC000027,SYNTHETIC,2026-09-07T05:41:13.272055Z
FR000013,FIR-2026-0011,CS000011,"Based on secret intelligence, on 01-Feb-2026 a consignment was intercepted at Meenakshi Nagar Agro Market, Ariyalur. Complainant Inaya Kadakia identified Daksha Menon (alias Vikram51) and Zayyan Mohan as the handlers coordinating with Silver Line Network gang operatives. On 30/01/2026 both suspects were observed near the godown; Daksha Menon arrived in vehicle registration TN49 DT 5910 and communicated with the group using phone 7280025799. Contraband valuation is assessed at Rs. 1134030. FIR Number FIR-2026-0011 under Case Number CASE-0011 was registered; offences under NDPS Act 23 are being investigated by dy. sp arjun sridhar.",2026-03-12T20:05:48Z,LOC000019,SYNTHETIC,2026-09-07T05:41:13.273095Z
FR000014,FIR-2026-0012,CS000011,"Based on secret intelligence, on 01-Feb-2026 a consignment was intercepted at Peelamedu Textile Mill, Ariyalur. Complainant Inaya Kadakia identified Daksha Menon (alias Vikram51) and Zayyan Mohan as the handlers coordinating with Silver Line Network gang operatives. On 28/01/2026 both suspects were observed near the godown; Daksha Menon arrived in vehicle registration TN49 DT 5910 and communicated with the group using phone 7280025799. Contraband valuation is assessed at Rs. 4949399. FIR Number FIR-2026-0012 under Case Number CASE-0011 was registered; offences under Section 135A Customs Act are being investigated by si ramesh babu.",2026-03-12T20:05:48Z,LOC000031,SYNTHETIC,2026-09-07T05:41:13.274126Z
FR000015,FIR-2025-0013,CS000012,"Based on secret intelligence, on 16-Nov-2025 a consignment was intercepted at Muthialpet Check Post, Madurai. Complainant Yochana Chanda identified Max Nadig (alias Blackie21) and Ekani Mohan as the handlers coordinating with Blue Orchid Cartel gang operatives. On 13/11/2025 both suspects were observed near the godown; Max Nadig arrived in vehicle registration TN01 NY 5947 and communicated with the group using phone 9684391157. Contraband valuation is assessed at Rs. 3731738. FIR Number FIR-2025-0013 under Case Number CASE-0012 was registered; offences under Section 8(c) NDPS are being investigated by acp rajesh menon.",2025-12-25T23:28:34Z,LOC000007,SYNTHETIC,2026-09-07T05:41:13.275213Z
FR000016,FIR-2025-0014,CS000012,"Based on secret intelligence, on 16-Nov-2025 a consignment was intercepted at Ganapathy Mandi, Madurai. Complainant Yochana Chanda identified Max Nadig (alias Blackie21) and Ekani Mohan as the handlers coordinating with Blue Orchid Cartel gang operatives. On 11/11/2025 both suspects were observed near the godown; Max Nadig arrived in vehicle registration TN58 DG 2342 and communicated with the group using phone 9684391157. Contraband valuation is assessed at Rs. 6632486. FIR Number FIR-2025-0014 under Case Number CASE-0012 was registered; offences under Section 8(c) NDPS are being investigated by ci sandeep kumar.",2025-12-25T23:28:34Z,LOC000028,SYNTHETIC,2026-09-07T05:41:13.276412Z
FR000017,FIR-2024-0015,CS000013,"Complainant Jeet Goda reported at Mettupalayam Cold Storage police station in Chennai on 02-Aug-2024 that Shivani Bala (alias Bhai21) and Abhimanyu Patel of the Iron Wolf Syndicate gang demanded a periodic levy of Rs. 1154332 and threatened consequences on refusal. On 26/07/2024, Shivani Bala called complainant twice from phone 9130664090 and repeated the demand, warning of seizure. The accused were last seen departing in vehicle registration TN49 BV 5096. FIR Number FIR-2024-0015 registered under Case Number CASE-0013; offences under 506(2) IPC and 506(2) IPC shall be investigated. Investigating officer: inspector karthik raghavan.",2024-08-20T22:28:43Z,LOC000027,SYNTHETIC,2026-09-07T05:41:13.277523Z
FR000018,FIR-2024-0016,CS000014,"Complainant Keya Puri lodged a report at Velachery Oil Depot, Erode, on 18-May-2024 alleging that Azaan Swamy (alias Raja54) and Brijesh Sodhi engaged in counterfeiting on 10/05/2024, causing loss assessed at Rs. 5206567. Azaan Swamy contacted complainant from phone 6265117603 and the accused were observed in vehicle registration TN38 KG 9141 near Velachery Oil Depot on 20-May-2024. The Black Lotus Network gang is suspected of involvement. FIR Number FIR-2024-0016 under Case Number CASE-0014; offences under Section 420 IPC registered. Investigation entrusted to si ramesh babu.",2024-05-28T19:17:02Z,LOC000002,SYNTHETIC,2026-09-07T05:41:13.278629Z
FR000019,FIR-2025-0017,CS000015,"Based on secret intelligence, on 16-Jan-2025 a consignment was intercepted at Ukkadam Toll Plaza, Tiruchchirappalli. Complainant Bhavini Chopra identified Abha Shroff (alias Raja92) and Ria Nayar as the handlers coordinating with Harbour Road Group gang operatives. On 07/01/2025 both suspects were observed near the godown; Abha Shroff arrived in vehicle registration TN21 UR 6495 and communicated with the group using phone 6190003790. Contraband valuation is assessed at Rs. 6891952. FIR Number FIR-2025-0017 under Case Number CASE-0015 was registered; offences under NDPS Act 23 are being investigated by dy. sp arjun sridhar.",2025-02-04T10:18:31Z,LOC000033,SYNTHETIC,2026-09-07T05:41:13.279781Z
FR000020,FIR-2026-0018,CS000016,"Complainant Anita Apte reported at Central Market Junction police station in Chengalpattu on 25-Jun-2026 that Dominic Borde (alias Silk) and Priya Ram of the Red Sand Gang gang demanded a periodic levy of Rs. 848365 and threatened consequences on refusal. On 17/06/2026, Dominic Borde called complainant twice from phone 6599781863 and repeated the demand, warning of seizure. The accused were last seen departing in vehicle registration TN58 GB 8880. FIR Number FIR-2026-0018 registered under Case Number CASE-0016; offences under 506(2) IPC and 506(2) IPC shall be investigated. Investigating officer: dy. sp arjun sridhar.",2026-08-02T03:29:14Z,LOC000061,SYNTHETIC,2026-09-07T05:41:13.280947Z
FR000021,FIR-2024-0019,CS000017,"On 18-Sep-2024 complainant Kai Acharya lodged a complaint of unauthorized digital transactions at Anna Nagar Lorry Park, Tiruvannamalai. The accused Andrew Devi (alias Jacket68) and Nirja Bava obtained OTPs via fraudulent calls from phone 8264526628, drained A/C XXXX5123 and transferred funds to controlled mule accounts. On 11/09/2024 the suspect used vehicle registration TN58 YJ 4817 near the cyber park exit. FIR Number FIR-2024-0019 under Case Number CASE-0017, offences under Section 66D IT Act read with Section 66D IT Act. The matter was assigned to si priya darshan.",2024-10-16T19:21:38Z,LOC000058,SYNTHETIC,2026-09-07T05:41:13.282055Z
FR000022,FIR-2026-0020,CS000018,"Based on secret intelligence, on 18-Feb-2026 a consignment was intercepted at Sulur Check Post, Erode. Complainant Advaith Lalla identified Pallavi Nigam (alias Silk) and Isaac Sarna as the handlers coordinating with Eastern Arc Outfit gang operatives. On 17/02/2026 both suspects were observed near the godown; Pallavi Nigam arrived in vehicle registration TN58 LX 1668 and communicated with the group using phone 7610228601. Contraband valuation is assessed at Rs. 16984396. FIR Number FIR-2026-0020 under Case Number CASE-0018 was registered; offences under Section 135A Customs Act are being investigated by si ramesh babu.",2026-03-20T19:47:56Z,LOC000044,SYNTHETIC,2026-09-07T05:41:13.283201Z
FR000023,FIR-2025-0021,CS000019,"Based on secret intelligence, on 10-Jun-2025 a consignment was intercepted at Kuruvikulam Construction Site, Tiruppur. Complainant Vinaya Chacko identified Lavanya Kaul (alias Sathya90) and Lavanya Kaul as the handlers coordinating with Steel Falcon Gang gang operatives. On 02/06/2025 both suspects were observed near the godown; Lavanya Kaul arrived in vehicle registration TN34 VV 1372 and communicated with the group using phone 6676954957. Contraband valuation is assessed at Rs. 5647969. FIR Number FIR-2025-0021 under Case Number CASE-0019 was registered; offences under Section 135A Customs Act are being investigated by si ramesh babu.",2025-06-16T04:26:24Z,LOC000055,SYNTHETIC,2026-09-07T05:41:13.284301Z
FR000024,FIR-2025-0022,CS000020,"Complainant Sara Nadkarni lodged a report at Mattuthavani Junction, Madurai, on 17-Dec-2025 alleging that Mugdha Kapadia (alias Silk) and Ayushman Date engaged in counterfeiting on 15/12/2025, causing loss assessed at Rs. 657137. Mugdha Kapadia contacted complainant from phone 8918890383 and the accused were observed in vehicle registration TN30 CJ 2933 near Mattuthavani Junction on 23-Dec-2025. The North Star Outfit gang is suspected of involvement. FIR Number FIR-2025-0022 under Case Number CASE-0020; offences under Section 420 IPC registered. Investigation entrusted to ci sandeep kumar.",2025-12-18T21:36:35Z,LOC000034,SYNTHETIC,2026-09-07T05:41:13.285411Z
FR000025,FIR-2024-0023,CS000021,"On 25/01/2024 at around 21:00 hrs complainant Finn Radhakrishnan was waylaid at Nellithope Cold Storage, Kancheepuram, by Eesha Ravi (alias Silk) and Yadavi Dasgupta, members of the Red Sand Gang gang, who relieved him of cash and valuables worth Rs. 1482631 at knifepoint. Eesha Ravi was identified through his phone 6643629683 and the getaway vehicle registration TN43 MM 4293 recovered on 10-Feb-2024. FIR Number FIR-2024-0023 under Case Number CASE-0021; offences under Section 397 IPC registered. Investigation entrusted to si priya darshan.",2024-03-04T19:32:41Z,LOC000022,SYNTHETIC,2026-09-07T05:41:13.286489Z
FR000026,FIR-2024-0024,CS000022,"Based on secret intelligence, on 14-Jun-2024 a consignment was intercepted at Chokkanadar Pettai Outer Ring Road, Thoothukudi. Complainant Ekantika Mangal identified Chatura Konda (alias Silk) and Chatura Konda as the handlers coordinating with Harbour Road Group gang operatives. On 12/06/2024 both suspects were observed near the godown; Chatura Konda arrived in vehicle registration TN64 YX 5807 and communicated with the group using phone 7914577741. Contraband valuation is assessed at Rs. 7801558. FIR Number FIR-2024-0024 under Case Number CASE-0022 was registered; offences under Section 21 NDPS are being investigated by ci sandeep kumar.",2024-07-24T18:41:53Z,LOC000051,SYNTHETIC,2026-09-07T05:41:13.287908Z
FR000027,FIR-2025-0025,CS000023,"Complainant Harinakshi Baria, resident of Villupuram, stated under Section 154 CrPC that between 01-Apr-2025 and 13-Apr-2025, Lavanya Kaul (alias Sathya90) and Xalak Bhatia, acting for Steel Falcon Gang gang, induced deposits into A/C XXXX3606 and layered the proceeds through multiple accounts. On 31/03/2025 a sum of Rs. 47974543 was routed from the said A/C XXXX3606 to a shell entity. Suspects used phone 6676954957 to co-ordinate transfers with accomplices. Lavanya Kaul was last seen near Chokkanadar Pettai Oil Depot in a vehicle bearing registration TN34 VV 1372. FIR Number FIR-2025-0025 registered under Case Number CASE-0023 for offences under Section 4 PMLA and Section 120B IPC. investigation flagging the transaction trail to si ramesh babu of the financial forensic unit.",2025-04-23T23:13:57Z,LOC000009,SYNTHETIC,2026-09-07T05:41:13.289325Z
FR000028,FIR-2025-0026,CS000023,"Complainant Harinakshi Baria, resident of Villupuram, stated under Section 154 CrPC that between 01-Apr-2025 and 05-Apr-2025, Lavanya Kaul (alias Sathya90) and Xalak Bhatia, acting for Steel Falcon Gang gang, induced deposits into A/C XXXX3606 and layered the proceeds through multiple accounts. On 24/03/2025 a sum of Rs. 23164637 was routed from the said A/C XXXX3606 to a shell entity. Suspects used phone 6676954957 to co-ordinate transfers with accomplices. Lavanya Kaul was last seen near Thirunagar Cold Storage in a vehicle bearing registration TN34 VV 1372. FIR Number FIR-2025-0026 registered under Case Number CASE-0023 for offences under Section 3 PMLA and Section 120B IPC. investigation flagging the transaction trail to ci sandeep kumar of the financial forensic unit.",2025-04-23T23:13:57Z,LOC000003,SYNTHETIC,2026-09-07T05:41:13.290673Z
FR000029,FIR-2024-0027,CS000024,"Complainant Rudra Prabhu reported on 13-Jan-2024 the theft of his vehicle from Kuruvikulam Construction Site, Tiruppur, on 07/01/2024. ANPR caught registration TN62 XL 4747 on the bypass; Ekani Mohan (alias Silk) and Nandini Dugar were identified via phone 9536344864 and CCTV of Kuruvikulam Construction Site. Stolen parts worth Rs. 701219 were recovered. FIR Number FIR-2024-0027 under Case Number CASE-0024, offences under Section 379 IPC and 411 IPC. Investigation: acp rajesh menon.",2024-02-13T17:54:12Z,LOC000055,SYNTHETIC,2026-09-07T05:41:13.292504Z
FR000030,FIR-2025-0028,CS000025,"Based on secret intelligence, on 04-Jun-2025 a consignment was intercepted at Thirunagar Industrial Estate, Coimbatore. Complainant Xiti Kanda identified Umang Nadkarni (alias Silk) and Darpan Bajwa as the handlers coordinating with Black Lotus Network gang operatives. On 03/06/2025 both suspects were observed near the godown; Umang Nadkarni arrived in vehicle registration TN01 JP 3962 and communicated with the group using phone 7060782485. Contraband valuation is assessed at Rs. 19647779. FIR Number FIR-2025-0028 under Case Number CASE-0025 was registered; offences under Section 418 IPC are being investigated by si ramesh babu.",2025-06-19T11:35:52Z,LOC000039,SYNTHETIC,2026-09-07T05:41:13.294645Z
FR000031,FIR-2024-0029,CS000026,"Complainant Zinal Nagarajan, resident of Chennai, stated under Section 154 CrPC that between 09-Sep-2024 and 20-Sep-2024, Veer Mital (alias Silk) and Max Nadig, acting for Blue Orchid Cartel gang, induced deposits into A/C XXXX6141 and layered the proceeds through multiple accounts. On 06/09/2024 a sum of Rs. 32055256 was routed from the said A/C XXXX6141 to a shell entity. Suspects used phone 9036959815 to co-ordinate transfers with accomplices. Veer Mital was last seen near Pappanaickenpalayam Bridge End in a vehicle bearing registration TN64 SL 6012. FIR Number FIR-2024-0029 registered under Case Number CASE-0026 for offences under Section 3 PMLA and Section 120B IPC. investigation flagging the transaction trail to special sub-inspector emmanuel of the financial forensic unit.",2024-09-23T20:49:52Z,LOC000006,SYNTHETIC,2026-09-07T05:41:13.296809Z
FR000032,FIR-2025-0030,CS000027,"Complainant Xiti Ratti reported at Pothigai Nagar Oil Depot police station in Chennai on 01-Feb-2025 that Turvi Khare (alias Silk) and Falguni Barad of the Black Lotus Network gang demanded a periodic levy of Rs. 2910705 and threatened consequences on refusal. On 31/01/2025, Turvi Khare called complainant twice from phone 9255043206 and repeated the demand, warning of seizure. The accused were last seen departing in vehicle registration TN75 TH 2925. FIR Number FIR-2025-0030 registered under Case Number CASE-0027; offences under 506(2) IPC and 506(2) IPC shall be investigated. Investigating officer: acp rajesh menon.",2025-02-21T16:30:00Z,LOC000036,SYNTHETIC,2026-09-07T05:41:13.298691Z
FR000033,FIR-2026-0031,CS000028,"Based on secret intelligence, on 27-Feb-2026 a consignment was intercepted at Kajamalai Industrial Estate, Erode. Complainant Eta Agarwal identified Pallavi Nigam (alias Silk) and Xiti Gupta as the handlers coordinating with Eastern Arc Outfit gang operatives. On 25/02/2026 both suspects were observed near the godown; Pallavi Nigam arrived in vehicle registration TN58 LX 1668 and communicated with the group using phone 7610228601. Contraband valuation is assessed at Rs. 10101573. FIR Number FIR-2026-0031 under Case Number CASE-0028 was registered; offences under Section 8(c) NDPS are being investigated by si priya darshan.",2026-03-07T03:40:50Z,LOC000026,SYNTHETIC,2026-09-07T05:41:13.300700Z
FR000034,FIR-2024-0032,CS000029,"Complainant Nidhi Dhillon reported at Kajamalai Junction police station in Tiruchchirappalli on 27-Aug-2024 that Sachi Keer (alias Jacket16) and Aayush Sachdeva of the Red Sand Gang gang demanded a periodic levy of Rs. 1549419 and threatened consequences on refusal. On 20/08/2024, Sachi Keer called complainant twice from phone 9839654741 and repeated the demand, warning of seizure. The accused were last seen departing in vehicle registration TN30 EK 3992. FIR Number FIR-2024-0032 registered under Case Number CASE-0029; offences under 387 IPC and 506(2) IPC shall be investigated. Investigating officer: inspector karthik raghavan.",2024-08-30T16:05:38Z,LOC000005,SYNTHETIC,2026-09-07T05:41:13.301868Z
FR000035,FIR-2026-0033,CS000030,"Based on secret intelligence, on 18-Feb-2026 a consignment was intercepted at Ukkadam Cold Storage, Tiruchchirappalli. Complainant Darpan Sood identified Triveni Lad (alias Blackie20) and Bina Reddy as the handlers coordinating with Delta Cartel gang operatives. On 09/02/2026 both suspects were observed near the godown; Triveni Lad arrived in vehicle registration TN58 PR 2486 and communicated with the group using phone 8142800073. Contraband valuation is assessed at Rs. 4373115. FIR Number FIR-2026-0033 under Case Number CASE-0030 was registered; offences under Section 8(c) NDPS are being investigated by inspector karthik raghavan.",2026-03-04T06:13:12Z,LOC000060,SYNTHETIC,2026-09-07T05:41:13.303017Z
FR000036,FIR-2026-0034,CS000031,"Complainant Rehaan Chada, resident of Pudukkottai, stated under Section 154 CrPC that between 24-Jul-2026 and 29-Jul-2026, Zarna Menon (alias Thalapathi33) and Patrick Acharya, acting for Blue Orchid Cartel gang, induced deposits into A/C XXXX2607 and layered the proceeds through multiple accounts. On 19/07/2026 a sum of Rs. 31661242 was routed from the said A/C XXXX2607 to a shell entity. Suspects used phone 7505457720 to co-ordinate transfers with accomplices. Zarna Menon was last seen near KK Nagar Night Bazaar in a vehicle bearing registration TN38 XY 1542. FIR Number FIR-2026-0034 registered under Case Number CASE-0031 for offences under Section 120B IPC and Section 120B IPC. investigation flagging the transaction trail to si ramesh babu of the financial forensic unit.",2026-08-01T04:56:20Z,LOC000012,SYNTHETIC,2026-09-07T05:41:13.305041Z
FR000037,FIR-2026-0035,CS000032,"Complainant Chanchal Ahluwalia lodged a report at Estancia Fuel Station, Madurai, on 06-May-2026 alleging that Upadhriti Puri (alias Silk) and Max Nadig engaged in kidnapping on 05/05/2026, causing loss assessed at Rs. 9766425. Upadhriti Puri contacted complainant from phone 8486748501 and the accused were observed in vehicle registration TN58 PZ 6887 near Estancia Fuel Station on 18-May-2026. The Silver Line Network gang is suspected of involvement. FIR Number FIR-2026-0035 under Case Number CASE-0032; offences under Section 366 IPC registered. Investigation entrusted to acp rajesh menon.",2026-05-22T04:05:40Z,LOC000029,SYNTHETIC,2026-09-07T05:41:13.307068Z
FR000038,FIR-2024-0036,CS000033,"Complainant Faraj Mistry reported at Estancia Bridge End police station in Madurai on 09-Oct-2024 that Kashish Venkatesh (alias Killer79) and Ira Bhatnagar of the Black Lotus Network gang demanded a periodic levy of Rs. 2516903 and threatened consequences on refusal. On 30/09/2024, Kashish Venkatesh called complainant twice from phone 9042131370 and repeated the demand, warning of seizure. The accused were last seen departing in vehicle registration TN55 AV 5925. FIR Number FIR-2024-0036 registered under Case Number CASE-0033; offences under 341 IPC and 506(2) IPC shall be investigated. Investigating officer: inspector karthik raghavan.",2024-10-12T20:54:19Z,LOC000014,SYNTHETIC,2026-09-07T05:41:13.309275Z
FR000039,FIR-2024-0037,CS000034,"Complainant Tripti Narayan lodged a report at Ukkadam Toll Plaza, Sivaganga, on 26-Sep-2024 alleging that Dhriti Pall (alias Silk) and Dhriti Pall engaged in fraud on 23/09/2024, causing loss assessed at Rs. 1424848. Dhriti Pall contacted complainant from phone 6113464160 and the accused were observed in vehicle registration TN19 RZ 2449 near Ukkadam Toll Plaza on 04-Oct-2024. The North Star Outfit gang is suspected of involvement. FIR Number FIR-2024-0037 under Case Number CASE-0034; offences under Section 420 IPC registered. Investigation entrusted to inspector deepa nanduri.",2024-10-26T13:54:19Z,LOC000033,SYNTHETIC,2026-09-07T05:41:13.310709Z
FR000040,FIR-2024-0038,CS000035,"Based on secret intelligence, on 06-Apr-2024 a consignment was intercepted at Ukkadam Cold Storage, Perambalur. Complainant Kai Acharya identified Omisha Srivastava (alias Silk) and Isaac Srinivas as the handlers coordinating with Crimson Tide Group gang operatives. On 29/03/2024 both suspects were observed near the godown; Omisha Srivastava arrived in vehicle registration TN27 TP 8810 and communicated with the group using phone 9089060939. Contraband valuation is assessed at Rs. 5443547. FIR Number FIR-2024-0038 under Case Number CASE-0035 was registered; offences under NDPS Act 23 are being investigated by special sub-inspector emmanuel.",2024-04-18T06:06:52Z,LOC000060,SYNTHETIC,2026-09-07T05:41:13.311896Z
FR000041,FIR-2025-0039,CS000036,"On 20/03/2025 at around 21:00 hrs complainant Ishaan Panchal was waylaid at Sulur Check Post, Coimbatore, by Chaman Kibe (alias Bommi39) and Yashawini Saraf, members of the Delta Cartel gang, who relieved him of cash and valuables worth Rs. 5888270 at knifepoint. Chaman Kibe was identified through his phone 9906286630 and the getaway vehicle registration TN19 HG 3902 recovered on 07-Apr-2025. FIR Number FIR-2025-0039 under Case Number CASE-0036; offences under Section 506(2) IPC registered. Investigation entrusted to si ramesh babu.",2025-04-17T02:41:28Z,LOC000044,SYNTHETIC,2026-09-07T05:41:13.312966Z
FR000042,FIR-2025-0040,CS000037,"Complainant Odika Sahni lodged a report at Azhagar Koil Road Junction, Thoothukudi, on 07-Sep-2025 alleging that Hema Tata (alias Silk) and Hema Tata engaged in counterfeiting on 02/09/2025, causing loss assessed at Rs. 6375396. Hema Tata contacted complainant from phone 8660942447 and the accused were observed in vehicle registration TN58 AG 4022 near Azhagar Koil Road Junction on 12-Sep-2025. The Blue Orchid Cartel gang is suspected of involvement. FIR Number FIR-2025-0040 under Case Number CASE-0037; offences under Section 489C IPC registered. Investigation entrusted to ci sandeep kumar.",2025-10-02T13:44:16Z,LOC000047,SYNTHETIC,2026-09-07T05:41:13.314138Z
FR000043,FIR-2026-0041,CS000038,"Complainant Agastya Bassi reported at Central Market Junction police station in Chengalpattu on 20-Mar-2026 that Damini Dutt (alias Silk19) and Hredhaan Bumb of the Steel Falcon Gang gang demanded a periodic levy of Rs. 2042908 and threatened consequences on refusal. On 14/03/2026, Damini Dutt called complainant twice from phone 6361253010 and repeated the demand, warning of seizure. The accused were last seen departing in vehicle registration TN27 KY 7235. FIR Number FIR-2026-0041 registered under Case Number CASE-0038; offences under 341 IPC and 506(2) IPC shall be investigated. Investigating officer: si ramesh babu.",2026-03-26T16:00:15Z,LOC000061,SYNTHETIC,2026-09-07T05:41:13.315235Z
FR000044,FIR-2024-0042,CS000039,"Complainant Mason Dube reported at Peelamedu Harbour Gate police station in Nilgiris on 24-Apr-2024 that Patrick Acharya (alias Silk) and Yashawini Saraf of the Blue Orchid Cartel gang demanded a periodic levy of Rs. 2658032 and threatened consequences on refusal. On 21/04/2024, Patrick Acharya called complainant twice from phone 8715924397 and repeated the demand, warning of seizure. The accused were last seen departing in vehicle registration TN58 RY 5573. FIR Number FIR-2024-0042 registered under Case Number CASE-0039; offences under 387 IPC and 506(2) IPC shall be investigated. Investigating officer: inspector deepa nanduri.",2024-05-17T08:40:23Z,LOC000011,SYNTHETIC,2026-09-07T05:41:13.316359Z
FR000045,FIR-2025-0043,CS000040,"Based on secret intelligence, on 23-Feb-2025 a consignment was intercepted at Peelamedu Harbour Gate, Vellore. Complainant Netra Datta identified Noah Kohli (alias Silk) and Yashawini Radhakrishnan as the handlers coordinating with Eastern Arc Outfit gang operatives. On 16/02/2025 both suspects were observed near the godown; Noah Kohli arrived in vehicle registration TN01 FJ 4644 and communicated with the group using phone 7260213818. Contraband valuation is assessed at Rs. 10822073. FIR Number FIR-2025-0043 under Case Number CASE-0040 was registered; offences under Section 8(c) NDPS are being investigated by dy. sp arjun sridhar.",2025-03-05T03:15:34Z,LOC000011,SYNTHETIC,2026-09-07T05:41:13.317803Z
FR000046,FIR-2025-0044,CS000041,"On 28-Nov-2024 complainant Chaitanya Deshmukh lodged a complaint of unauthorized digital transactions at Kallamadu Agro Market, Thanjavur. The accused Charan Saxena (alias Silk) and Balvan Kapadia obtained OTPs via fraudulent calls from phone 7606749938, drained A/C XXXX5123 and transferred funds to controlled mule accounts. On 22/11/2024 the suspect used vehicle registration TN58 PX 7014 near the cyber park exit. FIR Number FIR-2025-0044 under Case Number CASE-0041, offences under Section 66C IT Act read with Section 66D IT Act. The matter was assigned to si ramesh babu.",2025-01-04T10:51:27Z,LOC000054,SYNTHETIC,2026-09-07T05:41:13.319066Z
FR000047,FIR-2025-0045,CS000042,"On 10/04/2025 the body of a victim was recovered near Muthialpet Check Post, Madurai. Enquiry revealed that Simon Sandal (alias Killer85) and Aarini Cherian were last seen with the deceased on 16-Apr-2025 in vehicle registration TN45 TG 8486. Cell tower data links phone 6983212766 to the scene around the time of the incident. Intercepted communications reference the Delta Cartel gang. FIR Number FIR-2025-0045 under Case Number CASE-0042 for offences under Section 302 IPC and 120B IPC. Investigation by si ramesh babu.",2025-05-06T22:12:28Z,LOC000007,SYNTHETIC,2026-09-07T05:41:13.320650Z
FR000048,FIR-2025-0046,CS000042,"On 14/04/2025 the body of a victim was recovered near Mattuthavani Junction, Madurai. Enquiry revealed that Simon Sandal (alias Killer85) and Aarini Cherian were last seen with the deceased on 16-Apr-2025 in vehicle registration TN45 TG 8486. Cell tower data links phone 6983212766 to the scene around the time of the incident. Intercepted communications reference the Delta Cartel gang. FIR Number FIR-2025-0046 under Case Number CASE-0042 for offences under Section 302 IPC and 120B IPC. Investigation by ci sandeep kumar.",2025-05-06T22:12:28Z,LOC000034,SYNTHETIC,2026-09-07T05:41:13.321757Z
FR000049,FIR-2025-0047,CS000043,"Complainant Harshil Kuruvilla lodged a report at Gandhipuram Warehouse Complex, Madurai, on 26-Sep-2025 alleging that Chatura Konda (alias Silk) and Samuel Hayer engaged in fraud on 24/09/2025, causing loss assessed at Rs. 1600856. Chatura Konda contacted complainant from phone 7914577741 and the accused were observed in vehicle registration TN64 YX 5807 near Gandhipuram Warehouse Complex on 29-Sep-2025. The Harbour Road Group gang is suspected of involvement. FIR Number FIR-2025-0047 under Case Number CASE-0043; offences under Section 420 IPC registered. Investigation entrusted to ci sandeep kumar.",2025-09-30T13:23:21Z,LOC000049,SYNTHETIC,2026-09-07T05:41:13.323125Z
FR000050,FIR-2024-0048,CS000044,"On 16-Aug-2024 complainant Jai Guha lodged a complaint of unauthorized digital transactions at Sulur Check Post, Erode. The accused Hemang Natt (alias Vikram22) and Bhavika Seshadri obtained OTPs via fraudulent calls from phone 8548242505, drained A/C XXXX5123 and transferred funds to controlled mule accounts. On 13/08/2024 the suspect used vehicle registration TN58 WV 6377 near the cyber park exit. FIR Number FIR-2024-0048 under Case Number CASE-0044, offences under Section 420 IPC read with Section 66D IT Act. The matter was assigned to si priya darshan.",2024-09-25T16:49:56Z,LOC000044,SYNTHETIC,2026-09-07T05:41:13.325034Z
FR000051,FIR-2026-0049,CS000045,"On 04/04/2026 at around 21:00 hrs complainant Ishwar Chakraborty was waylaid at Coimbatore Junction Construction Site, Salem, by Yashasvi Sani (alias Bommi11) and Netra Sarin, members of the Crimson Tide Group gang, who relieved him of cash and valuables worth Rs. 1834497 at knifepoint. Yashasvi Sani was identified through his phone 7314076479 and the getaway vehicle registration TN21 PU 7481 recovered on 14-Apr-2026. FIR Number FIR-2026-0049 under Case Number CASE-0045; offences under Section 392 IPC registered. Investigation entrusted to inspector deepa nanduri.",2026-05-04T17:18:39Z,LOC000052,SYNTHETIC,2026-09-07T05:41:13.326599Z
FR000052,FIR-2026-0050,CS000046,"Based on secret intelligence, on 30-Apr-2026 a consignment was intercepted at Thirunagar Cold Storage, Villupuram. Complainant Nidhi Dhillon identified Wishi Bir (alias Silk) and Nikita Seth as the handlers coordinating with Eastern Arc Outfit gang operatives. On 26/04/2026 both suspects were observed near the godown; Wishi Bir arrived in vehicle registration TN01 WG 7904 and communicated with the group using phone 8005338894. Contraband valuation is assessed at Rs. 8824188. FIR Number FIR-2026-0050 under Case Number CASE-0046 was registered; offences under Section 418 IPC are being investigated by inspector deepa nanduri.",2026-06-07T00:44:01Z,LOC000003,SYNTHETIC,2026-09-07T05:41:13.327980Z
FR000053,FIR-2026-0051,CS000046,"Based on secret intelligence, on 30-Apr-2026 a consignment was intercepted at Thirunagar Cold Storage, Villupuram. Complainant Nidhi Dhillon identified Wishi Bir (alias Silk) and Nikita Seth as the handlers coordinating with Eastern Arc Outfit gang operatives. On 25/04/2026 both suspects were observed near the godown; Wishi Bir arrived in vehicle registration TN01 TA 2374 and communicated with the group using phone 8005338894. Contraband valuation is assessed at Rs. 18554594. FIR Number FIR-2026-0051 under Case Number CASE-0046 was registered; offences under Section 135A Customs Act are being investigated by special sub-inspector emmanuel.",2026-06-07T00:44:01Z,LOC000003,SYNTHETIC,2026-09-07T05:41:13.329152Z
FR000054,FIR-2024-0052,CS000047,"On 07/12/2024 the body of a victim was recovered near Mylapore City Police Station, Salem. Enquiry revealed that Arjun Soman (alias Raja96) and David Apte were last seen with the deceased on 13-Dec-2024 in vehicle registration TN39 JX 9364. Cell tower data links phone 8279402124 to the scene around the time of the incident. Intercepted communications reference the Harbour Road Group gang. FIR Number FIR-2024-0052 under Case Number CASE-0047 for offences under Section 201 IPC and 120B IPC. Investigation by si priya darshan.",2024-12-30T23:09:48Z,LOC000020,SYNTHETIC,2026-09-07T05:41:13.330263Z
FR000055,FIR-2026-0053,CS000048,"Based on secret intelligence, on 29-Mar-2026 a consignment was intercepted at Ukkadam Harbour Police Station, Coimbatore. Complainant Rushil Pai identified Gabriel Bhakta (alias Silk) and Gabriel Bhakta as the handlers coordinating with Eastern Arc Outfit gang operatives. On 22/03/2026 both suspects were observed near the godown; Gabriel Bhakta arrived in vehicle registration TN38 NR 8059 and communicated with the group using phone 8284150710. Contraband valuation is assessed at Rs. 2300707. FIR Number FIR-2026-0053 under Case Number CASE-0048 was registered; offences under NDPS Act 23 are being investigated by si priya darshan.",2026-05-08T06:08:16Z,LOC000016,SYNTHETIC,2026-09-07T05:41:13.331432Z
FR000056,FIR-2025-0054,CS000049,"Based on secret intelligence, on 28-Oct-2025 a consignment was intercepted at Chokkanadar Harbour Police Station, Chennai. Complainant Abha Ramanathan identified Zayyan Mohan (alias Pickle36) and Nandini Borah as the handlers coordinating with Silver Line Network gang operatives. On 21/10/2025 both suspects were observed near the godown; Zayyan Mohan arrived in vehicle registration TN01 BB 2764 and communicated with the group using phone 8608283898. Contraband valuation is assessed at Rs. 5060195. FIR Number FIR-2025-0054 under Case Number CASE-0049 was registered; offences under Section 21 NDPS are being investigated by special sub-inspector emmanuel.",2025-11-22T17:57:25Z,LOC000004,SYNTHETIC,2026-09-07T05:41:13.332514Z
FR000057,FIR-2025-0055,CS000050,"Complainant Sanya Madan, resident of Madurai, stated under Section 154 CrPC that between 07-Oct-2025 and 13-Oct-2025, Ikbal Raghavan (alias Silk) and Akshay Rege, acting for Harbour Road Group gang, induced deposits into A/C XXXX5330 and layered the proceeds through multiple accounts. On 30/09/2025 a sum of Rs. 18920464 was routed from the said A/C XXXX5330 to a shell entity. Suspects used phone 8125903797 to co-ordinate transfers with accomplices. Ikbal Raghavan was last seen near Tambaram Toll Plaza in a vehicle bearing registration TN49 AL 5724. FIR Number FIR-2025-0055 registered under Case Number CASE-0050 for offences under Section 3 PMLA and Section 120B IPC. investigation flagging the transaction trail to inspector karthik raghavan of the financial forensic unit.",2025-10-25T00:23:15Z,LOC000038,SYNTHETIC,2026-09-07T05:41:13.333689Z
FR000058,FIR-2024-0056,CS000051,"Complainant Abha Ramanathan, resident of Coimbatore, stated under Section 154 CrPC that between 08-Nov-2024 and 17-Nov-2024, Varenya Grover (alias Silk) and Aishani Dey, acting for Eastern Arc Outfit gang, induced deposits into A/C XXXX6044 and layered the proceeds through multiple accounts. On 30/10/2024 a sum of Rs. 26120776 was routed from the said A/C XXXX6044 to a shell entity. Suspects used phone 9270598443 to co-ordinate transfers with accomplices. Varenya Grover was last seen near Pothigai Nagar Toll Plaza in a vehicle bearing registration TN20 LE 3366. FIR Number FIR-2024-0056 registered under Case Number CASE-0051 for offences under Section 120B IPC and Section 120B IPC. investigation flagging the transaction trail to si priya darshan of the financial forensic unit.",2024-11-11T13:19:52Z,LOC000045,SYNTHETIC,2026-09-07T05:41:13.334895Z
FR000059,FIR-2024-0057,CS000051,"Complainant Abha Ramanathan, resident of Coimbatore, stated under Section 154 CrPC that between 08-Nov-2024 and 11-Nov-2024, Varenya Grover (alias Silk) and Aishani Dey, acting for Eastern Arc Outfit gang, induced deposits into A/C XXXX6044 and layered the proceeds through multiple accounts. On 30/10/2024 a sum of Rs. 15366619 was routed from the said A/C XXXX6044 to a shell entity. Suspects used phone 9270598443 to co-ordinate transfers with accomplices. Varenya Grover was last seen near Sulur Check Post in a vehicle bearing registration TN20 LE 3366. FIR Number FIR-2024-0057 registered under Case Number CASE-0051 for offences under Section 3 PMLA and Section 120B IPC. investigation flagging the transaction trail to inspector karthik raghavan of the financial forensic unit.",2024-11-11T13:19:52Z,LOC000044,SYNTHETIC,2026-09-07T05:41:13.336103Z
FR000060,FIR-2024-0058,CS000051,"Complainant Abha Ramanathan, resident of Coimbatore, stated under Section 154 CrPC that between 08-Nov-2024 and 09-Nov-2024, Varenya Grover (alias Silk) and Aishani Dey, acting for Eastern Arc Outfit gang, induced deposits into A/C XXXX6044 and layered the proceeds through multiple accounts. On 04/11/2024 a sum of Rs. 8278932 was routed from the said A/C XXXX6044 to a shell entity. Suspects used phone 9270598443 to co-ordinate transfers with accomplices. Varenya Grover was last seen near Sulur Check Post in a vehicle bearing registration TN20 LE 3366. FIR Number FIR-2024-0058 registered under Case Number CASE-0051 for offences under Section 4 PMLA and Section 120B IPC. investigation flagging the transaction trail to si ramesh babu of the financial forensic unit.",2024-11-11T13:19:52Z,LOC000044,SYNTHETIC,2026-09-07T05:41:13.337823Z
FR000061,FIR-2024-0059,CS000052,"Complainant Rudra Manne, resident of Chennai, stated under Section 154 CrPC that between 26-Dec-2023 and 04-Jan-2024, Lakshit Singhal (alias Bommi26) and Wriddhish Kumer, acting for Steel Falcon Gang gang, induced deposits into A/C XXXX6482 and layered the proceeds through multiple accounts. On 24/12/2023 a sum of Rs. 28053803 was routed from the said A/C XXXX6482 to a shell entity. Suspects used phone 7305789426 to co-ordinate transfers with accomplices. Lakshit Singhal was last seen near Sowdambika Layout Night Bazaar in a vehicle bearing registration TN25 DG 7603. FIR Number FIR-2024-0059 registered under Case Number CASE-0052 for offences under Section 120B IPC and Section 120B IPC. investigation flagging the transaction trail to inspector karthik raghavan of the financial forensic unit.",2024-01-24T06:05:05Z,LOC000043,SYNTHETIC,2026-09-07T05:41:13.340058Z
FR000062,FIR-2025-0060,CS000053,"On 13/10/2025 at around 21:00 hrs complainant Eta Agarwal was waylaid at Mylapore City Police Station, Salem, by Umang Nadkarni (alias Silk) and Kashish Venkatesh, members of the Black Lotus Network gang, who relieved him of cash and valuables worth Rs. 923296 at knifepoint. Umang Nadkarni was identified through his phone 7060782485 and the getaway vehicle registration TN27 NM 8595 recovered on 22-Oct-2025. FIR Number FIR-2025-0060 under Case Number CASE-0053; offences under Section 506(2) IPC registered. Investigation entrusted to inspector karthik raghavan.",2025-11-27T14:38:31Z,LOC000020,SYNTHETIC,2026-09-07T05:41:13.341870Z
FR000063,FIR-2026-0061,CS000054,"Complainant Anjali Sabharwal reported at Royapuram Fuel Station police station in Salem on 20-Feb-2026 that Vasatika Magar (alias Jango31) and Zayyan Sachdev of the Harbour Road Group gang demanded a periodic levy of Rs. 313617 and threatened consequences on refusal. On 19/02/2026, Vasatika Magar called complainant twice from phone 6217485870 and repeated the demand, warning of seizure. The accused were last seen departing in vehicle registration TN50 WN 3290. FIR Number FIR-2026-0061 registered under Case Number CASE-0054; offences under 387 IPC and 506(2) IPC shall be investigated. Investigating officer: inspector deepa nanduri.",2026-03-16T11:33:00Z,LOC000046,SYNTHETIC,2026-09-07T05:41:13.343520Z
FR000064,FIR-2024-0062,CS000055,"On 15/09/2024 at around 21:00 hrs complainant Libni Balan was waylaid at Central Market Junction, Chengalpattu, by David Apte (alias Boss79) and Zayyan Mohan, members of the Red Sand Gang gang, who relieved him of cash and valuables worth Rs. 2717317 at knifepoint. David Apte was identified through his phone 7411865377 and the getaway vehicle registration TN55 DC 3891 recovered on 05-Oct-2024. FIR Number FIR-2024-0062 under Case Number CASE-0055; offences under Section 506(2) IPC registered. Investigation entrusted to si priya darshan.",2024-09-27T12:02:45Z,LOC000061,SYNTHETIC,2026-09-07T05:41:13.345112Z
FR000065,FIR-2024-0063,CS000056,"Complainant Robert Goyal lodged a report at Ukkadam Harbour Police Station, Coimbatore, on 26-Apr-2024 alleging that Yuvraj Sheth (alias Silk) and Yasti Reddy engaged in fraud on 23/04/2024, causing loss assessed at Rs. 5252369. Yuvraj Sheth contacted complainant from phone 7540931288 and the accused were observed in vehicle registration TN01 RZ 1811 near Ukkadam Harbour Police Station on 29-Apr-2024. The Black Lotus Network gang is suspected of involvement. FIR Number FIR-2024-0063 under Case Number CASE-0056; offences under Section 468 IPC registered. Investigation entrusted to special sub-inspector emmanuel.",2024-05-16T00:35:46Z,LOC000016,SYNTHETIC,2026-09-07T05:41:13.346856Z
FR000066,FIR-2024-0064,CS000056,"Complainant Robert Goyal lodged a report at Thirunagar Industrial Estate, Coimbatore, on 26-Apr-2024 alleging that Yuvraj Sheth (alias Silk) and Yasti Reddy engaged in fraud on 22/04/2024, causing loss assessed at Rs. 3327922. Yuvraj Sheth contacted complainant from phone 7540931288 and the accused were observed in vehicle registration TN01 RZ 1811 near Thirunagar Industrial Estate on 03-May-2024. The Black Lotus Network gang is suspected of involvement. FIR Number FIR-2024-0064 under Case Number CASE-0056; offences under Section 468 IPC registered. Investigation entrusted to dy. sp arjun sridhar.",2024-05-16T00:35:46Z,LOC000039,SYNTHETIC,2026-09-07T05:41:13.348579Z
FR000067,FIR-2024-0065,CS000056,"Complainant Robert Goyal lodged a report at Ukkadam Harbour Police Station, Coimbatore, on 26-Apr-2024 alleging that Yuvraj Sheth (alias Silk) and Yasti Reddy engaged in fraud on 22/04/2024, causing loss assessed at Rs. 2181835. Yuvraj Sheth contacted complainant from phone 7540931288 and the accused were observed in vehicle registration TN01 RZ 1811 near Ukkadam Harbour Police Station on 03-May-2024. The Black Lotus Network gang is suspected of involvement. FIR Number FIR-2024-0065 under Case Number CASE-0056; offences under Section 420 IPC registered. Investigation entrusted to si priya darshan.",2024-05-16T00:35:46Z,LOC000016,SYNTHETIC,2026-09-07T05:41:13.350343Z
FR000068,FIR-2025-0066,CS000057,"Based on secret intelligence, on 04-Nov-2025 a consignment was intercepted at Mettupalayam Cold Storage, Chennai. Complainant Krishna Sanghvi identified Anthony Bhattacharyya (alias Silk) and Chavvi Dey as the handlers coordinating with Red Sand Gang gang operatives. On 27/10/2025 both suspects were observed near the godown; Anthony Bhattacharyya arrived in vehicle registration TN43 LD 6507 and communicated with the group using phone 7156040040. Contraband valuation is assessed at Rs. 1662849. FIR Number FIR-2025-0066 under Case Number CASE-0057 was registered; offences under Section 27A NDPS are being investigated by dy. sp arjun sridhar.",2025-12-10T04:16:44Z,LOC000027,SYNTHETIC,2026-09-07T05:41:13.352120Z
FR000069,FIR-2026-0067,CS000058,"Complainant Zashil Morar lodged a report at Ambattur Warehouse Complex, Theni, on 14-Jan-2026 alleging that Vanya Banerjee (alias Raja45) and Triveni Lad engaged in fraud on 11/01/2026, causing loss assessed at Rs. 685417. Vanya Banerjee contacted complainant from phone 6156863161 and the accused were observed in vehicle registration TN27 TC 1572 near Ambattur Warehouse Complex on 16-Jan-2026. The Crimson Tide Group gang is suspected of involvement. FIR Number FIR-2026-0067 under Case Number CASE-0058; offences under Section 471 IPC registered. Investigation entrusted to ci sandeep kumar.",2026-02-15T05:58:39Z,LOC000008,SYNTHETIC,2026-09-07T05:41:13.353869Z
FR000070,FIR-2025-0068,CS000059,"On 24-Nov-2025 complainant Hiral Mahal lodged a complaint of unauthorized digital transactions at Mylapore City Police Station, Salem. The accused Ekansh Misra (alias Silk) and Noah Kohli obtained OTPs via fraudulent calls from phone 6127416934, drained A/C XXXX5123 and transferred funds to controlled mule accounts. On 17/11/2025 the suspect used vehicle registration TN45 WB 4957 near the cyber park exit. FIR Number FIR-2025-0068 under Case Number CASE-0059, offences under Section 420 IPC read with Section 66D IT Act. The matter was assigned to si priya darshan.",2025-11-29T12:33:24Z,LOC000020,SYNTHETIC,2026-09-07T05:41:13.355542Z
FR000071,FIR-2025-0069,CS000060,"Based on secret intelligence, on 27-Aug-2025 a consignment was intercepted at KK Nagar Night Bazaar, Kanniyakumari. Complainant Harinakshi Baria identified Chaman Kibe (alias Bommi39) and Andrew Devi as the handlers coordinating with Delta Cartel gang operatives. On 19/08/2025 both suspects were observed near the godown; Chaman Kibe arrived in vehicle registration TN19 HG 3902 and communicated with the group using phone 9906286630. Contraband valuation is assessed at Rs. 7958481. FIR Number FIR-2025-0069 under Case Number CASE-0060 was registered; offences under Section 8(c) NDPS are being investigated by inspector karthik raghavan.",2025-09-05T06:23:28Z,LOC000012,SYNTHETIC,2026-09-07T05:41:13.357148Z
FR000072,FIR-2025-0070,CS000061,"Complainant Inaya Kadakia reported at Velachery Oil Depot police station in Kancheepuram on 03-Feb-2025 that Ira Bhatnagar (alias Silk) and Sai Sundaram of the Black Lotus Network gang demanded a periodic levy of Rs. 2872930 and threatened consequences on refusal. On 01/02/2025, Ira Bhatnagar called complainant twice from phone 6443834177 and repeated the demand, warning of seizure. The accused were last seen departing in vehicle registration TN31 XX 2170. FIR Number FIR-2025-0070 registered under Case Number CASE-0061; offences under 341 IPC and 506(2) IPC shall be investigated. Investigating officer: dy. sp arjun sridhar.",2025-03-04T20:32:19Z,LOC000002,SYNTHETIC,2026-09-07T05:41:13.358862Z
FR000073,FIR-2025-0071,CS000062,"On 05/06/2025 at around 21:00 hrs complainant Hiral Mahal was waylaid at Ganapathy Junction, Erode, by Oviya Tripathi (alias Chotta40) and Alka Mohanty, members of the Silver Line Network gang, who relieved him of cash and valuables worth Rs. 2215199 at knifepoint. Oviya Tripathi was identified through his phone 7815260768 and the getaway vehicle registration TN01 RS 5495 recovered on 14-Jun-2025. FIR Number FIR-2025-0071 under Case Number CASE-0062; offences under Section 392 IPC registered. Investigation entrusted to dy. sp arjun sridhar.",2025-07-04T01:18:42Z,LOC000030,SYNTHETIC,2026-09-07T05:41:13.360123Z
FR000074,FIR-2025-0072,CS000062,"On 02/06/2025 at around 21:00 hrs complainant Hiral Mahal was waylaid at Bharathi Bazaar Wholesale Market, Erode, by Oviya Tripathi (alias Chotta40) and Alka Mohanty, members of the Silver Line Network gang, who relieved him of cash and valuables worth Rs. 2947616 at knifepoint. Oviya Tripathi was identified through his phone 7815260768 and the getaway vehicle registration TN01 RS 5495 recovered on 18-Jun-2025. FIR Number FIR-2025-0072 under Case Number CASE-0062; offences under Section 397 IPC registered. Investigation entrusted to ci sandeep kumar.",2025-07-04T01:18:42Z,LOC000013,SYNTHETIC,2026-09-07T05:41:13.361271Z
FR000075,FIR-2025-0073,CS000062,"On 07/06/2025 at around 21:00 hrs complainant Hiral Mahal was waylaid at Royapuram Fuel Station, Erode, by Oviya Tripathi (alias Chotta40) and Alka Mohanty, members of the Silver Line Network gang, who relieved him of cash and valuables worth Rs. 1362608 at knifepoint. Oviya Tripathi was identified through his phone 7815260768 and the getaway vehicle registration TN01 RS 5495 recovered on 16-Jun-2025. FIR Number FIR-2025-0073 under Case Number CASE-0062; offences under Section 397 IPC registered. Investigation entrusted to acp rajesh menon.",2025-07-04T01:18:42Z,LOC000046,SYNTHETIC,2026-09-07T05:41:13.362344Z
FR000076,FIR-2025-0074,CS000063,"Based on secret intelligence, on 07-Nov-2025 a consignment was intercepted at Vilachery Cold Storage, Chengalpattu. Complainant Baljiwan Tailor identified Benjamin Kapadia (alias Silk) and Chakrika Tripathi as the handlers coordinating with North Star Outfit gang operatives. On 06/11/2025 both suspects were observed near the godown; Benjamin Kapadia arrived in vehicle registration TN43 FM 9546 and communicated with the group using phone 8070254026. Contraband valuation is assessed at Rs. 8391822. FIR Number FIR-2025-0074 under Case Number CASE-0063 was registered; offences under Section 8(c) NDPS are being investigated by ci sandeep kumar.",2025-12-07T18:11:40Z,LOC000041,SYNTHETIC,2026-09-07T05:41:13.363523Z
FR000077,FIR-2026-0075,CS000064,"On 05/07/2026 the body of a victim was recovered near Mettupalayam Wholesale Market, Thanjavur. Enquiry revealed that Aishani Dey (alias Sathya35) and Aishani Dey were last seen with the deceased on 08-Jul-2026 in vehicle registration TN27 VK 4151. Cell tower data links phone 9924802355 to the scene around the time of the incident. Intercepted communications reference the North Star Outfit gang. FIR Number FIR-2026-0075 under Case Number CASE-0064 for offences under Section 201 IPC and 120B IPC. Investigation by ci sandeep kumar.",2026-07-11T16:48:53Z,LOC000053,SYNTHETIC,2026-09-07T05:41:13.364685Z
FR000078,FIR-2024-0076,CS000065,"On 26/07/2024 at around 21:00 hrs complainant Aarnav More was waylaid at KK Nagar Night Bazaar, Erode, by Ekantika Narain (alias Silk) and Veer Mital, members of the Red Sand Gang gang, who relieved him of cash and valuables worth Rs. 435484 at knifepoint. Ekantika Narain was identified through his phone 9532893694 and the getaway vehicle registration TN01 SN 2910 recovered on 06-Aug-2024. FIR Number FIR-2024-0076 under Case Number CASE-0065; offences under Section 392 IPC registered. Investigation entrusted to special sub-inspector emmanuel.",2024-08-30T10:57:18Z,LOC000012,SYNTHETIC,2026-09-07T05:41:13.365784Z
FR000079,FIR-2024-0077,CS000066,"On 15/02/2024 at around 21:00 hrs complainant Isaac Sangha was waylaid at Valluvar Layout Harbour Gate, Chengalpattu, by Chakrika Tripathi (alias Bommi46) and Damini Dutt, members of the North Star Outfit gang, who relieved him of cash and valuables worth Rs. 2383346 at knifepoint. Chakrika Tripathi was identified through his phone 8089771202 and the getaway vehicle registration TN30 NL 5937 recovered on 19-Feb-2024. FIR Number FIR-2024-0077 under Case Number CASE-0066; offences under Section 397 IPC registered. Investigation entrusted to inspector karthik raghavan.",2024-03-03T17:31:50Z,LOC000021,SYNTHETIC,2026-09-07T05:41:13.366815Z
FR000080,FIR-2024-0078,CS000066,"On 14/02/2024 at around 21:00 hrs complainant Isaac Sangha was waylaid at Valluvar Layout Harbour Gate, Chengalpattu, by Chakrika Tripathi (alias Bommi46) and Damini Dutt, members of the North Star Outfit gang, who relieved him of cash and valuables worth Rs. 4115158 at knifepoint. Chakrika Tripathi was identified through his phone 8089771202 and the getaway vehicle registration TN30 NL 5937 recovered on 28-Feb-2024. FIR Number FIR-2024-0078 under Case Number CASE-0066; offences under Section 506(2) IPC registered. Investigation entrusted to si priya darshan.",2024-03-03T17:31:50Z,LOC000021,SYNTHETIC,2026-09-07T05:41:13.367819Z
FR000081,FIR-2024-0079,CS000067,"On 13-Jul-2024 complainant Bishakha Mishra lodged a complaint of unauthorized digital transactions at Kajamalai Junction, Tiruchchirappalli. The accused Zayyan Mohan (alias Pickle36) and Bhavika Halder obtained OTPs via fraudulent calls from phone 8608283898, drained A/C XXXX5123 and transferred funds to controlled mule accounts. On 06/07/2024 the suspect used vehicle registration TN01 BB 2764 near the cyber park exit. FIR Number FIR-2024-0079 under Case Number CASE-0067, offences under Section 66D IT Act read with Section 66D IT Act. The matter was assigned to acp rajesh menon.",2024-07-24T00:46:13Z,LOC000005,SYNTHETIC,2026-09-07T05:41:13.368867Z
FR000082,FIR-2024-0080,CS000068,"Complainant Chakradev Boase reported at Ganapathy Mandi police station in Madurai on 08-Sep-2024 that Falguni Barad (alias Pickle65) and Omisha Srivastava of the Black Lotus Network gang demanded a periodic levy of Rs. 633525 and threatened consequences on refusal. On 31/08/2024, Falguni Barad called complainant twice from phone 8190723856 and repeated the demand, warning of seizure. The accused were last seen departing in vehicle registration TN30 AT 2792. FIR Number FIR-2024-0080 registered under Case Number CASE-0068; offences under Section 170 IPC and 506(2) IPC shall be investigated. Investigating officer: si ramesh babu.",2024-10-02T19:11:32Z,LOC000028,SYNTHETIC,2026-09-07T05:41:13.370058Z
FR000083,FIR-2025-0081,CS000069,"On 12/07/2025 at around 21:00 hrs complainant Utkarsh Chaudhry was waylaid at Velachery Oil Depot, Kancheepuram, by Aahana Rama (alias Silk) and Aishani Dey, members of the North Star Outfit gang, who relieved him of cash and valuables worth Rs. 1090614 at knifepoint. Aahana Rama was identified through his phone 6338583094 and the getaway vehicle registration TN50 PT 1711 recovered on 20-Jul-2025. FIR Number FIR-2025-0081 under Case Number CASE-0069; offences under Section 392 IPC registered. Investigation entrusted to si priya darshan.",2025-07-21T18:17:22Z,LOC000002,SYNTHETIC,2026-09-07T05:41:13.371656Z
FR000084,FIR-2024-0082,CS000070,"Complainant Xiti Kanda reported at Velachery Oil Depot police station in Kancheepuram on 23-Nov-2024 that Aayush Sachdeva (alias Vikram97) and Aayush Sachdeva of the North Star Outfit gang demanded a periodic levy of Rs. 3187874 and threatened consequences on refusal. On 21/11/2024, Aayush Sachdeva called complainant twice from phone 6659111855 and repeated the demand, warning of seizure. The accused were last seen departing in vehicle registration TN58 AH 4988. FIR Number FIR-2024-0082 registered under Case Number CASE-0070; offences under 506(2) IPC and 506(2) IPC shall be investigated. Investigating officer: ci sandeep kumar.",2024-11-29T08:56:44Z,LOC000002,SYNTHETIC,2026-09-07T05:41:13.373252Z
FR000085,FIR-2024-0083,CS000070,"Complainant Xiti Kanda reported at Ambattur Warehouse Complex police station in Kancheepuram on 23-Nov-2024 that Aayush Sachdeva (alias Vikram97) and Aayush Sachdeva of the North Star Outfit gang demanded a periodic levy of Rs. 1090600 and threatened consequences on refusal. On 21/11/2024, Aayush Sachdeva called complainant twice from phone 6659111855 and repeated the demand, warning of seizure. The accused were last seen departing in vehicle registration TN38 LC 1802. FIR Number FIR-2024-0083 registered under Case Number CASE-0070; offences under 506(2) IPC and 506(2) IPC shall be investigated. Investigating officer: special sub-inspector emmanuel.",2024-11-29T08:56:44Z,LOC000008,SYNTHETIC,2026-09-07T05:41:13.375084Z
FR000086,FIR-2024-0084,CS000070,"Complainant Xiti Kanda reported at Nellithope Cold Storage police station in Kancheepuram on 23-Nov-2024 that Aayush Sachdeva (alias Vikram97) and Aayush Sachdeva of the North Star Outfit gang demanded a periodic levy of Rs. 753219 and threatened consequences on refusal. On 15/11/2024, Aayush Sachdeva called complainant twice from phone 6659111855 and repeated the demand, warning of seizure. The accused were last seen departing in vehicle registration TN38 RL 7834. FIR Number FIR-2024-0084 registered under Case Number CASE-0070; offences under Section 170 IPC and 506(2) IPC shall be investigated. Investigating officer: ci sandeep kumar.",2024-11-29T08:56:44Z,LOC000022,SYNTHETIC,2026-09-07T05:41:13.376612Z
FR000087,FIR-2024-0085,CS000071,"Complainant Panini Patla, resident of Thiruvarur, stated under Section 154 CrPC that between 12-Sep-2024 and 13-Sep-2024, Nirja Bava (alias Boss89) and Zarna Menon, acting for Crimson Tide Group gang, induced deposits into A/C XXXX2789 and layered the proceeds through multiple accounts. On 03/09/2024 a sum of Rs. 21239863 was routed from the said A/C XXXX2789 to a shell entity. Suspects used phone 8551248250 to co-ordinate transfers with accomplices. Nirja Bava was last seen near Thirunagar Cold Storage in a vehicle bearing registration TN38 UP 8266. FIR Number FIR-2024-0085 registered under Case Number CASE-0071 for offences under Section 120B IPC and Section 120B IPC. investigation flagging the transaction trail to inspector deepa nanduri of the financial forensic unit.",2024-09-15T07:19:36Z,LOC000003,SYNTHETIC,2026-09-07T05:41:13.378602Z
FR000088,FIR-2026-0086,CS000072,"Complainant Banjeet Chowdhury, resident of Coimbatore, stated under Section 154 CrPC that between 18-May-2026 and 23-May-2026, Balhaar Kale (alias Sathya60) and Jagvi Srinivas, acting for Black Lotus Network gang, induced deposits into A/C XXXX9290 and layered the proceeds through multiple accounts. On 15/05/2026 a sum of Rs. 45685624 was routed from the said A/C XXXX9290 to a shell entity. Suspects used phone 8279853154 to co-ordinate transfers with accomplices. Balhaar Kale was last seen near Sulur Check Post in a vehicle bearing registration TN27 MW 4092. FIR Number FIR-2026-0086 registered under Case Number CASE-0072 for offences under Section 120B IPC and Section 120B IPC. investigation flagging the transaction trail to ci sandeep kumar of the financial forensic unit.",2026-06-21T17:54:49Z,LOC000044,SYNTHETIC,2026-09-07T05:41:13.380615Z
FR000089,FIR-2025-0087,CS000073,"Complainant Lucky Edwin lodged a report at Royapuram Fuel Station, Salem, on 04-Jul-2025 alleging that Aayush Sachdeva (alias Vikram97) and Yashawini Talwar engaged in fraud on 30/06/2025, causing loss assessed at Rs. 4064590. Aayush Sachdeva contacted complainant from phone 6659111855 and the accused were observed in vehicle registration TN58 EG 3658 near Royapuram Fuel Station on 12-Jul-2025. The North Star Outfit gang is suspected of involvement. FIR Number FIR-2025-0087 under Case Number CASE-0073; offences under Section 471 IPC registered. Investigation entrusted to ci sandeep kumar.",2025-07-17T13:50:25Z,LOC000046,SYNTHETIC,2026-09-07T05:41:13.382446Z
FR000090,FIR-2026-0088,CS000074,"Complainant Sathvik Dube lodged a report at Valluvar Layout Night Bazaar, Erode, on 09-May-2026 alleging that Akshay Rau (alias Silk) and Waida Chakraborty engaged in counterfeiting on 02/05/2026, causing loss assessed at Rs. 2669699. Akshay Rau contacted complainant from phone 7533203028 and the accused were observed in vehicle registration TN31 WP 7502 near Valluvar Layout Night Bazaar on 15-May-2026. The Black Lotus Network gang is suspected of involvement. FIR Number FIR-2026-0088 under Case Number CASE-0074; offences under Section 420 IPC registered. Investigation entrusted to acp rajesh menon.",2026-05-24T03:06:22Z,LOC000015,SYNTHETIC,2026-09-07T05:41:13.384358Z
FR000091,FIR-2026-0089,CS000074,"Complainant Sathvik Dube lodged a report at Ukkadam Cold Storage, Erode, on 09-May-2026 alleging that Akshay Rau (alias Silk) and Waida Chakraborty engaged in counterfeiting on 30/04/2026, causing loss assessed at Rs. 5617151. Akshay Rau contacted complainant from phone 7533203028 and the accused were observed in vehicle registration TN31 WP 7502 near Ukkadam Cold Storage on 19-May-2026. The Black Lotus Network gang is suspected of involvement. FIR Number FIR-2026-0089 under Case Number CASE-0074; offences under Section 420 IPC registered. Investigation entrusted to si ramesh babu.",2026-05-24T03:06:22Z,LOC000060,SYNTHETIC,2026-09-07T05:41:13.386214Z
FR000092,FIR-2025-0090,CS000075,"Complainant Onkar Kibe reported at Chokkanadar Pettai Oil Depot police station in Virudhunagar on 02-Oct-2025 that Arunima Sunder (alias Silk) and Neha Chakraborty of the Blue Orchid Cartel gang demanded a periodic levy of Rs. 2443528 and threatened consequences on refusal. On 24/09/2025, Arunima Sunder called complainant twice from phone 7132365991 and repeated the demand, warning of seizure. The accused were last seen departing in vehicle registration TN20 EZ 3098. FIR Number FIR-2025-0090 registered under Case Number CASE-0075; offences under 341 IPC and 506(2) IPC shall be investigated. Investigating officer: si priya darshan.",2025-10-31T05:10:32Z,LOC000009,SYNTHETIC,2026-09-07T05:41:13.388209Z
FR000093,FIR-2025-0091,CS000076,"Complainant Brinda Bobal, resident of Theni, stated under Section 154 CrPC that between 18-May-2025 and 30-May-2025, Henry Goda (alias Silk) and Zarna Menon, acting for Blue Orchid Cartel gang, induced deposits into A/C XXXX2607 and layered the proceeds through multiple accounts. On 09/05/2025 a sum of Rs. 24263362 was routed from the said A/C XXXX2607 to a shell entity. Suspects used phone 7532008136 to co-ordinate transfers with accomplices. Henry Goda was last seen near Kallamadu Agro Market in a vehicle bearing registration TN01 HL 6352. FIR Number FIR-2025-0091 registered under Case Number CASE-0076 for offences under Section 3 PMLA and Section 120B IPC. investigation flagging the transaction trail to dy. sp arjun sridhar of the financial forensic unit.",2025-06-21T12:36:23Z,LOC000054,SYNTHETIC,2026-09-07T05:41:13.390310Z
FR000094,FIR-2024-0092,CS000077,"On 02/10/2024 at around 21:00 hrs complainant Yochana Chanda was waylaid at Thirunagar Cold Storage, Villupuram, by Azaan Swamy (alias Raja54) and Damini Dutt, members of the Black Lotus Network gang, who relieved him of cash and valuables worth Rs. 3402987 at knifepoint. Azaan Swamy was identified through his phone 6265117603 and the getaway vehicle registration TN38 KG 9141 recovered on 19-Oct-2024. FIR Number FIR-2024-0092 under Case Number CASE-0077; offences under Section 506(2) IPC registered. Investigation entrusted to acp rajesh menon.",2024-11-06T01:08:34Z,LOC000003,SYNTHETIC,2026-09-07T05:41:13.392160Z
FR000095,FIR-2024-0093,CS000077,"On 30/09/2024 at around 21:00 hrs complainant Yochana Chanda was waylaid at Chokkanadar Pettai Oil Depot, Villupuram, by Azaan Swamy (alias Raja54) and Damini Dutt, members of the Black Lotus Network gang, who relieved him of cash and valuables worth Rs. 2032589 at knifepoint. Azaan Swamy was identified through his phone 6265117603 and the getaway vehicle registration TN38 KG 9141 recovered on 09-Oct-2024. FIR Number FIR-2024-0093 under Case Number CASE-0077; offences under Section 506(2) IPC registered. Investigation entrusted to si priya darshan.",2024-11-06T01:08:34Z,LOC000009,SYNTHETIC,2026-09-07T05:41:13.393955Z
FR000096,FIR-2026-0094,CS000078,"Based on secret intelligence, on 14-May-2026 a consignment was intercepted at Estancia Bridge End, Madurai. Complainant Brinda Bobal identified Oni Borde (alias Machan19) and Oni Borde as the handlers coordinating with Eastern Arc Outfit gang operatives. On 07/05/2026 both suspects were observed near the godown; Oni Borde arrived in vehicle registration TN01 ZH 4647 and communicated with the group using phone 9356369014. Contraband valuation is assessed at Rs. 15974798. FIR Number FIR-2026-0094 under Case Number CASE-0078 was registered; offences under NDPS Act 23 are being investigated by inspector deepa nanduri.",2026-06-22T04:49:40Z,LOC000014,SYNTHETIC,2026-09-07T05:41:13.395771Z
FR000097,FIR-2025-0095,CS000079,"Complainant Maanas Rau reported on 16-Apr-2025 the theft of his vehicle from Anna Nagar Check Post, Tiruchchirappalli, on 10/04/2025. ANPR caught registration TN63 US 7528 on the bypass; Dayita Nadig (alias Silk) and Zarna Menon were identified via phone 9166779843 and CCTV of Anna Nagar Check Post. Stolen parts worth Rs. 524264 were recovered. FIR Number FIR-2025-0095 under Case Number CASE-0079, offences under Section 379 IPC and 411 IPC. Investigation: special sub-inspector emmanuel.",2025-04-23T17:20:53Z,LOC000025,SYNTHETIC,2026-09-07T05:41:13.397532Z
FR000098,FIR-2024-0096,CS000080,"Complainant Bhavini Chopra reported at Valluvar Layout Harbour Gate police station in Chengalpattu on 19-Sep-2024 that Hiral Kashyap (alias Silk) and Ikshita Krishna of the Iron Wolf Syndicate gang demanded a periodic levy of Rs. 1591214 and threatened consequences on refusal. On 15/09/2024, Hiral Kashyap called complainant twice from phone 8886168045 and repeated the demand, warning of seizure. The accused were last seen departing in vehicle registration TN38 AC 6054. FIR Number FIR-2024-0096 registered under Case Number CASE-0080; offences under 387 IPC and 506(2) IPC shall be investigated. Investigating officer: si ramesh babu.",2024-10-13T21:53:58Z,LOC000021,SYNTHETIC,2026-09-07T05:41:13.398842Z
FR000099,FIR-2025-0097,CS000081,"Complainant Inaya Garde lodged a report at Anna Nagar Lorry Park, Erode, on 06-Sep-2025 alleging that Janani Shetty (alias Rowdy25) and Andrew Devi engaged in counterfeiting on 03/09/2025, causing loss assessed at Rs. 1260920. Janani Shetty contacted complainant from phone 8165961757 and the accused were observed in vehicle registration TN60 VU 3638 near Anna Nagar Lorry Park on 07-Sep-2025. The North Star Outfit gang is suspected of involvement. FIR Number FIR-2025-0097 under Case Number CASE-0081; offences under Section 489C IPC registered. Investigation entrusted to dy. sp arjun sridhar.",2025-09-15T14:04:40Z,LOC000058,SYNTHETIC,2026-09-07T05:41:13.399895Z
FR000100,FIR-2025-0098,CS000082,"Complainant Yagnesh Dalal reported at Anna Nagar Bus Terminus police station in Ramanathapuram on 01-Aug-2025 that Januja Oommen (alias Chotta40) and Hemang Dhillon of the North Star Outfit gang demanded a periodic levy of Rs. 1719704 and threatened consequences on refusal. On 27/07/2025, Januja Oommen called complainant twice from phone 7910532547 and repeated the demand, warning of seizure. The accused were last seen departing in vehicle registration TN58 EW 1138. FIR Number FIR-2025-0098 registered under Case Number CASE-0082; offences under Section 170 IPC and 506(2) IPC shall be investigated. Investigating officer: si priya darshan.",2025-08-10T02:41:59Z,LOC000018,SYNTHETIC,2026-09-07T05:41:13.401415Z
FR000101,FIR-2025-0099,CS000082,"Complainant Yagnesh Dalal reported at Mattuthavani Junction police station in Ramanathapuram on 01-Aug-2025 that Januja Oommen (alias Chotta40) and Hemang Dhillon of the North Star Outfit gang demanded a periodic levy of Rs. 868648 and threatened consequences on refusal. On 27/07/2025, Januja Oommen called complainant twice from phone 7910532547 and repeated the demand, warning of seizure. The accused were last seen departing in vehicle registration TN58 GH 4317. FIR Number FIR-2025-0099 registered under Case Number CASE-0082; offences under Section 170 IPC and 506(2) IPC shall be investigated. Investigating officer: ci sandeep kumar.",2025-08-10T02:41:59Z,LOC000034,SYNTHETIC,2026-09-07T05:41:13.403207Z
FR000102,FIR-2026-0100,CS000083,"Complainant Baljiwan Tailor, resident of Kanniyakumari, stated under Section 154 CrPC that between 29-Mar-2026 and 03-Apr-2026, Aditya Kibe (alias Silk) and Qabil Kumer, acting for North Star Outfit gang, induced deposits into A/C XXXX2245 and layered the proceeds through multiple accounts. On 22/03/2026 a sum of Rs. 13070386 was routed from the said A/C XXXX2245 to a shell entity. Suspects used phone 8013720592 to co-ordinate transfers with accomplices. Aditya Kibe was last seen near Pappanaickenpalayam Bridge End in a vehicle bearing registration TN01 AT 5641. FIR Number FIR-2026-0100 registered under Case Number CASE-0083 for offences under Section 3 PMLA and Section 120B IPC. investigation flagging the transaction trail to acp rajesh menon of the financial forensic unit.",2026-05-03T21:57:14Z,LOC000006,SYNTHETIC,2026-09-07T05:41:13.405228Z
FR000103,FIR-2026-0101,CS000084,"On 02/06/2026 the body of a victim was recovered near Royapuram Fuel Station, Salem. Enquiry revealed that Xalak Bhatia (alias Bhai82) and Anay Dhaliwal were last seen with the deceased on 09-Jun-2026 in vehicle registration TN51 YP 1958. Cell tower data links phone 7804141328 to the scene around the time of the incident. Intercepted communications reference the Steel Falcon Gang gang. FIR Number FIR-2026-0101 under Case Number CASE-0084 for offences under Section 201 IPC and 120B IPC. Investigation by si ramesh babu.",2026-06-10T06:34:34Z,LOC000046,SYNTHETIC,2026-09-07T05:41:13.407074Z
FR000104,FIR-2025-0102,CS000085,"Complainant Janaki Nori, resident of Erode, stated under Section 154 CrPC that between 29-Dec-2024 and 31-Dec-2024, Andrew Oommen (alias Jacket17) and Aadi Goswami, acting for Cobra Syndicate gang, induced deposits into A/C XXXX5336 and layered the proceeds through multiple accounts. On 22/12/2024 a sum of Rs. 21397884 was routed from the said A/C XXXX5336 to a shell entity. Suspects used phone 6752599105 to co-ordinate transfers with accomplices. Andrew Oommen was last seen near Meenakshi Nagar Agro Market in a vehicle bearing registration TN34 CZ 6724. FIR Number FIR-2025-0102 registered under Case Number CASE-0085 for offences under Section 120B IPC and Section 120B IPC. investigation flagging the transaction trail to inspector karthik raghavan of the financial forensic unit.",2025-01-12T02:21:39Z,LOC000019,SYNTHETIC,2026-09-07T05:41:13.408944Z
FR000105,FIR-2025-0103,CS000086,"On 28/07/2025 at around 21:00 hrs complainant Dalaja Lad was waylaid at Thirunagar Industrial Estate, Coimbatore, by Ishita Sarna (alias Silk) and Ishita Sarna, members of the Cobra Syndicate gang, who relieved him of cash and valuables worth Rs. 5044072 at knifepoint. Ishita Sarna was identified through his phone 8638857793 and the getaway vehicle registration TN46 EL 7653 recovered on 02-Aug-2025. FIR Number FIR-2025-0103 under Case Number CASE-0086; offences under Section 506(2) IPC registered. Investigation entrusted to ci sandeep kumar.",2025-08-31T07:20:31Z,LOC000039,SYNTHETIC,2026-09-07T05:41:13.410759Z
FR000106,FIR-2024-0104,CS000087,"Complainant Azaan Jha lodged a report at Mettupalayam Cold Storage, Erode, on 20-Jun-2024 alleging that Chakradev Gandhi (alias Silk) and Alka Mohanty engaged in counterfeiting on 11/06/2024, causing loss assessed at Rs. 7778066. Chakradev Gandhi contacted complainant from phone 9429713771 and the accused were observed in vehicle registration TN63 PA 1949 near Mettupalayam Cold Storage on 21-Jun-2024. The North Star Outfit gang is suspected of involvement. FIR Number FIR-2024-0104 under Case Number CASE-0087; offences under Section 489C IPC registered. Investigation entrusted to ci sandeep kumar.",2024-07-25T15:45:12Z,LOC000027,SYNTHETIC,2026-09-07T05:41:13.412575Z
FR000107,FIR-2025-0105,CS000088,"Complainant Chaitanya Deshmukh, resident of Thanjavur, stated under Section 154 CrPC that between 01-Nov-2025 and 04-Nov-2025, Peter Nayar (alias Boss33) and Bina Reddy, acting for Crimson Tide Group gang, induced deposits into A/C XXXX5572 and layered the proceeds through multiple accounts. On 28/10/2025 a sum of Rs. 26275481 was routed from the said A/C XXXX5572 to a shell entity. Suspects used phone 7623400975 to co-ordinate transfers with accomplices. Peter Nayar was last seen near Kallamadu Agro Market in a vehicle bearing registration TN58 NM 4573. FIR Number FIR-2025-0105 registered under Case Number CASE-0088 for offences under Section 4 PMLA and Section 120B IPC. investigation flagging the transaction trail to acp rajesh menon of the financial forensic unit.",2025-11-25T07:38:20Z,LOC000054,SYNTHETIC,2026-09-07T05:41:13.413868Z
FR000108,FIR-2025-0106,CS000089,"On 06/10/2025 at around 21:00 hrs complainant Nakul Chokshi was waylaid at Peelamedu Harbour Gate, Vellore, by Ira Bhatnagar (alias Silk) and Ira Bhatnagar, members of the Black Lotus Network gang, who relieved him of cash and valuables worth Rs. 1745090 at knifepoint. Ira Bhatnagar was identified through his phone 6443834177 and the getaway vehicle registration TN31 XX 2170 recovered on 17-Oct-2025. FIR Number FIR-2025-0106 under Case Number CASE-0089; offences under Section 506(2) IPC registered. Investigation entrusted to inspector karthik raghavan.",2025-11-01T14:07:42Z,LOC000011,SYNTHETIC,2026-09-07T05:41:13.414997Z
FR000109,FIR-2024-0107,CS000090,"Complainant Harsh Dhar, resident of Thanjavur, stated under Section 154 CrPC that between 09-Jan-2024 and 12-Jan-2024, Omisha Srivastava (alias Silk) and Chavvi Dey, acting for Crimson Tide Group gang, induced deposits into A/C XXXX7764 and layered the proceeds through multiple accounts. On 01/01/2024 a sum of Rs. 19666037 was routed from the said A/C XXXX7764 to a shell entity. Suspects used phone 9089060939 to co-ordinate transfers with accomplices. Omisha Srivastava was last seen near Mettupalayam Wholesale Market in a vehicle bearing registration TN27 KY 3209. FIR Number FIR-2024-0107 registered under Case Number CASE-0090 for offences under Section 120B IPC and Section 120B IPC. investigation flagging the transaction trail to si ramesh babu of the financial forensic unit.",2024-02-15T05:00:50Z,LOC000053,SYNTHETIC,2026-09-07T05:41:13.416821Z
FR000110,FIR-2024-0108,CS000091,"Complainant Bhavika Dalal reported at Central Market Junction police station in Chengalpattu on 04-Oct-2024 that Ravi Kumar (alias Rocky) and Suresh Pillai of the an organized gang demanded a periodic levy of Rs. 1455144 and threatened consequences on refusal. On 27/09/2024, Ravi Kumar called complainant twice from phone 8994262801 and repeated the demand, warning of seizure. The accused were last seen departing in vehicle registration TN38 VZ 5257. FIR Number FIR-2024-0108 registered under Case Number CASE-9091; offences under 506(2) IPC and 506(2) IPC shall be investigated. Investigating officer: ci sandeep kumar.",2024-10-14T06:15:34Z,LOC000061,SYNTHETIC,2026-09-07T05:41:13.418926Z
