id,title,description,related_entities,confidence,status,created_at
IL000001,Shared transit asset: vehicle TN46 EL 7653,"Vehicle TN46 EL 7653 (lorry) is linked to multiple distinct operatives: Tanveer Dhillon, Ishita Sarna.","[""VH000001"", ""P000005"", ""P000001""]",0.88,open,2026-09-07T05:41:20.157811Z
IL000002,Shared transit asset: vehicle TN23 BT 6416,"Vehicle TN23 BT 6416 (truck) is linked to multiple distinct operatives: Oviya Tripathi, Nandini Borah.","[""VH000012"", ""P000025"", ""P000019""]",0.88,open,2026-09-07T05:41:20.157831Z
IL000003,Shared transit asset: vehicle TN49 AL 5724,"Vehicle TN49 AL 5724 (motorcycle) is linked to multiple distinct operatives: Ikbal Raghavan, Arjun Soman.","[""VH000022"", ""P000032"", ""P000042""]",0.88,open,2026-09-07T05:41:20.157842Z
IL000004,Shared transit asset: vehicle TN21 HV 1242,"Vehicle TN21 HV 1242 (SUV) is linked to multiple distinct operatives: Sarthak Warrior, Alka Mohanty.","[""VH000031"", ""P000062"", ""P000044""]",0.88,open,2026-09-07T05:41:20.157853Z
IL000005,Shared transit asset: vehicle TN63 US 7528,"Vehicle TN63 US 7528 (motorcycle) is linked to multiple distinct operatives: Dayita Nadig, Alka Sur.","[""VH000048"", ""P000071"", ""P000083""]",0.88,open,2026-09-07T05:41:20.157862Z
IL000006,Shared transit asset: vehicle TN45 TG 8486,"Vehicle TN45 TG 8486 (motorcycle) is linked to multiple distinct operatives: Simon Sandal, Mitesh Rau.","[""VH000064"", ""P000096"", ""P000107""]",0.88,open,2026-09-07T05:41:20.157872Z
IL000007,Shared transit asset: vehicle TN25 DN 5476,"Vehicle TN25 DN 5476 (SUV) is linked to multiple distinct operatives: Kritika Maharaj, Lakshit Verma.","[""VH000074"", ""P000110"", ""P000109""]",0.88,open,2026-09-07T05:41:20.157882Z
IL000008,Shared transit asset: vehicle TN46 XV 8035,"Vehicle TN46 XV 8035 (truck) is linked to multiple distinct operatives: Harshil Ramesh, Ronith Pingle.","[""VH000082"", ""P000120"", ""P000129""]",0.88,open,2026-09-07T05:41:20.157892Z
IL000009,Shared transit asset: vehicle TN55 AV 5925,"Vehicle TN55 AV 5925 (motorcycle) is linked to multiple distinct operatives: Kashish Venkatesh, Akshay Rau.","[""VH000092"", ""P000138"", ""P000153""]",0.88,open,2026-09-07T05:41:20.157902Z
IL000010,Shared transit asset: vehicle TN01 ZH 4647,"Vehicle TN01 ZH 4647 (SUV) is linked to multiple distinct operatives: Wishi Bir, Oni Borde.","[""VH000105"", ""P000162"", ""P000154""]",0.88,open,2026-09-07T05:41:20.157912Z
IL000011,Shared transit asset: vehicle TN49 GB 7959,"Vehicle TN49 GB 7959 (motorcycle) is linked to multiple distinct operatives: Anya Kibe, Balvan Kapadia.","[""VH000114"", ""P000179"", ""P000169""]",0.88,open,2026-09-07T05:41:20.157921Z
IL000012,Shared transit asset: vehicle TN34 VV 1372,"Vehicle TN34 VV 1372 (sedan) is linked to multiple distinct operatives: Lavanya Kaul, Damini Dutt.","[""VH000132"", ""P000197"", ""P000201""]",0.88,open,2026-09-07T05:41:20.157931Z
IL000013,Shared transit asset: vehicle KA01AB1234,"Vehicle KA01AB1234 (car) is linked to multiple distinct operatives: Arjun Nair, Suresh Pillai.","[""VH000235"", ""P000626"", ""P000627""]",0.88,open,2026-09-07T05:41:20.157941Z
IL000014,Anomaly-driven lead: Communication Burst,"23 outgoing calls recorded on 2024-10-18, compared with a baseline average of 1.0 calls/day (23.0x increase).","[""P000625""]",0.85,open,2026-09-07T05:41:20.157987Z
IL000015,Anomaly-driven lead: Sudden Network Expansion,14 new ASSOCIATED_WITH relationships appeared in the final 45 days of the observation window (since 2026-07-17) versus a prior baseline of ~0.3 per 45 days - a 47x expansion.,"[""P000381""]",0.85,open,2026-09-07T05:41:20.157999Z
IL000016,Anomaly-driven lead: Sudden Network Expansion,14 new ASSOCIATED_WITH relationships appeared in the final 45 days of the observation window (since 2026-07-17) versus a prior baseline of ~0.3 per 45 days - a 47x expansion.,"[""P000441""]",0.85,open,2026-09-07T05:41:20.158008Z
IL000017,Anomaly-driven lead: Financial Spike,"Rs. 24,950,000 moved through account XXXX8272 on 2025-10-20 (13 transfers) versus a daily median of Rs. 2,000,000 (12.5x).","[""AC000004"", ""P000002""]",0.85,open,2026-09-07T05:41:20.158017Z
IL000018,Anomaly-driven lead: Financial Spike,"Rs. 35,200,000 moved through account XXXX2288 on 2024-07-23 (13 transfers) versus a daily median of Rs. 1,550,000 (22.7x).","[""AC000023"", ""P000020""]",0.85,open,2026-09-07T05:41:20.158026Z
IL000019,Anomaly-driven lead: Financial Spike,"Rs. 32,550,000 moved through account XXXX2567 on 2024-09-28 (13 transfers) versus a daily median of Rs. 1,600,000 (20.3x).","[""AC000025"", ""P000021""]",0.85,open,2026-09-07T05:41:20.158034Z
IL000020,Anomaly-driven lead: Sudden Network Expansion,13 new ASSOCIATED_WITH relationships appeared in the final 45 days of the observation window (since 2026-07-17) versus a prior baseline of ~0.3 per 45 days - a 43x expansion.,"[""P000333""]",0.85,open,2026-09-07T05:41:20.158043Z
IL000021,Anomaly-driven lead: Financial Spike,"Rs. 21,550,000 moved through account XXXX8927 on 2026-06-21 (12 transfers) versus a daily median of Rs. 1,700,000 (12.7x).","[""AC000024"", ""P000020""]",0.85,open,2026-09-07T05:41:20.158052Z
IL000022,Anomaly-driven lead: Sudden Network Expansion,11 new ASSOCIATED_WITH relationships appeared in the final 45 days of the observation window (since 2026-07-17) versus a prior baseline of ~0.3 per 45 days - a 37x expansion.,"[""P000386""]",0.85,open,2026-09-07T05:41:20.158060Z
IL000023,Anomaly-driven lead: Sudden Network Expansion,11 new ASSOCIATED_WITH relationships appeared in the final 45 days of the observation window (since 2026-07-17) versus a prior baseline of ~0.3 per 45 days - a 37x expansion.,"[""P000425""]",0.85,open,2026-09-07T05:41:20.158068Z
IL000024,Anomaly-driven lead: Sudden Network Expansion,11 new ASSOCIATED_WITH relationships appeared in the final 45 days of the observation window (since 2026-07-17) versus a prior baseline of ~0.3 per 45 days - a 37x expansion.,"[""P000311""]",0.85,open,2026-09-07T05:41:20.158076Z
IL000025,Anomaly-driven lead: Financial Spike,"Rs. 20,800,000 moved through account XXXX3701 on 2025-04-29 (8 transfers) versus a daily median of Rs. 700,000 (29.7x).","[""AC000040"", ""P000033""]",0.85,open,2026-09-07T05:41:20.158085Z
IL000026,Anomaly-driven lead: Financial Spike,"Rs. 20,100,000 moved through account XXXX7731 on 2025-08-09 (7 transfers) versus a daily median of Rs. 1,150,000 (17.5x).","[""AC000027"", ""P000021""]",0.85,open,2026-09-07T05:41:20.158093Z
IL000027,Anomaly-driven lead: Financial Spike,"Rs. 22,950,000 moved through account XXXX9339 on 2024-09-25 (5 transfers) versus a daily median of Rs. 650,000 (35.3x).","[""AC000003"", ""P000002""]",0.85,open,2026-09-07T05:41:20.158101Z
IL000028,Anomaly-driven lead: Financial Spike,"Rs. 16,800,000 moved through account XXXX2330 on 2025-10-12 (4 transfers) versus a daily median of Rs. 600,000 (28.0x).","[""AC000026"", ""P000021""]",0.85,open,2026-09-07T05:41:20.158109Z
IL000029,Suspected alias discrepancy: Janaki Hans / Janaki Char,Identity match score 0.82 via fuzzy_name+alias+shared_asset. High string similarity between full names in separate records.,"[""P000036"", ""P000386""]",0.82,open,2026-09-07T05:41:20.158141Z
IL000030,Suspected alias discrepancy: Tanmayi Anne / Tanmayi Patel,Identity match score 0.80 via fuzzy_name+alias+shared_asset. High string similarity between full names in separate records.,"[""P000003"", ""P000271""]",0.8,open,2026-09-07T05:41:20.158153Z
IL000031,Suspected alias discrepancy: Rachita Varma / Rachita Char,Identity match score 0.80 via fuzzy_name+alias+shared_asset. High string similarity between full names in separate records.,"[""P000266"", ""P000268""]",0.8,open,2026-09-07T05:41:20.158163Z
