id,community_label,entity_id,computed_at
NC000001,0,PH000222,2026-09-07T05:25:55.358397Z
NC000002,0,P000192,2026-09-07T05:25:55.358410Z
NC000003,0,VH000233,2026-09-07T05:25:55.358415Z
NC000004,0,P000556,2026-09-07T05:25:55.358419Z
NC000005,0,PH000215,2026-09-07T05:25:55.358422Z
NC000006,0,PH000218,2026-09-07T05:25:55.358426Z
NC000007,0,PH000213,2026-09-07T05:25:55.358429Z
NC000008,0,PH000344,2026-09-07T05:25:55.358432Z
NC000009,0,P000291,2026-09-07T05:25:55.358435Z
NC000010,0,P000529,2026-09-07T05:25:55.358439Z
NC000011,0,P000601,2026-09-07T05:25:55.358442Z
NC000012,0,VH000152,2026-09-07T05:25:55.358445Z
NC000013,0,P000218,2026-09-07T05:25:55.358448Z
NC000014,0,PH000242,2026-09-07T05:25:55.358451Z
NC000015,0,PH000233,2026-09-07T05:25:55.358454Z
NC000016,0,PH000360,2026-09-07T05:25:55.358457Z
NC000017,0,P000271,2026-09-07T05:25:55.358460Z
NC000018,0,VH000222,2026-09-07T05:25:55.358463Z
NC000019,0,PH000240,2026-09-07T05:25:55.358466Z
NC000020,0,P000615,2026-09-07T05:25:55.358469Z
NC000021,0,CS000065,2026-09-07T05:25:55.358472Z
NC000022,0,P000185,2026-09-07T05:25:55.358476Z
NC000023,0,AC000257,2026-09-07T05:25:55.358479Z
NC000024,0,AC000212,2026-09-07T05:25:55.358482Z
NC000025,0,P000522,2026-09-07T05:25:55.358485Z
NC000026,0,AC000231,2026-09-07T05:25:55.358488Z
NC000027,0,PH000214,2026-09-07T05:25:55.358491Z
NC000028,0,VH000124,2026-09-07T05:25:55.358494Z
NC000029,0,AC000213,2026-09-07T05:25:55.358497Z
NC000030,0,PH000219,2026-09-07T05:25:55.358500Z
NC000031,0,PH000224,2026-09-07T05:25:55.358503Z
NC000032,0,AC000219,2026-09-07T05:25:55.358506Z
NC000033,0,LOC000040,2026-09-07T05:25:55.358509Z
NC000034,0,PH000227,2026-09-07T05:25:55.358512Z
NC000035,0,VH000189,2026-09-07T05:25:55.358515Z
NC000036,0,AC000221,2026-09-07T05:25:55.358518Z
NC000037,0,P000186,2026-09-07T05:25:55.358521Z
NC000038,0,AC000387,2026-09-07T05:25:55.358524Z
NC000039,0,VH000115,2026-09-07T05:25:55.358527Z
NC000040,0,P000539,2026-09-07T05:25:55.358530Z
NC000041,0,CS000076,2026-09-07T05:25:55.358533Z
NC000042,0,P000175,2026-09-07T05:25:55.358536Z
NC000043,0,P000189,2026-09-07T05:25:55.358540Z
NC000044,0,P000191,2026-09-07T05:25:55.358543Z
NC000045,0,VH000215,2026-09-07T05:25:55.358546Z
NC000046,0,LOC000048,2026-09-07T05:25:55.358549Z
NC000047,0,P000188,2026-09-07T05:25:55.358552Z
NC000048,0,LOC000018,2026-09-07T05:25:55.358555Z
NC000049,0,PH000262,2026-09-07T05:25:55.358558Z
NC000050,0,VH000165,2026-09-07T05:25:55.358561Z
NC000051,0,PH000217,2026-09-07T05:25:55.358564Z
NC000052,0,P000179,2026-09-07T05:25:55.358567Z
NC000053,0,P000603,2026-09-07T05:25:55.358581Z
NC000054,0,P000622,2026-09-07T05:25:55.358585Z
NC000055,0,AC000205,2026-09-07T05:25:55.358588Z
NC000056,0,PH000332,2026-09-07T05:25:55.358592Z
NC000057,0,P000245,2026-09-07T05:25:55.358595Z
NC000058,0,P000172,2026-09-07T05:25:55.358598Z
NC000059,0,P000551,2026-09-07T05:25:55.358601Z
NC000060,0,PH000243,2026-09-07T05:25:55.358604Z
NC000061,0,PH000231,2026-09-07T05:25:55.358607Z
NC000062,0,PH000331,2026-09-07T05:25:55.358610Z
NC000063,0,CS000075,2026-09-07T05:25:55.358613Z
NC000064,0,PH000238,2026-09-07T05:25:55.358616Z
NC000065,0,AC000344,2026-09-07T05:25:55.358619Z
NC000066,0,VH000193,2026-09-07T05:25:55.358622Z
NC000067,0,PH000223,2026-09-07T05:25:55.358625Z
NC000068,0,PH000232,2026-09-07T05:25:55.358628Z
NC000069,0,VH000120,2026-09-07T05:25:55.358631Z
NC000070,0,P000359,2026-09-07T05:25:55.358634Z
NC000071,0,P000182,2026-09-07T05:25:55.358637Z
NC000072,0,PH000404,2026-09-07T05:25:55.358640Z
NC000073,0,PH000308,2026-09-07T05:25:55.358643Z
NC000074,0,AC000215,2026-09-07T05:25:55.358646Z
NC000075,0,CS000012,2026-09-07T05:25:55.358649Z
NC000076,0,PH000216,2026-09-07T05:25:55.358652Z
NC000077,0,VH000129,2026-09-07T05:25:55.358655Z
NC000078,0,PH000277,2026-09-07T05:25:55.358658Z
NC000079,0,PH000239,2026-09-07T05:25:55.358661Z
NC000080,0,P000543,2026-09-07T05:25:55.358664Z
NC000081,0,P000566,2026-09-07T05:25:55.358667Z
NC000082,0,P000562,2026-09-07T05:25:55.358670Z
NC000083,0,P000322,2026-09-07T05:25:55.358673Z
NC000084,0,LOC000054,2026-09-07T05:25:55.358676Z
NC000085,0,PH000415,2026-09-07T05:25:55.358679Z
NC000086,0,PH000320,2026-09-07T05:25:55.358684Z
NC000087,0,VH000218,2026-09-07T05:25:55.358688Z
NC000088,0,PH000225,2026-09-07T05:25:55.358691Z
NC000089,0,LOC000024,2026-09-07T05:25:55.358694Z
NC000090,0,AC000203,2026-09-07T05:25:55.358697Z
NC000091,0,P000193,2026-09-07T05:25:55.358700Z
NC000092,0,CS000031,2026-09-07T05:25:55.358704Z
NC000093,0,VH000125,2026-09-07T05:25:55.358706Z
NC000094,0,PH000220,2026-09-07T05:25:55.358710Z
NC000095,0,PH000394,2026-09-07T05:25:55.358713Z
NC000096,0,PH000346,2026-09-07T05:25:55.358716Z
NC000097,0,P000399,2026-09-07T05:25:55.358719Z
NC000098,0,AC000216,2026-09-07T05:25:55.358722Z
NC000099,0,P000195,2026-09-07T05:25:55.358725Z
NC000100,0,AC000210,2026-09-07T05:25:55.358728Z
NC000101,0,AC000225,2026-09-07T05:25:55.358732Z
NC000102,0,PH000314,2026-09-07T05:25:55.358735Z
NC000103,0,P000184,2026-09-07T05:25:55.358737Z
NC000104,0,P000572,2026-09-07T05:25:55.358740Z
NC000105,0,P000196,2026-09-07T05:25:55.358743Z
NC000106,0,AC000222,2026-09-07T05:25:55.358746Z
NC000107,0,VH000122,2026-09-07T05:25:55.358749Z
NC000108,0,LOC000036,2026-09-07T05:25:55.358752Z
NC000109,0,VH000114,2026-09-07T05:25:55.358755Z
NC000110,0,P000395,2026-09-07T05:25:55.358758Z
NC000111,0,PH000358,2026-09-07T05:25:55.358761Z
NC000112,0,CS000071,2026-09-07T05:25:55.358765Z
NC000113,0,P000381,2026-09-07T05:25:55.358768Z
NC000114,0,P000558,2026-09-07T05:25:55.358771Z
NC000115,0,P000358,2026-09-07T05:25:55.358774Z
NC000116,0,P000219,2026-09-07T05:25:55.358777Z
NC000117,0,P000415,2026-09-07T05:25:55.358780Z
NC000118,0,P000524,2026-09-07T05:25:55.358783Z
NC000119,0,P000339,2026-09-07T05:25:55.358786Z
NC000120,0,VH000116,2026-09-07T05:25:55.358789Z
NC000121,0,VH000117,2026-09-07T05:25:55.358792Z
NC000122,0,CS000043,2026-09-07T05:25:55.358795Z
NC000123,0,PH000234,2026-09-07T05:25:55.358798Z
NC000124,0,VH000126,2026-09-07T05:25:55.358801Z
NC000125,0,PH000422,2026-09-07T05:25:55.358804Z
NC000126,0,P000178,2026-09-07T05:25:55.358806Z
NC000127,0,VH000179,2026-09-07T05:25:55.358809Z
NC000128,0,P000387,2026-09-07T05:25:55.358812Z
NC000129,0,P000462,2026-09-07T05:25:55.358815Z
NC000130,0,PH000377,2026-09-07T05:25:55.358819Z
NC000131,0,AC000204,2026-09-07T05:25:55.358821Z
NC000132,0,CS000010,2026-09-07T05:25:55.358824Z
NC000133,0,PH000261,2026-09-07T05:25:55.358827Z
NC000134,0,ORG000022,2026-09-07T05:25:55.358830Z
NC000135,0,VH000131,2026-09-07T05:25:55.358833Z
NC000136,0,P000190,2026-09-07T05:25:55.358836Z
NC000137,0,VH000127,2026-09-07T05:25:55.358839Z
NC000138,0,PH000235,2026-09-07T05:25:55.358842Z
NC000139,0,LOC000053,2026-09-07T05:25:55.358845Z
NC000140,0,P000282,2026-09-07T05:25:55.358848Z
NC000141,0,P000180,2026-09-07T05:25:55.358851Z
NC000142,0,AC000359,2026-09-07T05:25:55.358854Z
NC000143,0,P000384,2026-09-07T05:25:55.358857Z
NC000144,0,P000311,2026-09-07T05:25:55.358860Z
NC000145,0,P000416,2026-09-07T05:25:55.358863Z
NC000146,0,AC000217,2026-09-07T05:25:55.358866Z
NC000147,0,P000176,2026-09-07T05:25:55.358868Z
NC000148,0,PH000226,2026-09-07T05:25:55.358871Z
NC000149,0,P000169,2026-09-07T05:25:55.358874Z
NC000150,0,LOC000039,2026-09-07T05:25:55.358878Z
NC000151,0,PH000228,2026-09-07T05:25:55.358881Z
NC000152,0,P000554,2026-09-07T05:25:55.358883Z
NC000153,0,P000174,2026-09-07T05:25:55.358886Z
NC000154,0,P000418,2026-09-07T05:25:55.358889Z
NC000155,0,VH000121,2026-09-07T05:25:55.358892Z
NC000156,0,PH000241,2026-09-07T05:25:55.358895Z
NC000157,0,P000171,2026-09-07T05:25:55.358898Z
NC000158,0,CS000037,2026-09-07T05:25:55.358901Z
NC000159,0,PH000236,2026-09-07T05:25:55.358904Z
NC000160,0,PH000229,2026-09-07T05:25:55.358907Z
NC000161,0,PH000237,2026-09-07T05:25:55.358910Z
NC000162,0,P000486,2026-09-07T05:25:55.358913Z
NC000163,0,PH000230,2026-09-07T05:25:55.358916Z
NC000164,0,CS000026,2026-09-07T05:25:55.358919Z
NC000165,0,P000177,2026-09-07T05:25:55.358922Z
NC000166,0,AC000334,2026-09-07T05:25:55.358925Z
NC000167,0,P000173,2026-09-07T05:25:55.358928Z
NC000168,0,VH000161,2026-09-07T05:25:55.358931Z
NC000169,0,AC000333,2026-09-07T05:25:55.358934Z
NC000170,0,AC000209,2026-09-07T05:25:55.358936Z
NC000171,0,VH000142,2026-09-07T05:25:55.358942Z
NC000172,0,PH000221,2026-09-07T05:25:55.358945Z
NC000173,0,P000214,2026-09-07T05:25:55.358948Z
NC000174,0,P000170,2026-09-07T05:25:55.358952Z
NC000175,0,P000183,2026-09-07T05:25:55.358955Z
NC000176,0,AC000339,2026-09-07T05:25:55.358957Z
NC000177,0,P000181,2026-09-07T05:25:55.358960Z
NC000178,0,PH000379,2026-09-07T05:25:55.358963Z
NC000179,0,P000228,2026-09-07T05:25:55.358966Z
NC000180,0,P000469,2026-09-07T05:25:55.358969Z
NC000181,0,AC000321,2026-09-07T05:25:55.358972Z
NC000182,0,ORG000011,2026-09-07T05:25:55.358975Z
NC000183,0,P000461,2026-09-07T05:25:55.358978Z
NC000184,0,VH000119,2026-09-07T05:25:55.358981Z
NC000185,0,PH000296,2026-09-07T05:25:55.358984Z
NC000186,0,P000194,2026-09-07T05:25:55.358987Z
NC000187,0,PH000001,2026-09-07T05:25:55.358990Z
NC000188,0,VH000144,2026-09-07T05:25:55.358993Z
NC000189,0,VH000118,2026-09-07T05:25:55.358995Z
NC000190,0,CS000024,2026-09-07T05:25:55.358998Z
NC000191,0,PH000278,2026-09-07T05:25:55.359001Z
NC000192,0,AC000232,2026-09-07T05:25:55.359004Z
NC000193,0,AC000229,2026-09-07T05:25:55.359007Z
NC000194,0,VH000130,2026-09-07T05:25:55.359010Z
NC000195,0,VH000128,2026-09-07T05:25:55.359013Z
NC000196,0,PH000401,2026-09-07T05:25:55.359016Z
NC000197,0,P000187,2026-09-07T05:25:55.359019Z
NC000198,0,P000527,2026-09-07T05:25:55.359021Z
NC000199,0,P000353,2026-09-07T05:25:55.359024Z
NC000200,0,LOC000046,2026-09-07T05:25:55.359027Z
NC000201,0,PH000289,2026-09-07T05:25:55.359030Z
NC000202,0,VH000123,2026-09-07T05:25:55.359034Z
NC000203,0,P000247,2026-09-07T05:25:55.359037Z
NC000204,1,AC000279,2026-09-07T05:25:55.359040Z
NC000205,1,AC000256,2026-09-07T05:25:55.359043Z
NC000206,1,AC000003,2026-09-07T05:25:55.359046Z
NC000207,1,AC000026,2026-09-07T05:25:55.359049Z
NC000208,1,AC000260,2026-09-07T05:25:55.359052Z
NC000209,1,PH000420,2026-09-07T05:25:55.359055Z
NC000210,1,AC000200,2026-09-07T05:25:55.359058Z
NC000211,1,AC000178,2026-09-07T05:25:55.359061Z
NC000212,1,AC000040,2026-09-07T05:25:55.359064Z
NC000213,1,AC000110,2026-09-07T05:25:55.359067Z
NC000214,1,P000509,2026-09-07T05:25:55.359069Z
NC000215,1,AC000169,2026-09-07T05:25:55.359072Z
NC000216,1,AC000025,2026-09-07T05:25:55.359075Z
NC000217,1,AC000381,2026-09-07T05:25:55.359078Z
NC000218,1,P000438,2026-09-07T05:25:55.359081Z
NC000219,1,AC000085,2026-09-07T05:25:55.359084Z
NC000220,1,AC000298,2026-09-07T05:25:55.359087Z
NC000221,1,AC000046,2026-09-07T05:25:55.359090Z
NC000222,1,PH000371,2026-09-07T05:25:55.359093Z
NC000223,1,AC000023,2026-09-07T05:25:55.359096Z
NC000224,1,AC000037,2026-09-07T05:25:55.359099Z
NC000225,1,AC000390,2026-09-07T05:25:55.359102Z
NC000226,1,AC000391,2026-09-07T05:25:55.359105Z
NC000227,1,P000489,2026-09-07T05:25:55.359108Z
NC000228,1,AC000014,2026-09-07T05:25:55.359111Z
NC000229,1,AC000063,2026-09-07T05:25:55.359114Z
NC000230,1,AC000385,2026-09-07T05:25:55.359117Z
NC000231,1,AC000293,2026-09-07T05:25:55.359120Z
NC000232,1,AC000131,2026-09-07T05:25:55.359123Z
NC000233,1,AC000372,2026-09-07T05:25:55.359126Z
NC000234,1,AC000180,2026-09-07T05:25:55.359130Z
NC000235,1,P000217,2026-09-07T05:25:55.359133Z
NC000236,1,AC000340,2026-09-07T05:25:55.359136Z
NC000237,1,AC000152,2026-09-07T05:25:55.359139Z
NC000238,1,AC000068,2026-09-07T05:25:55.359142Z
NC000239,1,AC000261,2026-09-07T05:25:55.359145Z
NC000240,1,AC000323,2026-09-07T05:25:55.359148Z
NC000241,1,P000216,2026-09-07T05:25:55.359151Z
NC000242,1,AC000227,2026-09-07T05:25:55.359154Z
NC000243,1,AC000167,2026-09-07T05:25:55.359157Z
NC000244,1,ORG000014,2026-09-07T05:25:55.359159Z
NC000245,1,P000492,2026-09-07T05:25:55.359162Z
NC000246,1,VH000140,2026-09-07T05:25:55.359165Z
NC000247,1,AC000048,2026-09-07T05:25:55.359168Z
NC000248,1,AC000258,2026-09-07T05:25:55.359171Z
NC000249,1,AC000331,2026-09-07T05:25:55.359174Z
NC000250,1,AC000309,2026-09-07T05:25:55.359177Z
NC000251,1,AC000377,2026-09-07T05:25:55.359180Z
NC000252,1,AC000388,2026-09-07T05:25:55.359183Z
NC000253,1,AC000027,2026-09-07T05:25:55.359185Z
NC000254,1,AC000004,2026-09-07T05:25:55.359188Z
NC000255,1,AC000363,2026-09-07T05:25:55.359191Z
NC000256,1,AC000102,2026-09-07T05:25:55.359194Z
NC000257,1,ORG000023,2026-09-07T05:25:55.359198Z
NC000258,1,AC000147,2026-09-07T05:25:55.359201Z
NC000259,1,AC000357,2026-09-07T05:25:55.359204Z
NC000260,1,AC000101,2026-09-07T05:25:55.359207Z
NC000261,1,AC000032,2026-09-07T05:25:55.359210Z
NC000262,1,AC000237,2026-09-07T05:25:55.359213Z
NC000263,1,AC000008,2026-09-07T05:25:55.359216Z
NC000264,1,AC000056,2026-09-07T05:25:55.359219Z
NC000265,1,VH000217,2026-09-07T05:25:55.359221Z
NC000266,1,AC000116,2026-09-07T05:25:55.359224Z
NC000267,1,AC000236,2026-09-07T05:25:55.359227Z
NC000268,1,AC000342,2026-09-07T05:25:55.359230Z
NC000269,1,AC000132,2026-09-07T05:25:55.359233Z
NC000270,1,AC000042,2026-09-07T05:25:55.359237Z
NC000271,1,AC000159,2026-09-07T05:25:55.359240Z
NC000272,1,AC000373,2026-09-07T05:25:55.359243Z
NC000273,1,P000618,2026-09-07T05:25:55.359246Z
NC000274,1,AC000314,2026-09-07T05:25:55.359249Z
NC000275,1,ORG000019,2026-09-07T05:25:55.359252Z
NC000276,1,AC000283,2026-09-07T05:25:55.359254Z
NC000277,1,AC000253,2026-09-07T05:25:55.359257Z
NC000278,1,AC000047,2026-09-07T05:25:55.359260Z
NC000279,1,ORG000020,2026-09-07T05:25:55.359263Z
NC000280,1,AC000149,2026-09-07T05:25:55.359266Z
NC000281,1,AC000245,2026-09-07T05:25:55.359269Z
NC000282,1,AC000220,2026-09-07T05:25:55.359272Z
NC000283,1,AC000230,2026-09-07T05:25:55.359275Z
NC000284,1,VH000190,2026-09-07T05:25:55.359278Z
NC000285,1,AC000052,2026-09-07T05:25:55.359281Z
NC000286,1,AC000024,2026-09-07T05:25:55.359284Z
NC000287,1,AC000206,2026-09-07T05:25:55.359287Z
NC000288,1,AC000382,2026-09-07T05:25:55.359290Z
NC000289,1,AC000079,2026-09-07T05:25:55.359293Z
NC000290,1,AC000198,2026-09-07T05:25:55.359295Z
NC000291,1,AC000214,2026-09-07T05:25:55.359298Z
NC000292,1,AC000109,2026-09-07T05:25:55.359301Z
NC000293,1,AC000383,2026-09-07T05:25:55.359304Z
NC000294,1,AC000086,2026-09-07T05:25:55.359307Z
NC000295,1,AC000141,2026-09-07T05:25:55.359310Z
NC000296,1,AC000089,2026-09-07T05:25:55.359313Z
NC000297,1,AC000156,2026-09-07T05:25:55.359316Z
NC000298,1,AC000099,2026-09-07T05:25:55.359319Z
NC000299,1,PH000256,2026-09-07T05:25:55.359322Z
NC000300,1,AC000077,2026-09-07T05:25:55.359325Z
NC000301,1,AC000282,2026-09-07T05:25:55.359328Z
NC000302,1,AC000226,2026-09-07T05:25:55.359331Z
NC000303,1,P000514,2026-09-07T05:25:55.359334Z
NC000304,1,AC000181,2026-09-07T05:25:55.359337Z
NC000305,1,AC000144,2026-09-07T05:25:55.359340Z
NC000306,1,AC000179,2026-09-07T05:25:55.359343Z
NC000307,1,AC000207,2026-09-07T05:25:55.359345Z
NC000308,1,AC000365,2026-09-07T05:25:55.359348Z
NC000309,1,AC000108,2026-09-07T05:25:55.359351Z
NC000310,1,AC000150,2026-09-07T05:25:55.359355Z
NC000311,1,AC000346,2026-09-07T05:25:55.359358Z
NC000312,1,P000382,2026-09-07T05:25:55.359361Z
NC000313,1,AC000022,2026-09-07T05:25:55.359364Z
NC000314,1,AC000324,2026-09-07T05:25:55.359367Z
NC000315,1,AC000078,2026-09-07T05:25:55.359370Z
NC000316,1,AC000118,2026-09-07T05:25:55.359373Z
NC000317,1,AC000071,2026-09-07T05:25:55.359376Z
NC000318,1,AC000239,2026-09-07T05:25:55.359379Z
NC000319,1,P000545,2026-09-07T05:25:55.359382Z
NC000320,1,AC000304,2026-09-07T05:25:55.359385Z
NC000321,1,AC000374,2026-09-07T05:25:55.359388Z
NC000322,1,AC000064,2026-09-07T05:25:55.359391Z
NC000323,1,AC000114,2026-09-07T05:25:55.359394Z
NC000324,1,AC000151,2026-09-07T05:25:55.359397Z
NC000325,1,AC000193,2026-09-07T05:25:55.359400Z
NC000326,1,AC000208,2026-09-07T05:25:55.359403Z
NC000327,1,AC000249,2026-09-07T05:25:55.359406Z
NC000328,1,AC000268,2026-09-07T05:25:55.359408Z
NC000329,1,AC000364,2026-09-07T05:25:55.359411Z
NC000330,1,PH000387,2026-09-07T05:25:55.359414Z
NC000331,1,P000542,2026-09-07T05:25:55.359417Z
NC000332,1,AC000015,2026-09-07T05:25:55.359420Z
NC000333,1,AC000031,2026-09-07T05:25:55.359423Z
NC000334,1,AC000368,2026-09-07T05:25:55.359426Z
NC000335,1,AC000067,2026-09-07T05:25:55.359429Z
NC000336,1,AC000084,2026-09-07T05:25:55.359432Z
NC000337,1,AC000146,2026-09-07T05:25:55.359435Z
NC000338,1,AC000218,2026-09-07T05:25:55.359438Z
NC000339,1,AC000367,2026-09-07T05:25:55.359441Z
NC000340,1,AC000164,2026-09-07T05:25:55.359444Z
NC000341,1,AC000057,2026-09-07T05:25:55.359447Z
NC000342,1,AC000189,2026-09-07T05:25:55.359455Z
NC000343,1,AC000134,2026-09-07T05:25:55.359458Z
NC000344,1,AC000115,2026-09-07T05:25:55.359461Z
NC000345,1,AC000094,2026-09-07T05:25:55.359464Z
NC000346,1,AC000371,2026-09-07T05:25:55.359467Z
NC000347,1,AC000370,2026-09-07T05:25:55.359470Z
NC000348,1,AC000378,2026-09-07T05:25:55.359473Z
NC000349,1,AC000097,2026-09-07T05:25:55.359476Z
NC000350,1,ORG000024,2026-09-07T05:25:55.359479Z
NC000351,1,AC000389,2026-09-07T05:25:55.359482Z
NC000352,1,AC000145,2026-09-07T05:25:55.359485Z
NC000353,1,AC000088,2026-09-07T05:25:55.359488Z
NC000354,1,P000413,2026-09-07T05:25:55.359492Z
NC000355,1,P000519,2026-09-07T05:25:55.359495Z
NC000356,1,AC000041,2026-09-07T05:25:55.359498Z
NC000357,1,AC000080,2026-09-07T05:25:55.359501Z
NC000358,1,AC000224,2026-09-07T05:25:55.359504Z
NC000359,1,P000451,2026-09-07T05:25:55.359507Z
NC000360,1,AC000139,2026-09-07T05:25:55.359510Z
NC000361,1,AC000082,2026-09-07T05:25:55.359513Z
NC000362,1,AC000076,2026-09-07T05:25:55.359516Z
NC000363,1,AC000223,2026-09-07T05:25:55.359518Z
NC000364,1,AC000305,2026-09-07T05:25:55.359521Z
NC000365,1,AC000328,2026-09-07T05:25:55.359524Z
NC000366,1,AC000148,2026-09-07T05:25:55.359527Z
NC000367,1,AC000177,2026-09-07T05:25:55.359530Z
NC000368,1,AC000043,2026-09-07T05:25:55.359533Z
NC000369,1,AC000104,2026-09-07T05:25:55.359536Z
NC000370,1,AC000017,2026-09-07T05:25:55.359539Z
NC000371,1,AC000168,2026-09-07T05:25:55.359542Z
NC000372,1,AC000175,2026-09-07T05:25:55.359545Z
NC000373,1,AC000096,2026-09-07T05:25:55.359548Z
NC000374,1,AC000211,2026-09-07T05:25:55.359551Z
NC000375,1,AC000054,2026-09-07T05:25:55.359554Z
NC000376,1,AC000285,2026-09-07T05:25:55.359557Z
NC000377,1,AC000248,2026-09-07T05:25:55.359560Z
NC000378,1,AC000055,2026-09-07T05:25:55.359563Z
NC000379,1,AC000158,2026-09-07T05:25:55.359566Z
NC000380,1,AC000182,2026-09-07T05:25:55.359569Z
NC000381,1,AC000005,2026-09-07T05:25:55.359571Z
NC000382,1,AC000228,2026-09-07T05:25:55.359574Z
NC000383,1,AC000384,2026-09-07T05:25:55.359577Z
NC000384,1,AC000117,2026-09-07T05:25:55.359580Z
NC000385,1,VH000211,2026-09-07T05:25:55.359583Z
NC000386,1,AC000327,2026-09-07T05:25:55.359586Z
NC000387,1,AC000087,2026-09-07T05:25:55.359589Z
NC000388,1,AC000392,2026-09-07T05:25:55.359592Z
NC000389,1,AC000098,2026-09-07T05:25:55.359595Z
NC000390,1,AC000093,2026-09-07T05:25:55.359598Z
NC000391,1,AC000033,2026-09-07T05:25:55.359601Z
NC000392,1,AC000380,2026-09-07T05:25:55.359604Z
NC000393,1,P000209,2026-09-07T05:25:55.359607Z
NC000394,1,AC000379,2026-09-07T05:25:55.359610Z
NC000395,2,P000235,2026-09-07T05:25:55.359613Z
NC000396,2,PH000084,2026-09-07T05:25:55.359616Z
NC000397,2,P000314,2026-09-07T05:25:55.359620Z
NC000398,2,P000062,2026-09-07T05:25:55.359622Z
NC000399,2,PH000338,2026-09-07T05:25:55.359625Z
NC000400,2,P000070,2026-09-07T05:25:55.359628Z
NC000401,2,PH000080,2026-09-07T05:25:55.359631Z
NC000402,2,PH000058,2026-09-07T05:25:55.359635Z
NC000403,2,PH000069,2026-09-07T05:25:55.359638Z
NC000404,2,AC000073,2026-09-07T05:25:55.359641Z
NC000405,2,AC000069,2026-09-07T05:25:55.359644Z
NC000406,2,P000049,2026-09-07T05:25:55.359647Z
NC000407,2,PH000068,2026-09-07T05:25:55.359650Z
NC000408,2,P000239,2026-09-07T05:25:55.359653Z
NC000409,2,PH000086,2026-09-07T05:25:55.359655Z
NC000410,2,PH000310,2026-09-07T05:25:55.359658Z
NC000411,2,AC000277,2026-09-07T05:25:55.359661Z
NC000412,2,AC000294,2026-09-07T05:25:55.359664Z
NC000413,2,PH000328,2026-09-07T05:25:55.359667Z
NC000414,2,PH000088,2026-09-07T05:25:55.359670Z
NC000415,2,PH000075,2026-09-07T05:25:55.359673Z
NC000416,2,P000374,2026-09-07T05:25:55.359676Z
NC000417,2,P000398,2026-09-07T05:25:55.359679Z
NC000418,2,PH000076,2026-09-07T05:25:55.359682Z
NC000419,2,VH000038,2026-09-07T05:25:55.359685Z
NC000420,2,CS000070,2026-09-07T05:25:55.359688Z
NC000421,2,AC000081,2026-09-07T05:25:55.359690Z
NC000422,2,VH000041,2026-09-07T05:25:55.359693Z
NC000423,2,PH000063,2026-09-07T05:25:55.359697Z
NC000424,2,VH000042,2026-09-07T05:25:55.359699Z
NC000425,2,PH000082,2026-09-07T05:25:55.359702Z
NC000426,2,PH000067,2026-09-07T05:25:55.359705Z
NC000427,2,P000278,2026-09-07T05:25:55.359708Z
NC000428,2,P000057,2026-09-07T05:25:55.359711Z
NC000429,2,VH000036,2026-09-07T05:25:55.359714Z
NC000430,2,CS000039,2026-09-07T05:25:55.359717Z
NC000431,2,PH000064,2026-09-07T05:25:55.359720Z
NC000432,2,PH000319,2026-09-07T05:25:55.359723Z
NC000433,2,PH000375,2026-09-07T05:25:55.359726Z
NC000434,2,P000568,2026-09-07T05:25:55.359729Z
NC000435,2,P000410,2026-09-07T05:25:55.359732Z
NC000436,2,P000053,2026-09-07T05:25:55.359735Z
NC000437,2,CS000069,2026-09-07T05:25:55.359738Z
NC000438,2,PH000065,2026-09-07T05:25:55.359741Z
NC000439,2,VH000148,2026-09-07T05:25:55.359744Z
NC000440,2,VH000039,2026-09-07T05:25:55.359747Z
NC000441,2,CS000020,2026-09-07T05:25:55.359750Z
NC000442,2,P000065,2026-09-07T05:25:55.359752Z
NC000443,2,P000068,2026-09-07T05:25:55.359755Z
NC000444,2,PH000073,2026-09-07T05:25:55.359758Z
NC000445,2,PH000062,2026-09-07T05:25:55.359761Z
NC000446,2,ORG000004,2026-09-07T05:25:55.359764Z
NC000447,2,P000061,2026-09-07T05:25:55.359767Z
NC000448,2,VH000043,2026-09-07T05:25:55.359770Z
NC000449,2,PH000057,2026-09-07T05:25:55.359773Z
NC000450,2,P000047,2026-09-07T05:25:55.359776Z
NC000451,2,P000354,2026-09-07T05:25:55.359779Z
NC000452,2,VH000031,2026-09-07T05:25:55.359782Z
NC000453,2,PH000303,2026-09-07T05:25:55.359785Z
NC000454,2,CS000087,2026-09-07T05:25:55.359787Z
NC000455,2,P000532,2026-09-07T05:25:55.359790Z
NC000456,2,P000242,2026-09-07T05:25:55.359793Z
NC000457,2,P000051,2026-09-07T05:25:55.359796Z
NC000458,2,PH000341,2026-09-07T05:25:55.359800Z
NC000459,2,P000055,2026-09-07T05:25:55.359803Z
NC000460,2,P000523,2026-09-07T05:25:55.359806Z
NC000461,2,P000261,2026-09-07T05:25:55.359809Z
NC000462,2,LOC000032,2026-09-07T05:25:55.359812Z
NC000463,2,P000060,2026-09-07T05:25:55.359814Z
NC000464,2,P000383,2026-09-07T05:25:55.359817Z
NC000465,2,AC000053,2026-09-07T05:25:55.359820Z
NC000466,2,P000525,2026-09-07T05:25:55.359823Z
NC000467,2,VH000047,2026-09-07T05:25:55.359826Z
NC000468,2,VH000213,2026-09-07T05:25:55.359829Z
NC000469,2,AC000060,2026-09-07T05:25:55.359832Z
NC000470,2,VH000177,2026-09-07T05:25:55.359835Z
NC000471,2,VH000163,2026-09-07T05:25:55.359838Z
NC000472,2,P000058,2026-09-07T05:25:55.359841Z
NC000473,2,VH000033,2026-09-07T05:25:55.359844Z
NC000474,2,PH000392,2026-09-07T05:25:55.359847Z
NC000475,2,AC000349,2026-09-07T05:25:55.359850Z
NC000476,2,PH000061,2026-09-07T05:25:55.359853Z
NC000477,2,P000455,2026-09-07T05:25:55.359856Z
NC000478,2,VH000044,2026-09-07T05:25:55.359859Z
NC000479,2,AC000062,2026-09-07T05:25:55.359862Z
NC000480,2,AC000059,2026-09-07T05:25:55.359865Z
NC000481,2,PH000083,2026-09-07T05:25:55.359868Z
NC000482,2,CS000029,2026-09-07T05:25:55.359871Z
NC000483,2,P000286,2026-09-07T05:25:55.359873Z
NC000484,2,PH000079,2026-09-07T05:25:55.359876Z
NC000485,2,CS000064,2026-09-07T05:25:55.359879Z
NC000486,2,VH000235,2026-09-07T05:25:55.359882Z
NC000487,2,PH000087,2026-09-07T05:25:55.359885Z
NC000488,2,VH000155,2026-09-07T05:25:55.359888Z
NC000489,2,P000331,2026-09-07T05:25:55.359891Z
NC000490,2,P000052,2026-09-07T05:25:55.359894Z
NC000491,2,VH000034,2026-09-07T05:25:55.359897Z
NC000492,2,PH000089,2026-09-07T05:25:55.359900Z
NC000493,2,P000472,2026-09-07T05:25:55.359903Z
NC000494,2,P000063,2026-09-07T05:25:55.359906Z
NC000495,2,PH000066,2026-09-07T05:25:55.359909Z
NC000496,2,PH000355,2026-09-07T05:25:55.359912Z
NC000497,2,P000307,2026-09-07T05:25:55.359915Z
NC000498,2,VH000174,2026-09-07T05:25:55.359918Z
NC000499,2,PH000081,2026-09-07T05:25:55.359920Z
NC000500,2,PH000306,2026-09-07T05:25:55.359923Z
NC000501,2,P000237,2026-09-07T05:25:55.359926Z
NC000502,2,P000338,2026-09-07T05:25:55.359929Z
NC000503,2,P000370,2026-09-07T05:25:55.359932Z
NC000504,2,PH000059,2026-09-07T05:25:55.359935Z
NC000505,2,CS000082,2026-09-07T05:25:55.359938Z
NC000506,2,P000048,2026-09-07T05:25:55.359941Z
NC000507,2,CS000091,2026-09-07T05:25:55.359944Z
NC000508,2,VH000158,2026-09-07T05:25:55.359947Z
NC000509,2,CS000034,2026-09-07T05:25:55.359951Z
NC000510,2,P000422,2026-09-07T05:25:55.359953Z
NC000511,2,P000067,2026-09-07T05:25:55.359956Z
NC000512,2,P000397,2026-09-07T05:25:55.359959Z
NC000513,2,PH000085,2026-09-07T05:25:55.359962Z
NC000514,2,P000249,2026-09-07T05:25:55.359965Z
NC000515,2,PH000078,2026-09-07T05:25:55.359968Z
NC000516,2,PH000070,2026-09-07T05:25:55.359971Z
NC000517,2,VH000206,2026-09-07T05:25:55.359974Z
NC000518,2,P000317,2026-09-07T05:25:55.359977Z
NC000519,2,LOC000014,2026-09-07T05:25:55.359980Z
NC000520,2,VH000045,2026-09-07T05:25:55.359983Z
NC000521,2,P000050,2026-09-07T05:25:55.359986Z
NC000522,2,AC000072,2026-09-07T05:25:55.359990Z
NC000523,2,VH000150,2026-09-07T05:25:55.359993Z
NC000524,2,LOC000044,2026-09-07T05:25:55.359995Z
NC000525,2,CS000063,2026-09-07T05:25:55.359998Z
NC000526,2,AC000070,2026-09-07T05:25:55.360002Z
NC000527,2,AC000065,2026-09-07T05:25:55.360005Z
NC000528,2,AC000075,2026-09-07T05:25:55.360008Z
NC000529,2,P000243,2026-09-07T05:25:55.360010Z
NC000530,2,AC000074,2026-09-07T05:25:55.360013Z
NC000531,2,LOC000016,2026-09-07T05:25:55.360016Z
NC000532,2,P000064,2026-09-07T05:25:55.360019Z
NC000533,2,PH000336,2026-09-07T05:25:55.360022Z
NC000534,2,P000059,2026-09-07T05:25:55.360025Z
NC000535,2,P000056,2026-09-07T05:25:55.360028Z
NC000536,2,P000437,2026-09-07T05:25:55.360031Z
NC000537,2,PH000434,2026-09-07T05:25:55.360034Z
NC000538,2,P000046,2026-09-07T05:25:55.360037Z
NC000539,2,VH000035,2026-09-07T05:25:55.360040Z
NC000540,2,P000069,2026-09-07T05:25:55.360043Z
NC000541,2,P000627,2026-09-07T05:25:55.360045Z
NC000542,2,PH000074,2026-09-07T05:25:55.360048Z
NC000543,2,P000625,2026-09-07T05:25:55.360051Z
NC000544,2,PH000072,2026-09-07T05:25:55.360054Z
NC000545,2,VH000188,2026-09-07T05:25:55.360057Z
NC000546,2,AC000066,2026-09-07T05:25:55.360060Z
NC000547,2,PH000071,2026-09-07T05:25:55.360063Z
NC000548,2,PH000272,2026-09-07T05:25:55.360066Z
NC000549,2,P000066,2026-09-07T05:25:55.360068Z
NC000550,2,P000045,2026-09-07T05:25:55.360071Z
NC000551,2,PH000283,2026-09-07T05:25:55.360074Z
NC000552,2,AC000303,2026-09-07T05:25:55.360077Z
NC000553,2,VH000032,2026-09-07T05:25:55.360080Z
NC000554,2,AC000332,2026-09-07T05:25:55.360083Z
NC000555,2,VH000040,2026-09-07T05:25:55.360086Z
NC000556,2,VH000037,2026-09-07T05:25:55.360089Z
NC000557,2,VH000149,2026-09-07T05:25:55.360092Z
NC000558,2,VH000046,2026-09-07T05:25:55.360095Z
NC000559,2,P000054,2026-09-07T05:25:55.360098Z
NC000560,2,PH000077,2026-09-07T05:25:55.360101Z
NC000561,2,CS000083,2026-09-07T05:25:55.360103Z
NC000562,2,P000044,2026-09-07T05:25:55.360106Z
NC000563,2,P000302,2026-09-07T05:25:55.360109Z
NC000564,2,PH000060,2026-09-07T05:25:55.360112Z
NC000565,2,AC000061,2026-09-07T05:25:55.360115Z
NC000566,2,CS000005,2026-09-07T05:25:55.360118Z
NC000567,2,P000355,2026-09-07T05:25:55.360121Z
NC000568,3,CS000016,2026-09-07T05:25:55.360124Z
NC000569,3,P000092,2026-09-07T05:25:55.360127Z
NC000570,3,P000077,2026-09-07T05:25:55.360130Z
NC000571,3,P000095,2026-09-07T05:25:55.360133Z
NC000572,3,AC000092,2026-09-07T05:25:55.360136Z
NC000573,3,PH000100,2026-09-07T05:25:55.360139Z
NC000574,3,VH000198,2026-09-07T05:25:55.360142Z
NC000575,3,PH000267,2026-09-07T05:25:55.360145Z
NC000576,3,LOC000052,2026-09-07T05:25:55.360148Z
NC000577,3,P000086,2026-09-07T05:25:55.360151Z
NC000578,3,PH000122,2026-09-07T05:25:55.360154Z
NC000579,3,CS000045,2026-09-07T05:25:55.360157Z
NC000580,3,PH000119,2026-09-07T05:25:55.360160Z
NC000581,3,P000082,2026-09-07T05:25:55.360162Z
NC000582,3,PH000105,2026-09-07T05:25:55.360165Z
NC000583,3,P000442,2026-09-07T05:25:55.360168Z
NC000584,3,P000078,2026-09-07T05:25:55.360171Z
NC000585,3,P000226,2026-09-07T05:25:55.360174Z
NC000586,3,AC000302,2026-09-07T05:25:55.360177Z
NC000587,3,PH000120,2026-09-07T05:25:55.360180Z
NC000588,3,LOC000009,2026-09-07T05:25:55.360183Z
NC000589,3,P000585,2026-09-07T05:25:55.360186Z
NC000590,3,VH000060,2026-09-07T05:25:55.360189Z
NC000591,3,P000349,2026-09-07T05:25:55.360192Z
NC000592,3,PH000108,2026-09-07T05:25:55.360195Z
NC000593,3,PH000343,2026-09-07T05:25:55.360198Z
NC000594,3,P000574,2026-09-07T05:25:55.360202Z
NC000595,3,VH000054,2026-09-07T05:25:55.360205Z
NC000596,3,PH000094,2026-09-07T05:25:55.360208Z
NC000597,3,CS000041,2026-09-07T05:25:55.360211Z
NC000598,3,P000083,2026-09-07T05:25:55.360214Z
NC000599,3,PH000121,2026-09-07T05:25:55.360217Z
NC000600,3,P000626,2026-09-07T05:25:55.360220Z
NC000601,3,P000363,2026-09-07T05:25:55.360223Z
NC000602,3,PH000409,2026-09-07T05:25:55.360226Z
NC000603,3,CS000047,2026-09-07T05:25:55.360229Z
NC000604,3,PH000273,2026-09-07T05:25:55.360232Z
NC000605,3,VH000061,2026-09-07T05:25:55.360235Z
NC000606,3,PH000098,2026-09-07T05:25:55.360238Z
NC000607,3,PH000118,2026-09-07T05:25:55.360241Z
NC000608,3,LOC000003,2026-09-07T05:25:55.360244Z
NC000609,3,CS000061,2026-09-07T05:25:55.360247Z
NC000610,3,P000238,2026-09-07T05:25:55.360250Z
NC000611,3,P000074,2026-09-07T05:25:55.360253Z
NC000612,3,AC000111,2026-09-07T05:25:55.360256Z
NC000613,3,VH000204,2026-09-07T05:25:55.360259Z
NC000614,3,P000266,2026-09-07T05:25:55.360262Z
NC000615,3,PH000419,2026-09-07T05:25:55.360265Z
NC000616,3,VH000059,2026-09-07T05:25:55.360268Z
NC000617,3,P000091,2026-09-07T05:25:55.360271Z
NC000618,3,PH000374,2026-09-07T05:25:55.360273Z
NC000619,3,PH000284,2026-09-07T05:25:55.360276Z
NC000620,3,P000080,2026-09-07T05:25:55.360279Z
NC000621,3,PH000115,2026-09-07T05:25:55.360282Z
NC000622,3,P000425,2026-09-07T05:25:55.360286Z
NC000623,3,PH000117,2026-09-07T05:25:55.360289Z
NC000624,3,P000259,2026-09-07T05:25:55.360292Z
NC000625,3,PH000107,2026-09-07T05:25:55.360295Z
NC000626,3,PH000095,2026-09-07T05:25:55.360298Z
NC000627,3,PH000092,2026-09-07T05:25:55.360301Z
NC000628,3,LOC000020,2026-09-07T05:25:55.360304Z
NC000629,3,PH000123,2026-09-07T05:25:55.360306Z
NC000630,3,P000292,2026-09-07T05:25:55.360309Z
NC000631,3,VH000049,2026-09-07T05:25:55.360313Z
NC000632,3,P000090,2026-09-07T05:25:55.360315Z
NC000633,3,CS000057,2026-09-07T05:25:55.360319Z
NC000634,3,VH000203,2026-09-07T05:25:55.360322Z
NC000635,3,AC000100,2026-09-07T05:25:55.360325Z
NC000636,3,VH000051,2026-09-07T05:25:55.360328Z
NC000637,3,PH000104,2026-09-07T05:25:55.360330Z
NC000638,3,AC000107,2026-09-07T05:25:55.360334Z
NC000639,3,P000389,2026-09-07T05:25:55.360336Z
NC000640,3,PH000093,2026-09-07T05:25:55.360339Z
NC000641,3,VH000050,2026-09-07T05:25:55.360342Z
NC000642,3,P000084,2026-09-07T05:25:55.360345Z
NC000643,3,P000222,2026-09-07T05:25:55.360348Z
NC000644,3,LOC000038,2026-09-07T05:25:55.360351Z
NC000645,3,VH000056,2026-09-07T05:25:55.360354Z
NC000646,3,PH000279,2026-09-07T05:25:55.360357Z
NC000647,3,P000473,2026-09-07T05:25:55.360360Z
NC000648,3,PH000101,2026-09-07T05:25:55.360363Z
NC000649,3,P000093,2026-09-07T05:25:55.360366Z
NC000650,3,VH000052,2026-09-07T05:25:55.360369Z
NC000651,3,PH000109,2026-09-07T05:25:55.360372Z
NC000652,3,PH000113,2026-09-07T05:25:55.360375Z
NC000653,3,P000268,2026-09-07T05:25:55.360378Z
NC000654,3,VH000058,2026-09-07T05:25:55.360381Z
NC000655,3,P000580,2026-09-07T05:25:55.360384Z
NC000656,3,P000073,2026-09-07T05:25:55.360387Z
NC000657,3,PH000333,2026-09-07T05:25:55.360390Z
NC000658,3,PH000428,2026-09-07T05:25:55.360392Z
NC000659,3,AC000103,2026-09-07T05:25:55.360395Z
NC000660,3,P000619,2026-09-07T05:25:55.360398Z
NC000661,3,P000230,2026-09-07T05:25:55.360401Z
NC000662,3,PH000096,2026-09-07T05:25:55.360404Z
NC000663,3,P000072,2026-09-07T05:25:55.360407Z
NC000664,3,P000443,2026-09-07T05:25:55.360410Z
NC000665,3,PH000286,2026-09-07T05:25:55.360413Z
NC000666,3,P000408,2026-09-07T05:25:55.360416Z
NC000667,3,PH000099,2026-09-07T05:25:55.360419Z
NC000668,3,P000088,2026-09-07T05:25:55.360422Z
NC000669,3,VH000057,2026-09-07T05:25:55.360425Z
NC000670,3,VH000063,2026-09-07T05:25:55.360428Z
NC000671,3,P000597,2026-09-07T05:25:55.360431Z
NC000672,3,PH000354,2026-09-07T05:25:55.360433Z
NC000673,3,P000079,2026-09-07T05:25:55.360436Z
NC000674,3,VH000176,2026-09-07T05:25:55.360440Z
NC000675,3,P000248,2026-09-07T05:25:55.360443Z
NC000676,3,P000477,2026-09-07T05:25:55.360446Z
NC000677,3,VH000053,2026-09-07T05:25:55.360449Z
NC000678,3,AC000105,2026-09-07T05:25:55.360452Z
NC000679,3,VH000145,2026-09-07T05:25:55.360455Z
NC000680,3,CS000079,2026-09-07T05:25:55.360458Z
NC000681,3,AC000106,2026-09-07T05:25:55.360461Z
NC000682,3,AC000083,2026-09-07T05:25:55.360464Z
NC000683,3,VH000062,2026-09-07T05:25:55.360475Z
NC000684,3,AC000316,2026-09-07T05:25:55.360478Z
NC000685,3,P000076,2026-09-07T05:25:55.360481Z
NC000686,3,CS000062,2026-09-07T05:25:55.360484Z
NC000687,3,P000250,2026-09-07T05:25:55.360487Z
NC000688,3,P000394,2026-09-07T05:25:55.360490Z
NC000689,3,AC000095,2026-09-07T05:25:55.360493Z
NC000690,3,AC000091,2026-09-07T05:25:55.360496Z
NC000691,3,PH000326,2026-09-07T05:25:55.360499Z
NC000692,3,P000617,2026-09-07T05:25:55.360502Z
NC000693,3,PH000106,2026-09-07T05:25:55.360505Z
NC000694,3,PH000114,2026-09-07T05:25:55.360508Z
NC000695,3,PH000110,2026-09-07T05:25:55.360511Z
NC000696,3,VH000055,2026-09-07T05:25:55.360514Z
NC000697,3,P000361,2026-09-07T05:25:55.360517Z
NC000698,3,PH000097,2026-09-07T05:25:55.360520Z
NC000699,3,PH000429,2026-09-07T05:25:55.360523Z
NC000700,3,PH000116,2026-09-07T05:25:55.360526Z
NC000701,3,PH000103,2026-09-07T05:25:55.360529Z
NC000702,3,PH000102,2026-09-07T05:25:55.360532Z
NC000703,3,P000423,2026-09-07T05:25:55.360534Z
NC000704,3,P000541,2026-09-07T05:25:55.360537Z
NC000705,3,P000094,2026-09-07T05:25:55.360541Z
NC000706,3,VH000208,2026-09-07T05:25:55.360544Z
NC000707,3,PH000091,2026-09-07T05:25:55.360546Z
NC000708,3,P000081,2026-09-07T05:25:55.360549Z
NC000709,3,P000089,2026-09-07T05:25:55.360553Z
NC000710,3,P000075,2026-09-07T05:25:55.360556Z
NC000711,3,VH000048,2026-09-07T05:25:55.360558Z
NC000712,3,P000328,2026-09-07T05:25:55.360561Z
NC000713,3,PH000111,2026-09-07T05:25:55.360565Z
NC000714,3,PH000112,2026-09-07T05:25:55.360568Z
NC000715,3,P000488,2026-09-07T05:25:55.360570Z
NC000716,3,P000071,2026-09-07T05:25:55.360573Z
NC000717,3,P000264,2026-09-07T05:25:55.360584Z
NC000718,3,AC000310,2026-09-07T05:25:55.360587Z
NC000719,3,P000087,2026-09-07T05:25:55.360591Z
NC000720,3,VH000226,2026-09-07T05:25:55.360594Z
NC000721,3,AC000090,2026-09-07T05:25:55.360597Z
NC000722,3,P000085,2026-09-07T05:25:55.360600Z
NC000723,3,ORG000005,2026-09-07T05:25:55.360603Z
NC000724,4,AC000127,2026-09-07T05:25:55.360607Z
NC000725,4,LOC000042,2026-09-07T05:25:55.360610Z
NC000726,4,P000281,2026-09-07T05:25:55.360613Z
NC000727,4,P000435,2026-09-07T05:25:55.360616Z
NC000728,4,VH000066,2026-09-07T05:25:55.360619Z
NC000729,4,LOC000030,2026-09-07T05:25:55.360621Z
NC000730,4,PH000133,2026-09-07T05:25:55.360624Z
NC000731,4,PH000295,2026-09-07T05:25:55.360627Z
NC000732,4,PH000315,2026-09-07T05:25:55.360631Z
NC000733,4,P000287,2026-09-07T05:25:55.360634Z
NC000734,4,AC000119,2026-09-07T05:25:55.360637Z
NC000735,4,P000578,2026-09-07T05:25:55.360640Z
NC000736,4,VH000073,2026-09-07T05:25:55.360643Z
NC000737,4,P000105,2026-09-07T05:25:55.360646Z
NC000738,4,P000379,2026-09-07T05:25:55.360649Z
NC000739,4,AC000265,2026-09-07T05:25:55.360652Z
NC000740,4,PH000130,2026-09-07T05:25:55.360655Z
NC000741,4,PH000129,2026-09-07T05:25:55.360657Z
NC000742,4,AC000112,2026-09-07T05:25:55.360660Z
NC000743,4,P000260,2026-09-07T05:25:55.360663Z
NC000744,4,AC000275,2026-09-07T05:25:55.360666Z
NC000745,4,P000096,2026-09-07T05:25:55.360669Z
NC000746,4,AC000123,2026-09-07T05:25:55.360672Z
NC000747,4,VH000160,2026-09-07T05:25:55.360675Z
NC000748,4,VH000070,2026-09-07T05:25:55.360678Z
NC000749,4,VH000064,2026-09-07T05:25:55.360681Z
NC000750,4,P000285,2026-09-07T05:25:55.360684Z
NC000751,4,P000100,2026-09-07T05:25:55.360687Z
NC000752,4,VH000168,2026-09-07T05:25:55.360690Z
NC000753,4,VH000069,2026-09-07T05:25:55.360693Z
NC000754,4,ORG000006,2026-09-07T05:25:55.360696Z
NC000755,4,VH000065,2026-09-07T05:25:55.360699Z
NC000756,4,P000420,2026-09-07T05:25:55.360702Z
NC000757,4,PH000138,2026-09-07T05:25:55.360705Z
NC000758,4,P000108,2026-09-07T05:25:55.360708Z
NC000759,4,P000102,2026-09-07T05:25:55.360711Z
NC000760,4,LOC000025,2026-09-07T05:25:55.360714Z
NC000761,4,PH000125,2026-09-07T05:25:55.360717Z
NC000762,4,P000403,2026-09-07T05:25:55.360720Z
NC000763,4,AC000259,2026-09-07T05:25:55.360723Z
NC000764,4,VH000068,2026-09-07T05:25:55.360726Z
NC000765,4,P000388,2026-09-07T05:25:55.360729Z
NC000766,4,P000098,2026-09-07T05:25:55.360732Z
NC000767,4,AC000326,2026-09-07T05:25:55.360735Z
NC000768,4,CS000030,2026-09-07T05:25:55.360738Z
NC000769,4,P000447,2026-09-07T05:25:55.360741Z
NC000770,4,AC000352,2026-09-07T05:25:55.360744Z
NC000771,4,PH000135,2026-09-07T05:25:55.360747Z
NC000772,4,P000324,2026-09-07T05:25:55.360750Z
NC000773,4,P000316,2026-09-07T05:25:55.360753Z
NC000774,4,AC000133,2026-09-07T05:25:55.360756Z
NC000775,4,AC000274,2026-09-07T05:25:55.360759Z
NC000776,4,P000621,2026-09-07T05:25:55.360762Z
NC000777,4,P000106,2026-09-07T05:25:55.360765Z
NC000778,4,P000515,2026-09-07T05:25:55.360768Z
NC000779,4,AC000113,2026-09-07T05:25:55.360771Z
NC000780,4,PH000127,2026-09-07T05:25:55.360774Z
NC000781,4,PH000398,2026-09-07T05:25:55.360776Z
NC000782,4,P000336,2026-09-07T05:25:55.360779Z
NC000783,4,PH000124,2026-09-07T05:25:55.360782Z
NC000784,4,P000352,2026-09-07T05:25:55.360785Z
NC000785,4,AC000369,2026-09-07T05:25:55.360788Z
NC000786,4,PH000136,2026-09-07T05:25:55.360791Z
NC000787,4,PH000421,2026-09-07T05:25:55.360794Z
NC000788,4,ORG000016,2026-09-07T05:25:55.360797Z
NC000789,4,P000097,2026-09-07T05:25:55.360800Z
NC000790,4,VH000067,2026-09-07T05:25:55.360803Z
NC000791,4,P000246,2026-09-07T05:25:55.360806Z
NC000792,4,PH000131,2026-09-07T05:25:55.360808Z
NC000793,4,AC000121,2026-09-07T05:25:55.360811Z
NC000794,4,P000498,2026-09-07T05:25:55.360814Z
NC000795,4,PH000311,2026-09-07T05:25:55.360817Z
NC000796,4,P000378,2026-09-07T05:25:55.360820Z
NC000797,4,AC000122,2026-09-07T05:25:55.360823Z
NC000798,4,P000103,2026-09-07T05:25:55.360826Z
NC000799,4,VH000072,2026-09-07T05:25:55.360829Z
NC000800,4,PH000430,2026-09-07T05:25:55.360832Z
NC000801,4,PH000382,2026-09-07T05:25:55.360835Z
NC000802,4,AC000126,2026-09-07T05:25:55.360838Z
NC000803,4,P000107,2026-09-07T05:25:55.360840Z
NC000804,4,AC000375,2026-09-07T05:25:55.360843Z
NC000805,4,P000548,2026-09-07T05:25:55.360846Z
NC000806,4,PH000370,2026-09-07T05:25:55.360849Z
NC000807,4,ORG000013,2026-09-07T05:25:55.360852Z
NC000808,4,CS000060,2026-09-07T05:25:55.360855Z
NC000809,4,AC000317,2026-09-07T05:25:55.360858Z
NC000810,4,CS000055,2026-09-07T05:25:55.360861Z
NC000811,4,PH000297,2026-09-07T05:25:55.360864Z
NC000812,4,P000414,2026-09-07T05:25:55.360867Z
NC000813,4,P000581,2026-09-07T05:25:55.360870Z
NC000814,4,P000244,2026-09-07T05:25:55.360873Z
NC000815,4,PH000399,2026-09-07T05:25:55.360876Z
NC000816,4,P000504,2026-09-07T05:25:55.360879Z
NC000817,4,VH000162,2026-09-07T05:25:55.360882Z
NC000818,4,VH000234,2026-09-07T05:25:55.360885Z
NC000819,4,VH000182,2026-09-07T05:25:55.360888Z
NC000820,4,AC000124,2026-09-07T05:25:55.360891Z
NC000821,4,PH000137,2026-09-07T05:25:55.360894Z
NC000822,4,P000315,2026-09-07T05:25:55.360897Z
NC000823,4,AC000128,2026-09-07T05:25:55.360900Z
NC000824,4,P000468,2026-09-07T05:25:55.360903Z
NC000825,4,PH000152,2026-09-07T05:25:55.360906Z
NC000826,4,VH000178,2026-09-07T05:25:55.360908Z
NC000827,4,CS000081,2026-09-07T05:25:55.360911Z
NC000828,4,AC000125,2026-09-07T05:25:55.360914Z
NC000829,4,PH000132,2026-09-07T05:25:55.360917Z
NC000830,4,AC000280,2026-09-07T05:25:55.360920Z
NC000831,4,P000538,2026-09-07T05:25:55.360923Z
NC000832,4,PH000350,2026-09-07T05:25:55.360926Z
NC000833,4,AC000312,2026-09-07T05:25:55.360929Z
NC000834,4,AC000366,2026-09-07T05:25:55.360932Z
NC000835,4,AC000301,2026-09-07T05:25:55.360935Z
NC000836,4,P000284,2026-09-07T05:25:55.360938Z
NC000837,4,AC000120,2026-09-07T05:25:55.360941Z
NC000838,4,VH000197,2026-09-07T05:25:55.360944Z
NC000839,4,PH000254,2026-09-07T05:25:55.360947Z
NC000840,4,P000475,2026-09-07T05:25:55.360950Z
NC000841,4,PH000361,2026-09-07T05:25:55.360953Z
NC000842,4,AC000058,2026-09-07T05:25:55.360956Z
NC000843,4,P000335,2026-09-07T05:25:55.360959Z
NC000844,4,PH000340,2026-09-07T05:25:55.360962Z
NC000845,4,P000429,2026-09-07T05:25:55.360965Z
NC000846,4,VH000071,2026-09-07T05:25:55.360968Z
NC000847,4,P000297,2026-09-07T05:25:55.360971Z
NC000848,4,AC000361,2026-09-07T05:25:55.360974Z
NC000849,4,P000101,2026-09-07T05:25:55.360977Z
NC000850,4,LOC000004,2026-09-07T05:25:55.360980Z
NC000851,4,P000104,2026-09-07T05:25:55.360983Z
NC000852,4,P000099,2026-09-07T05:25:55.360986Z
NC000853,4,AC000295,2026-09-07T05:25:55.360989Z
NC000854,4,AC000329,2026-09-07T05:25:55.360992Z
NC000855,4,P000608,2026-09-07T05:25:55.360995Z
NC000856,4,PH000134,2026-09-07T05:25:55.360998Z
NC000857,4,PH000126,2026-09-07T05:25:55.361001Z
NC000858,4,P000207,2026-09-07T05:25:55.361004Z
NC000859,4,P000549,2026-09-07T05:25:55.361007Z
NC000860,4,PH000128,2026-09-07T05:25:55.361010Z
NC000861,4,VH000151,2026-09-07T05:25:55.361013Z
NC000862,4,PH000276,2026-09-07T05:25:55.361017Z
NC000863,4,VH000216,2026-09-07T05:25:55.361020Z
NC000864,4,P000345,2026-09-07T05:25:55.361023Z
NC000865,4,LOC000035,2026-09-07T05:25:55.361026Z
NC000866,5,PH000036,2026-09-07T05:25:55.361029Z
NC000867,5,P000483,2026-09-07T05:25:55.361032Z
NC000868,5,PH000039,2026-09-07T05:25:55.361035Z
NC000869,5,PH000380,2026-09-07T05:25:55.361038Z
NC000870,5,PH000425,2026-09-07T05:25:55.361041Z
NC000871,5,VH000019,2026-09-07T05:25:55.361044Z
NC000872,5,AC000029,2026-09-07T05:25:55.361047Z
NC000873,5,AC000030,2026-09-07T05:25:55.361050Z
NC000874,5,VH000209,2026-09-07T05:25:55.361053Z
NC000875,5,VH000016,2026-09-07T05:25:55.361055Z
NC000876,5,VH000013,2026-09-07T05:25:55.361058Z
NC000877,5,PH000032,2026-09-07T05:25:55.361061Z
NC000878,5,P000594,2026-09-07T05:25:55.361064Z
NC000879,5,VH000219,2026-09-07T05:25:55.361067Z
NC000880,5,CS000032,2026-09-07T05:25:55.361070Z
NC000881,5,VH000021,2026-09-07T05:25:55.361073Z
NC000882,5,PH000041,2026-09-07T05:25:55.361076Z
NC000883,5,PH000403,2026-09-07T05:25:55.361079Z
NC000884,5,AC000028,2026-09-07T05:25:55.361082Z
NC000885,5,P000471,2026-09-07T05:25:55.361085Z
NC000886,5,P000023,2026-09-07T05:25:55.361088Z
NC000887,5,PH000384,2026-09-07T05:25:55.361091Z
NC000888,5,P000019,2026-09-07T05:25:55.361093Z
NC000889,5,P000479,2026-09-07T05:25:55.361096Z
NC000890,5,P000476,2026-09-07T05:25:55.361099Z
NC000891,5,P000491,2026-09-07T05:25:55.361102Z
NC000892,5,LOC000050,2026-09-07T05:25:55.361105Z
NC000893,5,P000364,2026-09-07T05:25:55.361108Z
NC000894,5,P000474,2026-09-07T05:25:55.361111Z
NC000895,5,P000022,2026-09-07T05:25:55.361114Z
NC000896,5,VH000183,2026-09-07T05:25:55.361117Z
NC000897,5,P000269,2026-09-07T05:25:55.361120Z
NC000898,5,P000535,2026-09-07T05:25:55.361123Z
NC000899,5,P000329,2026-09-07T05:25:55.361126Z
NC000900,5,PH000325,2026-09-07T05:25:55.361129Z
NC000901,5,VH000220,2026-09-07T05:25:55.361132Z
NC000902,5,CS000011,2026-09-07T05:25:55.361135Z
NC000903,5,AC000036,2026-09-07T05:25:55.361137Z
NC000904,5,PH000255,2026-09-07T05:25:55.361141Z
NC000905,5,P000031,2026-09-07T05:25:55.361143Z
NC000906,5,P000026,2026-09-07T05:25:55.361146Z
NC000907,5,VH000012,2026-09-07T05:25:55.361149Z
NC000908,5,PH000348,2026-09-07T05:25:55.361152Z
NC000909,5,LOC000015,2026-09-07T05:25:55.361155Z
NC000910,5,P000490,2026-09-07T05:25:55.361158Z
NC000911,5,PH000253,2026-09-07T05:25:55.361161Z
NC000912,5,P000025,2026-09-07T05:25:55.361164Z
NC000913,5,LOC000001,2026-09-07T05:25:55.361167Z
NC000914,5,P000611,2026-09-07T05:25:55.361170Z
NC000915,5,P000206,2026-09-07T05:25:55.361173Z
NC000916,5,PH000029,2026-09-07T05:25:55.361176Z
NC000917,5,PH000351,2026-09-07T05:25:55.361179Z
NC000918,5,P000332,2026-09-07T05:25:55.361182Z
NC000919,5,PH000412,2026-09-07T05:25:55.361185Z
NC000920,5,P000564,2026-09-07T05:25:55.361188Z
NC000921,5,P000027,2026-09-07T05:25:55.361191Z
NC000922,5,PH000026,2026-09-07T05:25:55.361194Z
NC000923,5,PH000030,2026-09-07T05:25:55.361197Z
NC000924,5,PH000413,2026-09-07T05:25:55.361200Z
NC000925,5,P000433,2026-09-07T05:25:55.361203Z
NC000926,5,AC000021,2026-09-07T05:25:55.361206Z
NC000927,5,P000466,2026-09-07T05:25:55.361209Z
NC000928,5,PH000031,2026-09-07T05:25:55.361212Z
NC000929,5,P000208,2026-09-07T05:25:55.361215Z
NC000930,5,VH000018,2026-09-07T05:25:55.361218Z
NC000931,5,PH000368,2026-09-07T05:25:55.361221Z
NC000932,5,AC000337,2026-09-07T05:25:55.361224Z
NC000933,5,AC000035,2026-09-07T05:25:55.361227Z
NC000934,5,VH000020,2026-09-07T05:25:55.361231Z
NC000935,5,AC000244,2026-09-07T05:25:55.361233Z
NC000936,5,AC000322,2026-09-07T05:25:55.361236Z
NC000937,5,PH000381,2026-09-07T05:25:55.361239Z
NC000938,5,P000404,2026-09-07T05:25:55.361242Z
NC000939,5,VH000014,2026-09-07T05:25:55.361245Z
NC000940,5,ORG000002,2026-09-07T05:25:55.361248Z
NC000941,5,P000582,2026-09-07T05:25:55.361251Z
NC000942,5,P000604,2026-09-07T05:25:55.361254Z
NC000943,5,AC000319,2026-09-07T05:25:55.361258Z
NC000944,5,P000020,2026-09-07T05:25:55.361260Z
NC000945,5,P000533,2026-09-07T05:25:55.361263Z
NC000946,5,P000300,2026-09-07T05:25:55.361266Z
NC000947,5,PH000318,2026-09-07T05:25:55.361269Z
NC000948,5,AC000318,2026-09-07T05:25:55.361272Z
NC000949,5,PH000037,2026-09-07T05:25:55.361275Z
NC000950,5,VH000015,2026-09-07T05:25:55.361279Z
NC000951,5,AC000297,2026-09-07T05:25:55.361282Z
NC000952,5,P000487,2026-09-07T05:25:55.361285Z
NC000953,5,CS000073,2026-09-07T05:25:55.361288Z
NC000954,5,P000028,2026-09-07T05:25:55.361290Z
NC000955,5,P000024,2026-09-07T05:25:55.361293Z
NC000956,5,VH000017,2026-09-07T05:25:55.361297Z
NC000957,5,AC000315,2026-09-07T05:25:55.361300Z
NC000958,5,VH000139,2026-09-07T05:25:55.361302Z
NC000959,5,P000386,2026-09-07T05:25:55.361305Z
NC000960,5,PH000040,2026-09-07T05:25:55.361308Z
NC000961,5,LOC000051,2026-09-07T05:25:55.361311Z
NC000962,5,P000029,2026-09-07T05:25:55.361314Z
NC000963,5,PH000035,2026-09-07T05:25:55.361317Z
NC000964,5,P000596,2026-09-07T05:25:55.361320Z
NC000965,5,VH000170,2026-09-07T05:25:55.361323Z
NC000966,5,AC000034,2026-09-07T05:25:55.361326Z
NC000967,5,PH000322,2026-09-07T05:25:55.361329Z
NC000968,5,CS000003,2026-09-07T05:25:55.361332Z
NC000969,5,PH000027,2026-09-07T05:25:55.361335Z
NC000970,5,VH000192,2026-09-07T05:25:55.361338Z
NC000971,5,PH000028,2026-09-07T05:25:55.361341Z
NC000972,5,P000334,2026-09-07T05:25:55.361344Z
NC000973,5,P000330,2026-09-07T05:25:55.361347Z
NC000974,5,AC000278,2026-09-07T05:25:55.361352Z
NC000975,5,CS000049,2026-09-07T05:25:55.361355Z
NC000976,5,P000346,2026-09-07T05:25:55.361358Z
NC000977,5,P000610,2026-09-07T05:25:55.361361Z
NC000978,5,P000393,2026-09-07T05:25:55.361364Z
NC000979,5,LOC000005,2026-09-07T05:25:55.361367Z
NC000980,5,P000546,2026-09-07T05:25:55.361369Z
NC000981,5,CS000067,2026-09-07T05:25:55.361373Z
NC000982,5,PH000038,2026-09-07T05:25:55.361376Z
NC000983,5,P000463,2026-09-07T05:25:55.361378Z
NC000984,5,P000553,2026-09-07T05:25:55.361381Z
NC000985,5,PH000033,2026-09-07T05:25:55.361384Z
NC000986,5,VH000229,2026-09-07T05:25:55.361387Z
NC000987,5,P000342,2026-09-07T05:25:55.361390Z
NC000988,5,VH000194,2026-09-07T05:25:55.361393Z
NC000989,5,P000021,2026-09-07T05:25:55.361396Z
NC000990,5,P000030,2026-09-07T05:25:55.361399Z
NC000991,5,PH000034,2026-09-07T05:25:55.361402Z
NC000992,5,P000401,2026-09-07T05:25:55.361405Z
NC000993,5,CS000090,2026-09-07T05:25:55.361408Z
NC000994,5,AC000276,2026-09-07T05:25:55.361411Z
NC000995,6,PH000023,2026-09-07T05:25:55.361414Z
NC000996,6,P000002,2026-09-07T05:25:55.361417Z
NC000997,6,PH000013,2026-09-07T05:25:55.361420Z
NC000998,6,VH000011,2026-09-07T05:25:55.361423Z
NC000999,6,AC000013,2026-09-07T05:25:55.361426Z
NC001000,6,P000015,2026-09-07T05:25:55.361430Z
NC001001,6,P000506,2026-09-07T05:25:55.361433Z
NC001002,6,AC000001,2026-09-07T05:25:55.361436Z
NC001003,6,PH000025,2026-09-07T05:25:55.361438Z
NC001004,6,P000600,2026-09-07T05:25:55.361441Z
NC001005,6,P000458,2026-09-07T05:25:55.361444Z
NC001006,6,PH000004,2026-09-07T05:25:55.361448Z
NC001007,6,PH000002,2026-09-07T05:25:55.361451Z
NC001008,6,VH000002,2026-09-07T05:25:55.361454Z
NC001009,6,P000013,2026-09-07T05:25:55.361456Z
NC001010,6,VH000009,2026-09-07T05:25:55.361459Z
NC001011,6,PH000353,2026-09-07T05:25:55.361462Z
NC001012,6,VH000202,2026-09-07T05:25:55.361465Z
NC001013,6,PH000007,2026-09-07T05:25:55.361468Z
NC001014,6,P000005,2026-09-07T05:25:55.361471Z
NC001015,6,AC000018,2026-09-07T05:25:55.361474Z
NC001016,6,P000016,2026-09-07T05:25:55.361477Z
NC001017,6,VH000196,2026-09-07T05:25:55.361480Z
NC001018,6,LOC000029,2026-09-07T05:25:55.361483Z
NC001019,6,P000623,2026-09-07T05:25:55.361486Z
NC001020,6,P000010,2026-09-07T05:25:55.361489Z
NC001021,6,AC000320,2026-09-07T05:25:55.361492Z
NC001022,6,P000605,2026-09-07T05:25:55.361495Z
NC001023,6,PH000345,2026-09-07T05:25:55.361498Z
NC001024,6,PH000018,2026-09-07T05:25:55.361501Z
NC001025,6,P000419,2026-09-07T05:25:55.361504Z
NC001026,6,PH000009,2026-09-07T05:25:55.361507Z
NC001027,6,PH000003,2026-09-07T05:25:55.361510Z
NC001028,6,CS000086,2026-09-07T05:25:55.361513Z
NC001029,6,PH000020,2026-09-07T05:25:55.361516Z
NC001030,6,PH000015,2026-09-07T05:25:55.361519Z
NC001031,6,P000521,2026-09-07T05:25:55.361521Z
NC001032,6,PH000017,2026-09-07T05:25:55.361524Z
NC001033,6,P000007,2026-09-07T05:25:55.361527Z
NC001034,6,AC000010,2026-09-07T05:25:55.361530Z
NC001035,6,AC000020,2026-09-07T05:25:55.361533Z
NC001036,6,PH000010,2026-09-07T05:25:55.361536Z
NC001037,6,PH000390,2026-09-07T05:25:55.361539Z
NC001038,6,PH000012,2026-09-07T05:25:55.361542Z
NC001039,6,AC000358,2026-09-07T05:25:55.361545Z
NC001040,6,P000006,2026-09-07T05:25:55.361548Z
NC001041,6,P000484,2026-09-07T05:25:55.361551Z
NC001042,6,AC000360,2026-09-07T05:25:55.361554Z
NC001043,6,PH000011,2026-09-07T05:25:55.361557Z
NC001044,6,P000326,2026-09-07T05:25:55.361560Z
NC001045,6,PH000274,2026-09-07T05:25:55.361563Z
NC001046,6,P000449,2026-09-07T05:25:55.361566Z
NC001047,6,VH000004,2026-09-07T05:25:55.361569Z
NC001048,6,PH000006,2026-09-07T05:25:55.361571Z
NC001049,6,P000008,2026-09-07T05:25:55.361574Z
NC001050,6,PH000293,2026-09-07T05:25:55.361577Z
NC001051,6,VH000164,2026-09-07T05:25:55.361580Z
NC001052,6,VH000010,2026-09-07T05:25:55.361583Z
NC001053,6,VH000007,2026-09-07T05:25:55.361587Z
NC001054,6,VH000001,2026-09-07T05:25:55.361589Z
NC001055,6,LOC000012,2026-09-07T05:25:55.361592Z
NC001056,6,P000371,2026-09-07T05:25:55.361595Z
NC001057,6,PH000423,2026-09-07T05:25:55.361598Z
NC001058,6,PH000021,2026-09-07T05:25:55.361601Z
NC001059,6,PH000316,2026-09-07T05:25:55.361604Z
NC001060,6,P000279,2026-09-07T05:25:55.361607Z
NC001061,6,VH000006,2026-09-07T05:25:55.361610Z
NC001062,6,P000407,2026-09-07T05:25:55.361613Z
NC001063,6,VH000003,2026-09-07T05:25:55.361616Z
NC001064,6,P000003,2026-09-07T05:25:55.361619Z
NC001065,6,P000584,2026-09-07T05:25:55.361622Z
NC001066,6,P000012,2026-09-07T05:25:55.361625Z
NC001067,6,PH000008,2026-09-07T05:25:55.361628Z
NC001068,6,P000377,2026-09-07T05:25:55.361631Z
NC001069,6,LOC000043,2026-09-07T05:25:55.361634Z
NC001070,6,P000313,2026-09-07T05:25:55.361637Z
NC001071,6,LOC000013,2026-09-07T05:25:55.361640Z
NC001072,6,PH000373,2026-09-07T05:25:55.361643Z
NC001073,6,AC000002,2026-09-07T05:25:55.361646Z
NC001074,6,ORG000001,2026-09-07T05:25:55.361648Z
NC001075,6,LOC000033,2026-09-07T05:25:55.361652Z
NC001076,6,AC000007,2026-09-07T05:25:55.361655Z
NC001077,6,P000011,2026-09-07T05:25:55.361658Z
NC001078,6,LOC000045,2026-09-07T05:25:55.361661Z
NC001079,6,P000004,2026-09-07T05:25:55.361664Z
NC001080,6,AC000290,2026-09-07T05:25:55.361667Z
NC001081,6,PH000321,2026-09-07T05:25:55.361670Z
NC001082,6,PH000022,2026-09-07T05:25:55.361673Z
NC001083,6,CS000021,2026-09-07T05:25:55.361676Z
NC001084,6,P000440,2026-09-07T05:25:55.361679Z
NC001085,6,P000240,2026-09-07T05:25:55.361682Z
NC001086,6,AC000006,2026-09-07T05:25:55.361685Z
NC001087,6,P000290,2026-09-07T05:25:55.361688Z
NC001088,6,P000018,2026-09-07T05:25:55.361690Z
NC001089,6,PH000005,2026-09-07T05:25:55.361693Z
NC001090,6,P000614,2026-09-07T05:25:55.361697Z
NC001091,6,AC000019,2026-09-07T05:25:55.361699Z
NC001092,6,AC000012,2026-09-07T05:25:55.361702Z
NC001093,6,AC000273,2026-09-07T05:25:55.361706Z
NC001094,6,P000272,2026-09-07T05:25:55.361709Z
NC001095,6,AC000016,2026-09-07T05:25:55.361712Z
NC001096,6,PH000424,2026-09-07T05:25:55.361715Z
NC001097,6,P000014,2026-09-07T05:25:55.361718Z
NC001098,6,PH000014,2026-09-07T05:25:55.361721Z
NC001099,6,PH000019,2026-09-07T05:25:55.361723Z
NC001100,6,P000001,2026-09-07T05:25:55.361726Z
NC001101,6,P000396,2026-09-07T05:25:55.361729Z
NC001102,6,PH000024,2026-09-07T05:25:55.361733Z
NC001103,6,PH000016,2026-09-07T05:25:55.361736Z
NC001104,6,VH000008,2026-09-07T05:25:55.361739Z
NC001105,6,LOC000037,2026-09-07T05:25:55.361742Z
NC001106,6,P000513,2026-09-07T05:25:55.361745Z
NC001107,6,AC000009,2026-09-07T05:25:55.361748Z
NC001108,6,P000341,2026-09-07T05:25:55.361751Z
NC001109,6,AC000267,2026-09-07T05:25:55.361754Z
NC001110,6,VH000005,2026-09-07T05:25:55.361757Z
NC001111,6,P000606,2026-09-07T05:25:55.361760Z
NC001112,6,AC000011,2026-09-07T05:25:55.361763Z
NC001113,6,P000017,2026-09-07T05:25:55.361766Z
NC001114,6,P000009,2026-09-07T05:25:55.361769Z
NC001115,6,P000351,2026-09-07T05:25:55.361772Z
NC001116,6,PH000309,2026-09-07T05:25:55.361775Z
NC001117,6,PH000290,2026-09-07T05:25:55.361777Z
NC001118,6,CS000085,2026-09-07T05:25:55.361780Z
NC001119,7,PH000402,2026-09-07T05:25:55.361783Z
NC001120,7,AC000044,2026-09-07T05:25:55.361786Z
NC001121,7,P000424,2026-09-07T05:25:55.361789Z
NC001122,7,P000590,2026-09-07T05:25:55.361792Z
NC001123,7,P000547,2026-09-07T05:25:55.361795Z
NC001124,7,P000530,2026-09-07T05:25:55.361798Z
NC001125,7,PH000047,2026-09-07T05:25:55.361801Z
NC001126,7,AC000250,2026-09-07T05:25:55.361804Z
NC001127,7,AC000247,2026-09-07T05:25:55.361807Z
NC001128,7,VH000146,2026-09-07T05:25:55.361810Z
NC001129,7,LOC000022,2026-09-07T05:25:55.361813Z
NC001130,7,PH000397,2026-09-07T05:25:55.361816Z
NC001131,7,P000270,2026-09-07T05:25:55.361818Z
NC001132,7,PH000043,2026-09-07T05:25:55.361821Z
NC001133,7,PH000051,2026-09-07T05:25:55.361824Z
NC001134,7,P000573,2026-09-07T05:25:55.361827Z
NC001135,7,AC000335,2026-09-07T05:25:55.361830Z
NC001136,7,P000552,2026-09-07T05:25:55.361833Z
NC001137,7,PH000052,2026-09-07T05:25:55.361836Z
NC001138,7,CS000022,2026-09-07T05:25:55.361839Z
NC001139,7,P000348,2026-09-07T05:25:55.361842Z
NC001140,7,AC000051,2026-09-07T05:25:55.361845Z
NC001141,7,PH000410,2026-09-07T05:25:55.361848Z
NC001142,7,PH000411,2026-09-07T05:25:55.361851Z
NC001143,7,P000257,2026-09-07T05:25:55.361854Z
NC001144,7,CS000051,2026-09-07T05:25:55.361857Z
NC001145,7,P000309,2026-09-07T05:25:55.361860Z
NC001146,7,PH000044,2026-09-07T05:25:55.361863Z
NC001147,7,PH000288,2026-09-07T05:25:55.361866Z
NC001148,7,P000213,2026-09-07T05:25:55.361869Z
NC001149,7,P000036,2026-09-07T05:25:55.361872Z
NC001150,7,P000032,2026-09-07T05:25:55.361875Z
NC001151,7,PH000327,2026-09-07T05:25:55.361877Z
NC001152,7,VH000147,2026-09-07T05:25:55.361880Z
NC001153,7,P000034,2026-09-07T05:25:55.361883Z
NC001154,7,P000567,2026-09-07T05:25:55.361886Z
NC001155,7,PH000042,2026-09-07T05:25:55.361889Z
NC001156,7,PH000426,2026-09-07T05:25:55.361892Z
NC001157,7,ORG000003,2026-09-07T05:25:55.361895Z
NC001158,7,P000612,2026-09-07T05:25:55.361898Z
NC001159,7,P000233,2026-09-07T05:25:55.361901Z
NC001160,7,AC000049,2026-09-07T05:25:55.361904Z
NC001161,7,PH000056,2026-09-07T05:25:55.361907Z
NC001162,7,P000225,2026-09-07T05:25:55.361910Z
NC001163,7,P000350,2026-09-07T05:25:55.361913Z
NC001164,7,VH000028,2026-09-07T05:25:55.361915Z
NC001165,7,PH000298,2026-09-07T05:25:55.361918Z
NC001166,7,P000221,2026-09-07T05:25:55.361921Z
NC001167,7,VH000154,2026-09-07T05:25:55.361924Z
NC001168,7,AC000325,2026-09-07T05:25:55.361927Z
NC001169,7,P000470,2026-09-07T05:25:55.361930Z
NC001170,7,CS000050,2026-09-07T05:25:55.361933Z
NC001171,7,PH000393,2026-09-07T05:25:55.361936Z
NC001172,7,PH000408,2026-09-07T05:25:55.361939Z
NC001173,7,P000575,2026-09-07T05:25:55.361942Z
NC001174,7,P000033,2026-09-07T05:25:55.361945Z
NC001175,7,PH000046,2026-09-07T05:25:55.361948Z
NC001176,7,P000531,2026-09-07T05:25:55.361951Z
NC001177,7,AC000045,2026-09-07T05:25:55.361954Z
NC001178,7,P000255,2026-09-07T05:25:55.361957Z
NC001179,7,PH000427,2026-09-07T05:25:55.361960Z
NC001180,7,PH000388,2026-09-07T05:25:55.361963Z
NC001181,7,AC000038,2026-09-07T05:25:55.361966Z
NC001182,7,CS000044,2026-09-07T05:25:55.361969Z
NC001183,7,PH000260,2026-09-07T05:25:55.361972Z
NC001184,7,PH000053,2026-09-07T05:25:55.361975Z
NC001185,7,ORG000018,2026-09-07T05:25:55.361978Z
NC001186,7,PH000270,2026-09-07T05:25:55.361981Z
NC001187,7,PH000363,2026-09-07T05:25:55.361984Z
NC001188,7,VH000143,2026-09-07T05:25:55.361987Z
NC001189,7,VH000030,2026-09-07T05:25:55.361990Z
NC001190,7,LOC000002,2026-09-07T05:25:55.361993Z
NC001191,7,AC000050,2026-09-07T05:25:55.361996Z
NC001192,7,CS000015,2026-09-07T05:25:55.361999Z
NC001193,7,P000265,2026-09-07T05:25:55.362002Z
NC001194,7,VH000184,2026-09-07T05:25:55.362005Z
NC001195,7,PH000054,2026-09-07T05:25:55.362008Z
NC001196,7,P000040,2026-09-07T05:25:55.362011Z
NC001197,7,PH000264,2026-09-07T05:25:55.362014Z
NC001198,7,P000042,2026-09-07T05:25:55.362017Z
NC001199,7,PH000055,2026-09-07T05:25:55.362020Z
NC001200,7,AC000252,2026-09-07T05:25:55.362023Z
NC001201,7,PH000050,2026-09-07T05:25:55.362026Z
NC001202,7,VH000227,2026-09-07T05:25:55.362029Z
NC001203,7,VH000029,2026-09-07T05:25:55.362032Z
NC001204,7,VH000022,2026-09-07T05:25:55.362035Z
NC001205,7,AC000350,2026-09-07T05:25:55.362038Z
NC001206,7,VH000023,2026-09-07T05:25:55.362041Z
NC001207,7,P000526,2026-09-07T05:25:55.362044Z
NC001208,7,PH000395,2026-09-07T05:25:55.362047Z
NC001209,7,P000038,2026-09-07T05:25:55.362050Z
NC001210,7,P000289,2026-09-07T05:25:55.362052Z
NC001211,7,PH000266,2026-09-07T05:25:55.362055Z
NC001212,7,P000454,2026-09-07T05:25:55.362058Z
NC001213,7,PH000049,2026-09-07T05:25:55.362061Z
NC001214,7,AC000362,2026-09-07T05:25:55.362064Z
NC001215,7,P000041,2026-09-07T05:25:55.362067Z
NC001216,7,PH000307,2026-09-07T05:25:55.362070Z
NC001217,7,VH000025,2026-09-07T05:25:55.362073Z
NC001218,7,P000308,2026-09-07T05:25:55.362076Z
NC001219,7,P000497,2026-09-07T05:25:55.362079Z
NC001220,7,VH000026,2026-09-07T05:25:55.362082Z
NC001221,7,PH000282,2026-09-07T05:25:55.362085Z
NC001222,7,PH000045,2026-09-07T05:25:55.362088Z
NC001223,7,P000312,2026-09-07T05:25:55.362091Z
NC001224,7,P000229,2026-09-07T05:25:55.362094Z
NC001225,7,PH000285,2026-09-07T05:25:55.362097Z
NC001226,7,P000587,2026-09-07T05:25:55.362099Z
NC001227,7,P000624,2026-09-07T05:25:55.362102Z
NC001228,7,PH000048,2026-09-07T05:25:55.362105Z
NC001229,7,AC000039,2026-09-07T05:25:55.362108Z
NC001230,7,AC000254,2026-09-07T05:25:55.362111Z
NC001231,7,P000035,2026-09-07T05:25:55.362114Z
NC001232,7,PH000259,2026-09-07T05:25:55.362117Z
NC001233,7,P000037,2026-09-07T05:25:55.362120Z
NC001234,7,P000232,2026-09-07T05:25:55.362123Z
NC001235,7,P000043,2026-09-07T05:25:55.362126Z
NC001236,7,P000039,2026-09-07T05:25:55.362129Z
NC001237,7,LOC000008,2026-09-07T05:25:55.362132Z
NC001238,7,VH000024,2026-09-07T05:25:55.362135Z
NC001239,7,VH000027,2026-09-07T05:25:55.362138Z
NC001240,7,P000620,2026-09-07T05:25:55.362141Z
NC001241,7,AC000272,2026-09-07T05:25:55.362144Z
NC001242,7,P000215,2026-09-07T05:25:55.362147Z
NC001243,8,VH000141,2026-09-07T05:25:55.362150Z
NC001244,8,P000133,2026-09-07T05:25:55.362153Z
NC001245,8,CS000088,2026-09-07T05:25:55.362156Z
NC001246,8,PH000160,2026-09-07T05:25:55.362161Z
NC001247,8,AC000163,2026-09-07T05:25:55.362164Z
NC001248,8,P000360,2026-09-07T05:25:55.362167Z
NC001249,8,P000122,2026-09-07T05:25:55.362170Z
NC001250,8,PH000167,2026-09-07T05:25:55.362173Z
NC001251,8,VH000169,2026-09-07T05:25:55.362176Z
NC001252,8,P000276,2026-09-07T05:25:55.362178Z
NC001253,8,AC000269,2026-09-07T05:25:55.362181Z
NC001254,8,LOC000034,2026-09-07T05:25:55.362184Z
NC001255,8,PH000154,2026-09-07T05:25:55.362187Z
NC001256,8,P000481,2026-09-07T05:25:55.362190Z
NC001257,8,AC000307,2026-09-07T05:25:55.362193Z
NC001258,8,P000299,2026-09-07T05:25:55.362196Z
NC001259,8,P000327,2026-09-07T05:25:55.362199Z
NC001260,8,P000212,2026-09-07T05:25:55.362202Z
NC001261,8,P000234,2026-09-07T05:25:55.362205Z
NC001262,8,P000406,2026-09-07T05:25:55.362208Z
NC001263,8,P000557,2026-09-07T05:25:55.362211Z
NC001264,8,CS000017,2026-09-07T05:25:55.362214Z
NC001265,8,P000293,2026-09-07T05:25:55.362217Z
NC001266,8,AC000165,2026-09-07T05:25:55.362220Z
NC001267,8,VH000085,2026-09-07T05:25:55.362222Z
NC001268,8,P000123,2026-09-07T05:25:55.362225Z
NC001269,8,PH000173,2026-09-07T05:25:55.362228Z
NC001270,8,AC000155,2026-09-07T05:25:55.362231Z
NC001271,8,VH000087,2026-09-07T05:25:55.362234Z
NC001272,8,VH000088,2026-09-07T05:25:55.362237Z
NC001273,8,P000211,2026-09-07T05:25:55.362240Z
NC001274,8,P000124,2026-09-07T05:25:55.362243Z
NC001275,8,P000251,2026-09-07T05:25:55.362246Z
NC001276,8,AC000262,2026-09-07T05:25:55.362249Z
NC001277,8,VH000212,2026-09-07T05:25:55.362251Z
NC001278,8,PH000301,2026-09-07T05:25:55.362254Z
NC001279,8,PH000376,2026-09-07T05:25:55.362257Z
NC001280,8,CS000008,2026-09-07T05:25:55.362260Z
NC001281,8,PH000174,2026-09-07T05:25:55.362263Z
NC001282,8,LOC000049,2026-09-07T05:25:55.362266Z
NC001283,8,VH000089,2026-09-07T05:25:55.362269Z
NC001284,8,PH000172,2026-09-07T05:25:55.362272Z
NC001285,8,PH000169,2026-09-07T05:25:55.362275Z
NC001286,8,PH000162,2026-09-07T05:25:55.362278Z
NC001287,8,P000426,2026-09-07T05:25:55.362281Z
NC001288,8,P000561,2026-09-07T05:25:55.362284Z
NC001289,8,P000456,2026-09-07T05:25:55.362287Z
NC001290,8,P000134,2026-09-07T05:25:55.362290Z
NC001291,8,VH000086,2026-09-07T05:25:55.362293Z
NC001292,8,P000275,2026-09-07T05:25:55.362296Z
NC001293,8,AC000161,2026-09-07T05:25:55.362299Z
NC001294,8,AC000270,2026-09-07T05:25:55.362302Z
NC001295,8,P000432,2026-09-07T05:25:55.362304Z
NC001296,8,VH000091,2026-09-07T05:25:55.362308Z
NC001297,8,P000137,2026-09-07T05:25:55.362310Z
NC001298,8,CS000002,2026-09-07T05:25:55.362313Z
NC001299,8,PH000263,2026-09-07T05:25:55.362316Z
NC001300,8,PH000158,2026-09-07T05:25:55.362319Z
NC001301,8,VH000083,2026-09-07T05:25:55.362322Z
NC001302,8,P000220,2026-09-07T05:25:55.362325Z
NC001303,8,P000129,2026-09-07T05:25:55.362328Z
NC001304,8,PH000367,2026-09-07T05:25:55.362331Z
NC001305,8,PH000163,2026-09-07T05:25:55.362334Z
NC001306,8,PH000171,2026-09-07T05:25:55.362337Z
NC001307,8,VH000084,2026-09-07T05:25:55.362340Z
NC001308,8,PH000364,2026-09-07T05:25:55.362343Z
NC001309,8,P000121,2026-09-07T05:25:55.362346Z
NC001310,8,PH000352,2026-09-07T05:25:55.362349Z
NC001311,8,AC000157,2026-09-07T05:25:55.362352Z
NC001312,8,AC000160,2026-09-07T05:25:55.362355Z
NC001313,8,P000127,2026-09-07T05:25:55.362358Z
NC001314,8,CS000068,2026-09-07T05:25:55.362361Z
NC001315,8,P000589,2026-09-07T05:25:55.362364Z
NC001316,8,ORG000008,2026-09-07T05:25:55.362367Z
NC001317,8,P000448,2026-09-07T05:25:55.362370Z
NC001318,8,P000125,2026-09-07T05:25:55.362373Z
NC001319,8,PH000170,2026-09-07T05:25:55.362376Z
NC001320,8,P000444,2026-09-07T05:25:55.362378Z
NC001321,8,PH000166,2026-09-07T05:25:55.362381Z
NC001322,8,PH000159,2026-09-07T05:25:55.362384Z
NC001323,8,PH000164,2026-09-07T05:25:55.362387Z
NC001324,8,P000318,2026-09-07T05:25:55.362390Z
NC001325,8,VH000090,2026-09-07T05:25:55.362393Z
NC001326,8,PH000389,2026-09-07T05:25:55.362396Z
NC001327,8,P000128,2026-09-07T05:25:55.362399Z
NC001328,8,LOC000011,2026-09-07T05:25:55.362402Z
NC001329,8,P000502,2026-09-07T05:25:55.362404Z
NC001330,8,PH000168,2026-09-07T05:25:55.362407Z
NC001331,8,LOC000017,2026-09-07T05:25:55.362410Z
NC001332,8,PH000157,2026-09-07T05:25:55.362413Z
NC001333,8,AC000154,2026-09-07T05:25:55.362416Z
NC001334,8,VH000082,2026-09-07T05:25:55.362419Z
NC001335,8,P000126,2026-09-07T05:25:55.362422Z
NC001336,8,P000563,2026-09-07T05:25:55.362425Z
NC001337,8,AC000162,2026-09-07T05:25:55.362428Z
NC001338,8,AC000348,2026-09-07T05:25:55.362431Z
NC001339,8,PH000153,2026-09-07T05:25:55.362434Z
NC001340,8,P000120,2026-09-07T05:25:55.362437Z
NC001341,8,PH000161,2026-09-07T05:25:55.362440Z
NC001342,8,VH000166,2026-09-07T05:25:55.362443Z
NC001343,8,P000560,2026-09-07T05:25:55.362446Z
NC001344,8,CS000058,2026-09-07T05:25:55.362449Z
NC001345,8,P000132,2026-09-07T05:25:55.362452Z
NC001346,8,PH000292,2026-09-07T05:25:55.362455Z
NC001347,8,PH000175,2026-09-07T05:25:55.362457Z
NC001348,8,AC000354,2026-09-07T05:25:55.362460Z
NC001349,8,P000520,2026-09-07T05:25:55.362463Z
NC001350,8,PH000258,2026-09-07T05:25:55.362466Z
NC001351,8,CS000007,2026-09-07T05:25:55.362469Z
NC001352,8,AC000246,2026-09-07T05:25:55.362472Z
NC001353,8,P000135,2026-09-07T05:25:55.362475Z
NC001354,8,P000453,2026-09-07T05:25:55.362478Z
NC001355,8,P000131,2026-09-07T05:25:55.362481Z
NC001356,8,P000503,2026-09-07T05:25:55.362484Z
NC001357,8,PH000156,2026-09-07T05:25:55.362487Z
NC001358,8,AC000153,2026-09-07T05:25:55.362490Z
NC001359,8,PH000165,2026-09-07T05:25:55.362492Z
NC001360,8,CS000035,2026-09-07T05:25:55.362495Z
NC001361,8,AC000143,2026-09-07T05:25:55.362499Z
NC001362,8,P000130,2026-09-07T05:25:55.362501Z
NC001363,8,P000136,2026-09-07T05:25:55.362504Z
NC001364,8,PH000155,2026-09-07T05:25:55.362507Z
NC001365,8,LOC000023,2026-09-07T05:25:55.362510Z
NC001366,9,P000198,2026-09-07T05:25:55.362529Z
NC001367,9,LOC000060,2026-09-07T05:25:55.362532Z
NC001368,9,PH000302,2026-09-07T05:25:55.362535Z
NC001369,9,P000204,2026-09-07T05:25:55.362538Z
NC001370,9,CS000038,2026-09-07T05:25:55.362541Z
NC001371,9,P000283,2026-09-07T05:25:55.362544Z
NC001372,9,P000592,2026-09-07T05:25:55.362547Z
NC001373,9,VH000136,2026-09-07T05:25:55.362550Z
NC001374,9,CS000023,2026-09-07T05:25:55.362553Z
NC001375,9,PH000337,2026-09-07T05:25:55.362556Z
NC001376,9,AC000242,2026-09-07T05:25:55.362559Z
NC001377,9,CS000001,2026-09-07T05:25:55.362562Z
NC001378,9,P000493,2026-09-07T05:25:55.362565Z
NC001379,9,P000197,2026-09-07T05:25:55.362568Z
NC001380,9,P000343,2026-09-07T05:25:55.362571Z
NC001381,9,P000457,2026-09-07T05:25:55.362574Z
NC001382,9,VH000171,2026-09-07T05:25:55.362577Z
NC001383,9,PH000317,2026-09-07T05:25:55.362586Z
NC001384,9,P000236,2026-09-07T05:25:55.362590Z
NC001385,9,PH000249,2026-09-07T05:25:55.362593Z
NC001386,9,AC000263,2026-09-07T05:25:55.362596Z
NC001387,9,CS000059,2026-09-07T05:25:55.362599Z
NC001388,9,PH000248,2026-09-07T05:25:55.362602Z
NC001389,9,PH000369,2026-09-07T05:25:55.362605Z
NC001390,9,P000464,2026-09-07T05:25:55.362608Z
NC001391,9,VH000228,2026-09-07T05:25:55.362611Z
NC001392,9,VH000137,2026-09-07T05:25:55.362614Z
NC001393,9,PH000271,2026-09-07T05:25:55.362617Z
NC001394,9,AC000240,2026-09-07T05:25:55.362620Z
NC001395,9,P000460,2026-09-07T05:25:55.362623Z
NC001396,9,AC000311,2026-09-07T05:25:55.362626Z
NC001397,9,CS000019,2026-09-07T05:25:55.362629Z
NC001398,9,AC000281,2026-09-07T05:25:55.362632Z
NC001399,9,PH000244,2026-09-07T05:25:55.362635Z
NC001400,9,P000200,2026-09-07T05:25:55.362638Z
NC001401,9,VH000133,2026-09-07T05:25:55.362641Z
NC001402,9,AC000241,2026-09-07T05:25:55.362644Z
NC001403,9,PH000385,2026-09-07T05:25:55.362647Z
NC001404,9,ORG000012,2026-09-07T05:25:55.362650Z
NC001405,9,AC000347,2026-09-07T05:25:55.362652Z
NC001406,9,PH000362,2026-09-07T05:25:55.362865Z
NC001407,9,P000373,2026-09-07T05:25:55.362870Z
NC001408,9,P000347,2026-09-07T05:25:55.362873Z
NC001409,9,P000337,2026-09-07T05:25:55.362876Z
NC001410,9,P000434,2026-09-07T05:25:55.362879Z
NC001411,9,CS000084,2026-09-07T05:25:55.362882Z
NC001412,9,P000277,2026-09-07T05:25:55.362885Z
NC001413,9,P000368,2026-09-07T05:25:55.362888Z
NC001414,9,VH000231,2026-09-07T05:25:55.362892Z
NC001415,9,PH000245,2026-09-07T05:25:55.362895Z
NC001416,9,PH000433,2026-09-07T05:25:55.362898Z
NC001417,9,P000306,2026-09-07T05:25:55.362901Z
NC001418,9,P000405,2026-09-07T05:25:55.362904Z
NC001419,9,AC000238,2026-09-07T05:25:55.362907Z
NC001420,9,VH000132,2026-09-07T05:25:55.362910Z
NC001421,9,LOC000007,2026-09-07T05:25:55.362913Z
NC001422,9,P000301,2026-09-07T05:25:55.362916Z
NC001423,9,P000441,2026-09-07T05:25:55.362919Z
NC001424,9,PH000251,2026-09-07T05:25:55.362922Z
NC001425,9,ORG000015,2026-09-07T05:25:55.362925Z
NC001426,9,P000445,2026-09-07T05:25:55.362928Z
NC001427,9,PH000323,2026-09-07T05:25:55.362931Z
NC001428,9,P000369,2026-09-07T05:25:55.362934Z
NC001429,9,LOC000031,2026-09-07T05:25:55.362937Z
NC001430,9,PH000405,2026-09-07T05:25:55.362940Z
NC001431,9,AC000234,2026-09-07T05:25:55.362943Z
NC001432,9,P000202,2026-09-07T05:25:55.362946Z
NC001433,9,P000362,2026-09-07T05:25:55.362949Z
NC001434,9,VH000207,2026-09-07T05:25:55.362952Z
NC001435,9,P000577,2026-09-07T05:25:55.362954Z
NC001436,9,P000459,2026-09-07T05:25:55.362958Z
NC001437,9,P000616,2026-09-07T05:25:55.362960Z
NC001438,9,P000465,2026-09-07T05:25:55.362964Z
NC001439,9,P000201,2026-09-07T05:25:55.362967Z
NC001440,9,VH000223,2026-09-07T05:25:55.362970Z
NC001441,9,AC000233,2026-09-07T05:25:55.362972Z
NC001442,9,P000565,2026-09-07T05:25:55.362975Z
NC001443,9,VH000157,2026-09-07T05:25:55.362978Z
NC001444,9,AC000289,2026-09-07T05:25:55.362981Z
NC001445,9,CS000052,2026-09-07T05:25:55.362984Z
NC001446,9,P000333,2026-09-07T05:25:55.362987Z
NC001447,9,AC000243,2026-09-07T05:25:55.362990Z
NC001448,9,AC000271,2026-09-07T05:25:55.362993Z
NC001449,9,PH000247,2026-09-07T05:25:55.362996Z
NC001450,9,P000203,2026-09-07T05:25:55.362999Z
NC001451,9,P000501,2026-09-07T05:25:55.363002Z
NC001452,9,CS000066,2026-09-07T05:25:55.363005Z
NC001453,9,AC000345,2026-09-07T05:25:55.363008Z
NC001454,9,PH000252,2026-09-07T05:25:55.363011Z
NC001455,9,P000421,2026-09-07T05:25:55.363014Z
NC001456,9,PH000250,2026-09-07T05:25:55.363017Z
NC001457,9,PH000246,2026-09-07T05:25:55.363020Z
NC001458,9,VH000205,2026-09-07T05:25:55.363022Z
NC001459,9,AC000255,2026-09-07T05:25:55.363025Z
NC001460,9,VH000221,2026-09-07T05:25:55.363028Z
NC001461,9,VH000180,2026-09-07T05:25:55.363031Z
NC001462,9,P000263,2026-09-07T05:25:55.363034Z
NC001463,9,P000588,2026-09-07T05:25:55.363037Z
NC001464,9,P000559,2026-09-07T05:25:55.363040Z
NC001465,9,P000480,2026-09-07T05:25:55.363043Z
NC001466,9,VH000138,2026-09-07T05:25:55.363046Z
NC001467,9,P000375,2026-09-07T05:25:55.363049Z
NC001468,9,PH000335,2026-09-07T05:25:55.363052Z
NC001469,9,AC000235,2026-09-07T05:25:55.363055Z
NC001470,9,LOC000019,2026-09-07T05:25:55.363058Z
NC001471,9,AC000284,2026-09-07T05:25:55.363061Z
NC001472,9,P000528,2026-09-07T05:25:55.363064Z
NC001473,9,P000199,2026-09-07T05:25:55.363067Z
NC001474,9,VH000134,2026-09-07T05:25:55.363070Z
NC001475,9,PH000339,2026-09-07T05:25:55.363073Z
NC001476,9,VH000135,2026-09-07T05:25:55.363076Z
NC001477,9,P000595,2026-09-07T05:25:55.363079Z
NC001478,9,VH000187,2026-09-07T05:25:55.363082Z
NC001479,9,AC000356,2026-09-07T05:25:55.363085Z
NC001480,9,P000258,2026-09-07T05:25:55.363087Z
NC001481,9,P000555,2026-09-07T05:25:55.363090Z
NC001482,9,P000516,2026-09-07T05:25:55.363093Z
NC001483,9,VH000214,2026-09-07T05:25:55.363096Z
NC001484,9,VH000186,2026-09-07T05:25:55.363099Z
NC001485,10,P000510,2026-09-07T05:25:55.363103Z
NC001486,10,AC000341,2026-09-07T05:25:55.363106Z
NC001487,10,PH000365,2026-09-07T05:25:55.363109Z
NC001488,10,VH000081,2026-09-07T05:25:55.363112Z
NC001489,10,P000478,2026-09-07T05:25:55.363115Z
NC001490,10,P000430,2026-09-07T05:25:55.363117Z
NC001491,10,AC000135,2026-09-07T05:25:55.363120Z
NC001492,10,PH000383,2026-09-07T05:25:55.363123Z
NC001493,10,P000439,2026-09-07T05:25:55.363126Z
NC001494,10,P000518,2026-09-07T05:25:55.363129Z
NC001495,10,PH000416,2026-09-07T05:25:55.363132Z
NC001496,10,AC000138,2026-09-07T05:25:55.363135Z
NC001497,10,PH000396,2026-09-07T05:25:55.363138Z
NC001498,10,P000111,2026-09-07T05:25:55.363141Z
NC001499,10,P000356,2026-09-07T05:25:55.363144Z
NC001500,10,LOC000059,2026-09-07T05:25:55.363147Z
NC001501,10,PH000275,2026-09-07T05:25:55.363150Z
NC001502,10,VH000224,2026-09-07T05:25:55.363153Z
NC001503,10,AC000130,2026-09-07T05:25:55.363156Z
NC001504,10,PH000291,2026-09-07T05:25:55.363159Z
NC001505,10,P000115,2026-09-07T05:25:55.363162Z
NC001506,10,PH000146,2026-09-07T05:25:55.363165Z
NC001507,10,LOC000026,2026-09-07T05:25:55.363168Z
NC001508,10,P000365,2026-09-07T05:25:55.363171Z
NC001509,10,P000366,2026-09-07T05:25:55.363174Z
NC001510,10,PH000140,2026-09-07T05:25:55.363176Z
NC001511,10,VH000074,2026-09-07T05:25:55.363179Z
NC001512,10,PH000148,2026-09-07T05:25:55.363182Z
NC001513,10,PH000269,2026-09-07T05:25:55.363185Z
NC001514,10,P000400,2026-09-07T05:25:55.363188Z
NC001515,10,ORG000007,2026-09-07T05:25:55.363191Z
NC001516,10,PH000287,2026-09-07T05:25:55.363194Z
NC001517,10,VH000210,2026-09-07T05:25:55.363197Z
NC001518,10,AC000129,2026-09-07T05:25:55.363200Z
NC001519,10,P000570,2026-09-07T05:25:55.363203Z
NC001520,10,P000499,2026-09-07T05:25:55.363205Z
NC001521,10,P000598,2026-09-07T05:25:55.363208Z
NC001522,10,PH000372,2026-09-07T05:25:55.363211Z
NC001523,10,P000452,2026-09-07T05:25:55.363214Z
NC001524,10,P000536,2026-09-07T05:25:55.363217Z
NC001525,10,CS000013,2026-09-07T05:25:55.363220Z
NC001526,10,VH000076,2026-09-07T05:25:55.363223Z
NC001527,10,P000116,2026-09-07T05:25:55.363226Z
NC001528,10,P000296,2026-09-07T05:25:55.363229Z
NC001529,10,P000508,2026-09-07T05:25:55.363232Z
NC001530,10,PH000143,2026-09-07T05:25:55.363235Z
NC001531,10,PH000268,2026-09-07T05:25:55.363238Z
NC001532,10,P000544,2026-09-07T05:25:55.363241Z
NC001533,10,LOC000058,2026-09-07T05:25:55.363244Z
NC001534,10,AC000299,2026-09-07T05:25:55.363247Z
NC001535,10,P000241,2026-09-07T05:25:55.363250Z
NC001536,10,P000113,2026-09-07T05:25:55.363253Z
NC001537,10,PH000141,2026-09-07T05:25:55.363256Z
NC001538,10,P000231,2026-09-07T05:25:55.363259Z
NC001539,10,P000303,2026-09-07T05:25:55.363261Z
NC001540,10,P000607,2026-09-07T05:25:55.363264Z
NC001541,10,PH000329,2026-09-07T05:25:55.363267Z
NC001542,10,P000114,2026-09-07T05:25:55.363270Z
NC001543,10,P000109,2026-09-07T05:25:55.363274Z
NC001544,10,P000613,2026-09-07T05:25:55.363277Z
NC001545,10,LOC000047,2026-09-07T05:25:55.363279Z
NC001546,10,VH000077,2026-09-07T05:25:55.363282Z
NC001547,10,AC000313,2026-09-07T05:25:55.363285Z
NC001548,10,LOC000057,2026-09-07T05:25:55.363288Z
NC001549,10,P000118,2026-09-07T05:25:55.363291Z
NC001550,10,PH000418,2026-09-07T05:25:55.363294Z
NC001551,10,P000119,2026-09-07T05:25:55.363297Z
NC001552,10,P000295,2026-09-07T05:25:55.363300Z
NC001553,10,VH000080,2026-09-07T05:25:55.363303Z
NC001554,10,PH000212,2026-09-07T05:25:55.363306Z
NC001555,10,AC000137,2026-09-07T05:25:55.363309Z
NC001556,10,PH000151,2026-09-07T05:25:55.363312Z
NC001557,10,PH000257,2026-09-07T05:25:55.363315Z
NC001558,10,P000305,2026-09-07T05:25:55.363318Z
NC001559,10,VH000201,2026-09-07T05:25:55.363321Z
NC001560,10,P000267,2026-09-07T05:25:55.363323Z
NC001561,10,P000409,2026-09-07T05:25:55.363326Z
NC001562,10,VH000078,2026-09-07T05:25:55.363329Z
NC001563,10,AC000142,2026-09-07T05:25:55.363332Z
NC001564,10,PH000347,2026-09-07T05:25:55.363335Z
NC001565,10,ORG000021,2026-09-07T05:25:55.363338Z
NC001566,10,LOC000010,2026-09-07T05:25:55.363341Z
NC001567,10,P000110,2026-09-07T05:25:55.363344Z
NC001568,10,PH000150,2026-09-07T05:25:55.363347Z
NC001569,10,PH000149,2026-09-07T05:25:55.363350Z
NC001570,10,PH000431,2026-09-07T05:25:55.363353Z
NC001571,10,P000117,2026-09-07T05:25:55.363356Z
NC001572,10,VH000075,2026-09-07T05:25:55.363359Z
NC001573,10,P000210,2026-09-07T05:25:55.363362Z
NC001574,10,AC000266,2026-09-07T05:25:55.363365Z
NC001575,10,P000427,2026-09-07T05:25:55.363368Z
NC001576,10,P000273,2026-09-07T05:25:55.363371Z
NC001577,10,PH000145,2026-09-07T05:25:55.363374Z
NC001578,10,AC000136,2026-09-07T05:25:55.363376Z
NC001579,10,AC000287,2026-09-07T05:25:55.363379Z
NC001580,10,P000340,2026-09-07T05:25:55.363382Z
NC001581,10,PH000144,2026-09-07T05:25:55.363385Z
NC001582,10,P000298,2026-09-07T05:25:55.363388Z
NC001583,10,VH000079,2026-09-07T05:25:55.363391Z
NC001584,10,AC000140,2026-09-07T05:25:55.363394Z
NC001585,10,CS000009,2026-09-07T05:25:55.363397Z
NC001586,10,VH000199,2026-09-07T05:25:55.363402Z
NC001587,10,P000288,2026-09-07T05:25:55.363405Z
NC001588,10,P000112,2026-09-07T05:25:55.363408Z
NC001589,10,LOC000055,2026-09-07T05:25:55.363411Z
NC001590,10,PH000147,2026-09-07T05:25:55.363414Z
NC001591,10,P000391,2026-09-07T05:25:55.363417Z
NC001592,10,CS000036,2026-09-07T05:25:55.363420Z
NC001593,10,P000227,2026-09-07T05:25:55.363423Z
NC001594,10,CS000080,2026-09-07T05:25:55.363426Z
NC001595,10,PH000142,2026-09-07T05:25:55.363429Z
NC001596,10,PH000305,2026-09-07T05:25:55.363432Z
NC001597,10,AC000286,2026-09-07T05:25:55.363435Z
NC001598,10,P000450,2026-09-07T05:25:55.363437Z
NC001599,10,PH000300,2026-09-07T05:25:55.363440Z
NC001600,10,PH000407,2026-09-07T05:25:55.363443Z
NC001601,10,CS000006,2026-09-07T05:25:55.363446Z
NC001602,10,P000323,2026-09-07T05:25:55.363449Z
NC001603,11,LOC000041,2026-09-07T05:25:55.363453Z
NC001604,11,P000280,2026-09-07T05:25:55.363456Z
NC001605,11,CS000089,2026-09-07T05:25:55.363458Z
NC001606,11,P000511,2026-09-07T05:25:55.363462Z
NC001607,11,P000143,2026-09-07T05:25:55.363464Z
NC001608,11,P000372,2026-09-07T05:25:55.363467Z
NC001609,11,LOC000061,2026-09-07T05:25:55.363470Z
NC001610,11,PH000176,2026-09-07T05:25:55.363473Z
NC001611,11,P000141,2026-09-07T05:25:55.363476Z
NC001612,11,VH000103,2026-09-07T05:25:55.363479Z
NC001613,11,VH000159,2026-09-07T05:25:55.363482Z
NC001614,11,P000599,2026-09-07T05:25:55.363485Z
NC001615,11,VH000100,2026-09-07T05:25:55.363488Z
NC001616,11,CS000027,2026-09-07T05:25:55.363491Z
NC001617,11,P000147,2026-09-07T05:25:55.363494Z
NC001618,11,P000144,2026-09-07T05:25:55.363497Z
NC001619,11,VH000099,2026-09-07T05:25:55.363500Z
NC001620,11,ORG000009,2026-09-07T05:25:55.363503Z
NC001621,11,VH000225,2026-09-07T05:25:55.363506Z
NC001622,11,AC000172,2026-09-07T05:25:55.363509Z
NC001623,11,CS000053,2026-09-07T05:25:55.363512Z
NC001624,11,AC000170,2026-09-07T05:25:55.363515Z
NC001625,11,P000151,2026-09-07T05:25:55.363518Z
NC001626,11,P000148,2026-09-07T05:25:55.363521Z
NC001627,11,PH000378,2026-09-07T05:25:55.363524Z
NC001628,11,PH000189,2026-09-07T05:25:55.363527Z
NC001629,11,ORG000017,2026-09-07T05:25:55.363530Z
NC001630,11,PH000432,2026-09-07T05:25:55.363533Z
NC001631,11,CS000025,2026-09-07T05:25:55.363535Z
NC001632,11,P000294,2026-09-07T05:25:55.363538Z
NC001633,11,VH000097,2026-09-07T05:25:55.363541Z
NC001634,11,AC000376,2026-09-07T05:25:55.363544Z
NC001635,11,VH000167,2026-09-07T05:25:55.363547Z
NC001636,11,P000591,2026-09-07T05:25:55.363550Z
NC001637,11,PH000191,2026-09-07T05:25:55.363553Z
NC001638,11,AC000291,2026-09-07T05:25:55.363556Z
NC001639,11,PH000182,2026-09-07T05:25:55.363559Z
NC001640,11,P000579,2026-09-07T05:25:55.363562Z
NC001641,11,VH000101,2026-09-07T05:25:55.363565Z
NC001642,11,P000142,2026-09-07T05:25:55.363568Z
NC001643,11,VH000232,2026-09-07T05:25:55.363571Z
NC001644,11,P000494,2026-09-07T05:25:55.363573Z
NC001645,11,CS000014,2026-09-07T05:25:55.363576Z
NC001646,11,AC000251,2026-09-07T05:25:55.363579Z
NC001647,11,VH000102,2026-09-07T05:25:55.363582Z
NC001648,11,AC000174,2026-09-07T05:25:55.363585Z
NC001649,11,P000152,2026-09-07T05:25:55.363588Z
NC001650,11,PH000187,2026-09-07T05:25:55.363591Z
NC001651,11,P000431,2026-09-07T05:25:55.363594Z
NC001652,11,VH000098,2026-09-07T05:25:55.363597Z
NC001653,11,PH000177,2026-09-07T05:25:55.363600Z
NC001654,11,CS000074,2026-09-07T05:25:55.363603Z
NC001655,11,P000150,2026-09-07T05:25:55.363606Z
NC001656,11,PH000180,2026-09-07T05:25:55.363609Z
NC001657,11,P000153,2026-09-07T05:25:55.363613Z
NC001658,11,P000376,2026-09-07T05:25:55.363616Z
NC001659,11,LOC000021,2026-09-07T05:25:55.363618Z
NC001660,11,AC000355,2026-09-07T05:25:55.363621Z
NC001661,11,P000436,2026-09-07T05:25:55.363625Z
NC001662,11,P000223,2026-09-07T05:25:55.363627Z
NC001663,11,PH000294,2026-09-07T05:25:55.363630Z
NC001664,11,PH000357,2026-09-07T05:25:55.363633Z
NC001665,11,VH000092,2026-09-07T05:25:55.363636Z
NC001666,11,PH000184,2026-09-07T05:25:55.363639Z
NC001667,11,PH000356,2026-09-07T05:25:55.363642Z
NC001668,11,AC000176,2026-09-07T05:25:55.363645Z
NC001669,11,P000146,2026-09-07T05:25:55.363648Z
NC001670,11,AC000173,2026-09-07T05:25:55.363651Z
NC001671,11,AC000166,2026-09-07T05:25:55.363654Z
NC001672,11,VH000093,2026-09-07T05:25:55.363657Z
NC001673,11,P000609,2026-09-07T05:25:55.363660Z
NC001674,11,PH000190,2026-09-07T05:25:55.363663Z
NC001675,11,AC000171,2026-09-07T05:25:55.363666Z
NC001676,11,P000145,2026-09-07T05:25:55.363669Z
NC001677,11,VH000104,2026-09-07T05:25:55.363672Z
NC001678,11,PH000185,2026-09-07T05:25:55.363675Z
NC001679,11,PH000193,2026-09-07T05:25:55.363677Z
NC001680,11,PH000417,2026-09-07T05:25:55.363680Z
NC001681,11,P000411,2026-09-07T05:25:55.363683Z
NC001682,11,PH000414,2026-09-07T05:25:55.363686Z
NC001683,11,P000571,2026-09-07T05:25:55.363689Z
NC001684,11,P000500,2026-09-07T05:25:55.363692Z
NC001685,11,VH000096,2026-09-07T05:25:55.363695Z
NC001686,11,P000586,2026-09-07T05:25:55.363698Z
NC001687,11,P000320,2026-09-07T05:25:55.363701Z
NC001688,11,P000140,2026-09-07T05:25:55.363704Z
NC001689,11,AC000308,2026-09-07T05:25:55.363707Z
NC001690,11,AC000183,2026-09-07T05:25:55.363710Z
NC001691,11,CS000033,2026-09-07T05:25:55.363713Z
NC001692,11,P000139,2026-09-07T05:25:55.363716Z
NC001693,11,PH000183,2026-09-07T05:25:55.363719Z
NC001694,11,PH000299,2026-09-07T05:25:55.363721Z
NC001695,11,P000495,2026-09-07T05:25:55.363724Z
NC001696,11,P000602,2026-09-07T05:25:55.363727Z
NC001697,11,PH000188,2026-09-07T05:25:55.363730Z
NC001698,11,PH000186,2026-09-07T05:25:55.363733Z
NC001699,11,PH000179,2026-09-07T05:25:55.363736Z
NC001700,11,PH000181,2026-09-07T05:25:55.363739Z
NC001701,11,PH000192,2026-09-07T05:25:55.363742Z
NC001702,11,VH000094,2026-09-07T05:25:55.363745Z
NC001703,11,P000412,2026-09-07T05:25:55.363748Z
NC001704,11,P000138,2026-09-07T05:25:55.363751Z
NC001705,11,PH000178,2026-09-07T05:25:55.363754Z
NC001706,11,P000149,2026-09-07T05:25:55.363756Z
NC001707,11,P000485,2026-09-07T05:25:55.363759Z
NC001708,11,AC000264,2026-09-07T05:25:55.363762Z
NC001709,11,P000467,2026-09-07T05:25:55.363765Z
NC001710,11,CS000072,2026-09-07T05:25:55.363768Z
NC001711,11,AC000184,2026-09-07T05:25:55.363771Z
NC001712,11,VH000095,2026-09-07T05:25:55.363774Z
NC001713,12,P000310,2026-09-07T05:25:55.363777Z
NC001714,12,P000157,2026-09-07T05:25:55.363780Z
NC001715,12,P000163,2026-09-07T05:25:55.363783Z
NC001716,12,VH000113,2026-09-07T05:25:55.363786Z
NC001717,12,PH000201,2026-09-07T05:25:55.363789Z
NC001718,12,P000162,2026-09-07T05:25:55.363792Z
NC001719,12,VH000191,2026-09-07T05:25:55.363795Z
NC001720,12,CS000048,2026-09-07T05:25:55.363798Z
NC001721,12,PH000200,2026-09-07T05:25:55.363801Z
NC001722,12,P000402,2026-09-07T05:25:55.363803Z
NC001723,12,VH000107,2026-09-07T05:25:55.363806Z
NC001724,12,VH000111,2026-09-07T05:25:55.363809Z
NC001725,12,VH000112,2026-09-07T05:25:55.363812Z
NC001726,12,CS000004,2026-09-07T05:25:55.363815Z
NC001727,12,P000319,2026-09-07T05:25:55.363818Z
NC001728,12,PH000194,2026-09-07T05:25:55.363821Z
NC001729,12,PH000203,2026-09-07T05:25:55.363824Z
NC001730,12,PH000207,2026-09-07T05:25:55.363827Z
NC001731,12,CS000078,2026-09-07T05:25:55.363830Z
NC001732,12,P000390,2026-09-07T05:25:55.363833Z
NC001733,12,P000253,2026-09-07T05:25:55.363836Z
NC001734,12,CS000018,2026-09-07T05:25:55.363839Z
NC001735,12,PH000312,2026-09-07T05:25:55.363841Z
NC001736,12,PH000195,2026-09-07T05:25:55.363844Z
NC001737,12,P000155,2026-09-07T05:25:55.363847Z
NC001738,12,AC000190,2026-09-07T05:25:55.363850Z
NC001739,12,AC000292,2026-09-07T05:25:55.363853Z
NC001740,12,PH000204,2026-09-07T05:25:55.363856Z
NC001741,12,PH000349,2026-09-07T05:25:55.363859Z
NC001742,12,VH000172,2026-09-07T05:25:55.363862Z
NC001743,12,P000166,2026-09-07T05:25:55.363865Z
NC001744,12,PH000197,2026-09-07T05:25:55.363868Z
NC001745,12,AC000351,2026-09-07T05:25:55.363871Z
NC001746,12,PH000210,2026-09-07T05:25:55.363874Z
NC001747,12,P000160,2026-09-07T05:25:55.363877Z
NC001748,12,PH000265,2026-09-07T05:25:55.363879Z
NC001749,12,CS000040,2026-09-07T05:25:55.363882Z
NC001750,12,VH000106,2026-09-07T05:25:55.363885Z
NC001751,12,AC000300,2026-09-07T05:25:55.363888Z
NC001752,12,VH000110,2026-09-07T05:25:55.363891Z
NC001753,12,AC000336,2026-09-07T05:25:55.363894Z
NC001754,12,P000274,2026-09-07T05:25:55.363897Z
NC001755,12,AC000192,2026-09-07T05:25:55.363900Z
NC001756,12,AC000288,2026-09-07T05:25:55.363903Z
NC001757,12,AC000195,2026-09-07T05:25:55.363906Z
NC001758,12,CS000046,2026-09-07T05:25:55.363909Z
NC001759,12,LOC000056,2026-09-07T05:25:55.363912Z
NC001760,12,AC000185,2026-09-07T05:25:55.363915Z
NC001761,12,AC000191,2026-09-07T05:25:55.363918Z
NC001762,12,PH000281,2026-09-07T05:25:55.363921Z
NC001763,12,PH000206,2026-09-07T05:25:55.363924Z
NC001764,12,AC000186,2026-09-07T05:25:55.363927Z
NC001765,12,VH000108,2026-09-07T05:25:55.363930Z
NC001766,12,VH000153,2026-09-07T05:25:55.363933Z
NC001767,12,PH000208,2026-09-07T05:25:55.363936Z
NC001768,12,P000205,2026-09-07T05:25:55.363939Z
NC001769,12,VH000185,2026-09-07T05:25:55.363941Z
NC001770,12,AC000187,2026-09-07T05:25:55.363944Z
NC001771,12,P000256,2026-09-07T05:25:55.363947Z
NC001772,12,AC000188,2026-09-07T05:25:55.363950Z
NC001773,12,P000156,2026-09-07T05:25:55.363953Z
NC001774,12,AC000201,2026-09-07T05:25:55.363956Z
NC001775,12,VH000173,2026-09-07T05:25:55.363959Z
NC001776,12,VH000105,2026-09-07T05:25:55.363962Z
NC001777,12,AC000296,2026-09-07T05:25:55.363965Z
NC001778,12,P000304,2026-09-07T05:25:55.363968Z
NC001779,12,VH000195,2026-09-07T05:25:55.363971Z
NC001780,12,PH000202,2026-09-07T05:25:55.363974Z
NC001781,12,CS000056,2026-09-07T05:25:55.363977Z
NC001782,12,AC000197,2026-09-07T05:25:55.363980Z
NC001783,12,P000380,2026-09-07T05:25:55.363983Z
NC001784,12,P000576,2026-09-07T05:25:55.363986Z
NC001785,12,AC000199,2026-09-07T05:25:55.363989Z
NC001786,12,PH000280,2026-09-07T05:25:55.363992Z
NC001787,12,CS000028,2026-09-07T05:25:55.363995Z
NC001788,12,LOC000006,2026-09-07T05:25:55.363997Z
NC001789,12,PH000342,2026-09-07T05:25:55.364000Z
NC001790,12,P000167,2026-09-07T05:25:55.364005Z
NC001791,12,PH000205,2026-09-07T05:25:55.364008Z
NC001792,12,PH000139,2026-09-07T05:25:55.364011Z
NC001793,12,P000505,2026-09-07T05:25:55.364014Z
NC001794,12,P000168,2026-09-07T05:25:55.364017Z
NC001795,12,P000159,2026-09-07T05:25:55.364020Z
NC001796,12,AC000202,2026-09-07T05:25:55.364022Z
NC001797,12,P000392,2026-09-07T05:25:55.364025Z
NC001798,12,P000325,2026-09-07T05:25:55.364028Z
NC001799,12,P000224,2026-09-07T05:25:55.364031Z
NC001800,12,ORG000010,2026-09-07T05:25:55.364034Z
NC001801,12,P000164,2026-09-07T05:25:55.364037Z
NC001802,12,PH000209,2026-09-07T05:25:55.364040Z
NC001803,12,PH000334,2026-09-07T05:25:55.364043Z
NC001804,12,AC000196,2026-09-07T05:25:55.364046Z
NC001805,12,PH000199,2026-09-07T05:25:55.364048Z
NC001806,12,P000161,2026-09-07T05:25:55.364051Z
NC001807,12,P000252,2026-09-07T05:25:55.364054Z
NC001808,12,P000154,2026-09-07T05:25:55.364057Z
NC001809,12,P000165,2026-09-07T05:25:55.364060Z
NC001810,12,AC000386,2026-09-07T05:25:55.364063Z
NC001811,12,P000534,2026-09-07T05:25:55.364066Z
NC001812,12,P000158,2026-09-07T05:25:55.364069Z
NC001813,12,P000593,2026-09-07T05:25:55.364071Z
NC001814,12,VH000109,2026-09-07T05:25:55.364074Z
NC001815,12,P000367,2026-09-07T05:25:55.364077Z
NC001816,12,PH000304,2026-09-07T05:25:55.364080Z
NC001817,12,P000385,2026-09-07T05:25:55.364083Z
NC001818,12,PH000196,2026-09-07T05:25:55.364086Z
NC001819,12,PH000198,2026-09-07T05:25:55.364089Z
NC001820,12,AC000194,2026-09-07T05:25:55.364092Z
NC001821,12,PH000211,2026-09-07T05:25:55.364095Z
NC001822,13,PH000406,2026-09-07T05:25:55.364098Z
NC001823,13,PH000400,2026-09-07T05:25:55.364101Z
NC001824,13,PH000366,2026-09-07T05:25:55.364104Z
NC001825,13,PH000090,2026-09-07T05:25:55.364107Z
NC001826,13,P000537,2026-09-07T05:25:55.364110Z
NC001827,13,VH000181,2026-09-07T05:25:55.364113Z
NC001828,13,P000569,2026-09-07T05:25:55.364116Z
NC001829,13,PH000324,2026-09-07T05:25:55.364119Z
NC001830,13,P000357,2026-09-07T05:25:55.364122Z
NC001831,13,AC000343,2026-09-07T05:25:55.364125Z
NC001832,13,P000262,2026-09-07T05:25:55.364128Z
NC001833,13,AC000338,2026-09-07T05:25:55.364131Z
NC001834,13,P000344,2026-09-07T05:25:55.364134Z
NC001835,13,P000428,2026-09-07T05:25:55.364136Z
NC001836,13,PH000330,2026-09-07T05:25:55.364139Z
NC001837,13,P000550,2026-09-07T05:25:55.364142Z
NC001838,13,VH000156,2026-09-07T05:25:55.364145Z
NC001839,13,VH000200,2026-09-07T05:25:55.364148Z
NC001840,13,AC000306,2026-09-07T05:25:55.364151Z
NC001841,13,P000254,2026-09-07T05:25:55.364154Z
NC001842,13,LOC000027,2026-09-07T05:25:55.364157Z
NC001843,14,P000583,2026-09-07T05:25:55.364160Z
NC001844,14,VH000230,2026-09-07T05:25:55.364163Z
NC001845,14,P000507,2026-09-07T05:25:55.364166Z
NC001846,14,P000496,2026-09-07T05:25:55.364169Z
NC001847,14,LOC000028,2026-09-07T05:25:55.364172Z
NC001848,14,P000512,2026-09-07T05:25:55.364175Z
NC001849,14,P000540,2026-09-07T05:25:55.364178Z
NC001850,14,PH000359,2026-09-07T05:25:55.364181Z
NC001851,14,AC000353,2026-09-07T05:25:55.364183Z
NC001852,14,P000417,2026-09-07T05:25:55.364186Z
NC001853,14,CS000077,2026-09-07T05:25:55.364189Z
NC001854,14,P000446,2026-09-07T05:25:55.364192Z
NC001855,15,CS000042,2026-09-07T05:25:55.364195Z
NC001856,15,P000321,2026-09-07T05:25:55.364198Z
NC001857,15,P000517,2026-09-07T05:25:55.364201Z
NC001858,15,PH000313,2026-09-07T05:25:55.364204Z
NC001859,15,CS000054,2026-09-07T05:25:55.364207Z
NC001860,15,PH000391,2026-09-07T05:25:55.364210Z
NC001861,15,VH000175,2026-09-07T05:25:55.364213Z
NC001862,15,P000482,2026-09-07T05:25:55.364216Z
NC001863,15,PH000386,2026-09-07T05:25:55.364219Z
NC001864,15,AC000330,2026-09-07T05:25:55.364222Z
