id,full_name,person_role,dob,gender,address,risk_band,data_source,created_at
P000001,Ishita Sarna,criminal,1984-07-02,male,"240, North Car Street, Keezhakkarai, Perambalur, Tamil Nadu 635074",medium,SYNTHETIC,2026-09-07T05:41:13.152930Z
P000002,Neha Chakraborty,criminal,2002-07-13,male,"206, Dharmapuri Road, Meenakshi Nagar, Karur, Tamil Nadu 624888",medium,SYNTHETIC,2026-09-07T05:41:13.153008Z
P000003,Tanmayi Anne,criminal,1974-12-01,male,"41, Railway Station Road, RS Puram, Chengalpattu, Tamil Nadu 619554",unknown,SYNTHETIC,2026-09-07T05:41:13.153063Z
P000004,Ekansh Misra,criminal,1978-01-06,male,"409, Harbour Approach Road, Velachery, Thiruvarur, Tamil Nadu 617396",high,SYNTHETIC,2026-09-07T05:41:13.153109Z
P000005,Tanveer Dhillon,criminal,1992-01-16,male,"336, Kamraj Road, Vadapalani, Thiruvarur, Tamil Nadu 604424",medium,SYNTHETIC,2026-09-07T05:41:13.153152Z
P000006,Andrew Oommen,criminal,1984-09-25,male,"255, Nethaji Road, Ganapathy, Tiruppur, Tamil Nadu 601277",high,SYNTHETIC,2026-09-07T05:41:13.153274Z
P000007,Zaitra Sekhon,criminal,1994-09-30,male,"12, Bypass Road, Washermenpet, Cuddalore, Tamil Nadu 600921",medium,SYNTHETIC,2026-09-07T05:41:13.153320Z
P000008,Aadi Goswami,criminal,1980-11-01,male,"195, Nethaji Road, Tambaram, Thoothukudi, Tamil Nadu 612944",medium,SYNTHETIC,2026-09-07T05:41:13.153359Z
P000009,Azad Gaba,criminal,1973-02-16,male,"71, Market Street, Chromepet, Kancheepuram, Tamil Nadu 612669",medium,SYNTHETIC,2026-09-07T05:41:13.153404Z
P000010,Yatan Biswas,criminal,2002-04-03,male,"194, Eruvadi Road, RS Puram, Cuddalore, Tamil Nadu 637580",medium,SYNTHETIC,2026-09-07T05:41:13.153444Z
P000011,Oeshi Lala,criminal,1993-11-24,male,"102, Nethaji Road, Keezhakkarai, Pudukkottai, Tamil Nadu 639114",low,SYNTHETIC,2026-09-07T05:41:13.153868Z
P000012,Baghyawati Parsa,criminal,1999-03-28,male,"56, Church Street, Bharathi Bazaar, Sivaganga, Tamil Nadu 633535",medium,SYNTHETIC,2026-09-07T05:41:13.153964Z
P000013,Fitan Pau,criminal,2002-06-29,male,"4, Harbour Approach Road, Mattuthavani, Ramanathapuram, Tamil Nadu 629819",medium,SYNTHETIC,2026-09-07T05:41:13.154035Z
P000014,Falan Shroff,criminal,2006-04-10,male,"397, Main Road, Anna Nagar, Sivaganga, Tamil Nadu 601216",low,SYNTHETIC,2026-09-07T05:41:13.154106Z
P000015,Unni Sood,criminal,2005-07-29,male,"312, Harbour Approach Road, Ganapathy, Thiruvarur, Tamil Nadu 604828",medium,SYNTHETIC,2026-09-07T05:41:13.154204Z
P000016,Simon Luthra,criminal,1995-07-30,male,"187, Market Street, Anna Nagar, Coimbatore, Tamil Nadu 620956",low,SYNTHETIC,2026-09-07T05:41:13.154275Z
P000017,Yashawini Radhakrishnan,criminal,1993-05-16,male,"326, Railway Station Road, Vadapalani, Thanjavur, Tamil Nadu 616732",medium,SYNTHETIC,2026-09-07T05:41:13.154340Z
P000018,Hema Bains,criminal,1996-12-31,male,"332, Load Road, Ukkadam, Tiruchchirappalli, Tamil Nadu 630795",unknown,SYNTHETIC,2026-09-07T05:41:13.154412Z
P000019,Nandini Borah,criminal,1973-09-19,male,"9, Double Road, Nellithope, Tiruvannamalai, Tamil Nadu 600842",high,SYNTHETIC,2026-09-07T05:41:13.154500Z
P000020,Pahal Ratti,criminal,1999-12-22,female,"6, Railway Station Road, Muthialpet, Cuddalore, Tamil Nadu 633126",unknown,SYNTHETIC,2026-09-07T05:41:13.154567Z
P000021,Yasti Reddy,criminal,1967-12-20,male,"17, Market Street, Palayamkottai, Karur, Tamil Nadu 611762",medium,SYNTHETIC,2026-09-07T05:41:13.154633Z
P000022,Ekavir Bhattacharyya,criminal,1971-04-20,male,"150, 5th Cross, Mettupalayam, Tiruppur, Tamil Nadu 629764",high,SYNTHETIC,2026-09-07T05:41:13.154698Z
P000023,Upadhriti Puri,criminal,1993-10-14,male,"300, Harbour Approach Road, Royapuram, Nagapattinam, Tamil Nadu 622057",high,SYNTHETIC,2026-09-07T05:41:13.154766Z
P000024,Sai Sundaram,criminal,2000-10-01,female,"192, Double Road, Valluvar Layout, Karur, Tamil Nadu 627391",high,SYNTHETIC,2026-09-07T05:41:13.154827Z
P000025,Oviya Tripathi,criminal,1960-08-02,male,"71, Load Road, Anna Nagar, Cuddalore, Tamil Nadu 614126",low,SYNTHETIC,2026-09-07T05:41:13.154890Z
P000026,Ekaraj Zacharia,criminal,1966-02-05,male,"379, Service Lane, Meenakshi Nagar, Thiruvallur, Tamil Nadu 606066",low,SYNTHETIC,2026-09-07T05:41:13.154952Z
P000027,Ria Sabharwal,criminal,1992-01-07,male,"53, Harbour Approach Road, Washermenpet, Tiruchchirappalli, Tamil Nadu 634884",medium,SYNTHETIC,2026-09-07T05:41:13.155020Z
P000028,Jeremiah Anne,criminal,1961-07-06,male,"398, South Mada Street, Chokkanadar Pettai, Ariyalur, Tamil Nadu 603204",medium,SYNTHETIC,2026-09-07T05:41:13.155083Z
P000029,Daksha Menon,criminal,1958-12-28,male,"174, Railway Station Road, Nellithope, Namakkal, Tamil Nadu 616295",medium,SYNTHETIC,2026-09-07T05:41:13.155150Z
P000030,Warinder Tripathi,criminal,1973-02-03,female,"91, Harbour Approach Road, Keezhakkarai, Coimbatore, Tamil Nadu 602733",low,SYNTHETIC,2026-09-07T05:41:13.155212Z
P000031,Zayyan Mohan,criminal,1976-07-31,male,"33, Double Road, Adyar, Pudukkottai, Tamil Nadu 614724",low,SYNTHETIC,2026-09-07T05:41:13.155272Z
P000032,Ikbal Raghavan,criminal,1980-06-19,male,"16, Kamraj Road, Keezhakkarai, Tiruppur, Tamil Nadu 632320",medium,SYNTHETIC,2026-09-07T05:41:13.155347Z
P000033,Yauvani Bumb,criminal,1992-12-06,male,"72, Kamraj Road, Ganapathy, Erode, Tamil Nadu 637520",medium,SYNTHETIC,2026-09-07T05:41:13.155411Z
P000034,Chatura Konda,criminal,1957-04-27,male,"106, Service Lane, Madurai Junction, Namakkal, Tamil Nadu 618923",medium,SYNTHETIC,2026-09-07T05:41:13.155475Z
P000035,Akshay Rege,criminal,1999-06-26,female,"337, Market Street, Muthialpet, Tiruchchirappalli, Tamil Nadu 628185",high,SYNTHETIC,2026-09-07T05:41:13.155541Z
P000036,Janaki Hans,criminal,1963-07-17,male,"169, Double Road, Ambattur, Tiruvannamalai, Tamil Nadu 600900",high,SYNTHETIC,2026-09-07T05:41:13.155607Z
P000037,Vasatika Magar,criminal,1996-11-28,male,"230, High Court Road, Sowdambika Layout, Kancheepuram, Tamil Nadu 604918",low,SYNTHETIC,2026-09-07T05:41:13.155670Z
P000038,Ria Nayar,criminal,1976-01-31,male,"396, Bypass Road, Royapuram, Ariyalur, Tamil Nadu 628525",low,SYNTHETIC,2026-09-07T05:41:13.155736Z
P000039,Aarna Atwal,criminal,1973-09-20,female,"195, Dharmapuri Road, Garuda Mall Corridor, Virudhunagar, Tamil Nadu 615963",medium,SYNTHETIC,2026-09-07T05:41:13.155800Z
P000040,Abha Shroff,criminal,1980-10-21,female,"45, Double Road, Azhagar Koil Road, Chengalpattu, Tamil Nadu 601476",low,SYNTHETIC,2026-09-07T05:41:13.155863Z
P000041,Bhavika Halder,criminal,2000-09-26,male,"309, Double Road, Keezhakkarai, Virudhunagar, Tamil Nadu 622208",low,SYNTHETIC,2026-09-07T05:41:13.155929Z
P000042,Arjun Soman,criminal,1985-08-03,male,"142, Harbour Approach Road, Estancia, Erode, Tamil Nadu 627983",low,SYNTHETIC,2026-09-07T05:41:13.155992Z
P000043,Baljiwan Ghose,criminal,1994-11-02,male,"35, Market Street, Mettupalayam, Namakkal, Tamil Nadu 607766",low,SYNTHETIC,2026-09-07T05:41:13.156054Z
P000044,Alka Mohanty,criminal,1976-01-18,male,"96, Kamraj Road, Kuruvikulam, Thiruvarur, Tamil Nadu 634158",high,SYNTHETIC,2026-09-07T05:41:13.156129Z
P000045,Ishanvi Kari,criminal,2005-01-20,male,"372, Periyar Road, Garuda Mall Corridor, Villupuram, Tamil Nadu 602980",medium,SYNTHETIC,2026-09-07T05:41:13.156334Z
P000046,Christopher Sathe,criminal,1963-01-30,male,"218, Service Lane, Palladam, Ariyalur, Tamil Nadu 634788",high,SYNTHETIC,2026-09-07T05:41:13.156418Z
P000047,Aditya Kibe,criminal,2000-10-30,male,"211, Eruvadi Road, Kallamadu, Thiruvarur, Tamil Nadu 601691",high,SYNTHETIC,2026-09-07T05:41:13.156471Z
P000048,Chakrika Tripathi,criminal,1989-07-22,female,"165, Bypass Road, Nellithope, Dharmapuri, Tamil Nadu 627719",medium,SYNTHETIC,2026-09-07T05:41:13.156520Z
P000049,Januja Oommen,criminal,1956-07-11,male,"158, Bypass Road, Kajamalai, Tiruchchirappalli, Tamil Nadu 620239",medium,SYNTHETIC,2026-09-07T05:41:13.156564Z
P000050,Janani Shetty,criminal,1971-02-26,male,"54, Dharmapuri Road, Washermenpet, Namakkal, Tamil Nadu 618178",medium,SYNTHETIC,2026-09-07T05:41:13.156603Z
P000051,Timothy Chaudhari,criminal,1983-04-27,male,"324, Ghat Road, Mettupalayam, Villupuram, Tamil Nadu 616356",high,SYNTHETIC,2026-09-07T05:41:13.156658Z
P000052,Yatin Nazareth,criminal,1978-07-31,male,"210, Dharmapuri Road, Chokkanadar Pettai, Sivaganga, Tamil Nadu 621505",high,SYNTHETIC,2026-09-07T05:41:13.156725Z
P000053,Aayush Sachdeva,criminal,1979-03-27,male,"142, South Mada Street, Velachery, Dharmapuri, Tamil Nadu 604953",low,SYNTHETIC,2026-09-07T05:41:13.156790Z
P000054,Benjamin Kapadia,criminal,1971-04-16,female,"383, 5th Cross, Mattuthavani, Vellore, Tamil Nadu 614315",medium,SYNTHETIC,2026-09-07T05:41:13.156853Z
P000055,Yasti Seth,criminal,1979-07-03,male,"226, Eruvadi Road, Arumbakkam, Kanniyakumari, Tamil Nadu 633336",high,SYNTHETIC,2026-09-07T05:41:13.156921Z
P000056,Yatan Rattan,criminal,1963-07-28,male,"223, Ghat Road, Chokkanadar Pettai, Ramanathapuram, Tamil Nadu 624870",medium,SYNTHETIC,2026-09-07T05:41:13.156988Z
P000057,Parth Majumdar,criminal,1983-08-14,male,"397, Market Street, Egmore, Cuddalore, Tamil Nadu 616027",high,SYNTHETIC,2026-09-07T05:41:13.157048Z
P000058,Dhriti Pall,criminal,1962-10-30,male,"397, Main Road, Palladam, Pudukkottai, Tamil Nadu 613201",medium,SYNTHETIC,2026-09-07T05:41:13.157110Z
P000059,Chakradev Gandhi,criminal,1988-04-25,male,"5, High Court Road, Sowdambika Layout, Thiruvallur, Tamil Nadu 608814",medium,SYNTHETIC,2026-09-07T05:41:13.157172Z
P000060,Aishani Dey,criminal,1975-11-30,male,"269, Double Road, Peelamedu, Nagapattinam, Tamil Nadu 625085",medium,SYNTHETIC,2026-09-07T05:41:13.157233Z
P000061,Mugdha Kapadia,criminal,2001-08-12,male,"282, Ghat Road, Ambattur, Erode, Tamil Nadu 602377",low,SYNTHETIC,2026-09-07T05:41:13.157296Z
P000062,Sarthak Warrior,criminal,2004-09-03,male,"58, Main Road, Washermenpet, Sivaganga, Tamil Nadu 613038",medium,SYNTHETIC,2026-09-07T05:41:13.157357Z
P000063,Hemal Munshi,criminal,1999-10-17,male,"385, Anna Salai, Royapuram, Thiruvarur, Tamil Nadu 638106",medium,SYNTHETIC,2026-09-07T05:41:13.157420Z
P000064,Ayushman Date,criminal,1993-06-03,male,"120, Load Road, Bharathi Bazaar, Coimbatore, Tamil Nadu 609081",low,SYNTHETIC,2026-09-07T05:41:13.157481Z
P000065,Hemang Dhillon,criminal,1961-03-26,male,"241, Load Road, Meenakshi Nagar, Villupuram, Tamil Nadu 632738",low,SYNTHETIC,2026-09-07T05:41:13.157543Z
P000066,Janani Sunder,criminal,1957-03-28,male,"147, South Mada Street, Ganapathy, Theni, Tamil Nadu 632376",low,SYNTHETIC,2026-09-07T05:41:13.157603Z
P000067,Amara Kadakia,criminal,1974-10-13,male,"372, Dharmapuri Road, Egmore, Vellore, Tamil Nadu 614286",medium,SYNTHETIC,2026-09-07T05:41:13.157668Z
P000068,Aahana Rama,criminal,1970-10-20,male,"256, Anna Salai, Peelamedu, Ariyalur, Tamil Nadu 605958",medium,SYNTHETIC,2026-09-07T05:41:13.157727Z
P000069,Ryan Raj,criminal,1973-09-13,male,"144, Harbour Approach Road, Sundarankottai, Erode, Tamil Nadu 628514",medium,SYNTHETIC,2026-09-07T05:41:13.157793Z
P000070,Veda Chawla,criminal,1967-01-07,male,"89, Double Road, Sundarankottai, Chengalpattu, Tamil Nadu 622448",low,SYNTHETIC,2026-09-07T05:41:13.157856Z
P000071,Dayita Nadig,criminal,1958-10-02,male,"369, Periyar Road, Madurai Junction, Cuddalore, Tamil Nadu 628499",medium,SYNTHETIC,2026-09-07T05:41:13.157958Z
P000072,Priya Ram,criminal,1996-03-29,female,"188, 5th Cross, Pothigai Nagar, Dharmapuri, Tamil Nadu 626650",medium,SYNTHETIC,2026-09-07T05:41:13.158029Z
P000073,Warinder Dora,criminal,1977-03-13,male,"159, 5th Cross, Singanallur, Tiruvannamalai, Tamil Nadu 623322",high,SYNTHETIC,2026-09-07T05:41:13.158099Z
P000074,Hemang Natt,criminal,1997-08-27,male,"291, 5th Cross, Palladam, Villupuram, Tamil Nadu 623233",high,SYNTHETIC,2026-09-07T05:41:13.158163Z
P000075,Shaurya Kalita,criminal,1978-10-27,male,"226, Load Road, Arappalayam, Villupuram, Tamil Nadu 610243",high,SYNTHETIC,2026-09-07T05:41:13.158223Z
P000076,Aarini Cherian,criminal,1965-07-30,male,"68, Harbour Approach Road, Madurai Junction, Madurai, Tamil Nadu 604728",low,SYNTHETIC,2026-09-07T05:41:13.158293Z
P000077,Charan Saxena,criminal,1990-11-24,male,"280, Anna Salai, Mettupalayam, Salem, Tamil Nadu 623299",medium,SYNTHETIC,2026-09-07T05:41:13.158354Z
P000078,Netra Sarin,criminal,1993-01-03,male,"56, Anna Salai, Madurai Junction, Coimbatore, Tamil Nadu 637928",high,SYNTHETIC,2026-09-07T05:41:13.158422Z
P000079,Urvashi Konda,criminal,2005-05-26,male,"101, Anna Salai, Tambaram, Madurai, Tamil Nadu 601454",high,SYNTHETIC,2026-09-07T05:41:13.158483Z
P000080,Fiyaz Sethi,criminal,1962-04-10,male,"149, Kamraj Road, Mylapore, Ariyalur, Tamil Nadu 626735",medium,SYNTHETIC,2026-09-07T05:41:13.158543Z
P000081,Daksha Bajwa,criminal,1981-11-06,male,"108, South Mada Street, Azhagar Koil Road, Kanniyakumari, Tamil Nadu 626604",medium,SYNTHETIC,2026-09-07T05:41:13.158626Z
P000082,Brijesh Sodhi,criminal,1973-11-01,female,"137, Kamraj Road, Pappanaickenpalayam, Vellore, Tamil Nadu 623850",low,SYNTHETIC,2026-09-07T05:41:13.158700Z
P000083,Alka Sur,criminal,1960-11-14,male,"45, Railway Station Road, Keezhakkarai, Salem, Tamil Nadu 624966",medium,SYNTHETIC,2026-09-07T05:41:13.158766Z
P000084,Anthony Bhattacharyya,criminal,2001-04-28,male,"175, Church Street, Vilachery, Salem, Tamil Nadu 616646",medium,SYNTHETIC,2026-09-07T05:41:13.158829Z
P000085,Eesha Ravi,criminal,1967-06-20,female,"131, Eruvadi Road, Muthialpet, Coimbatore, Tamil Nadu 621139",low,SYNTHETIC,2026-09-07T05:41:13.158892Z
P000086,Jagrati Mall,criminal,1975-10-30,male,"346, Nethaji Road, Ganapathy, Villupuram, Tamil Nadu 625518",medium,SYNTHETIC,2026-09-07T05:41:13.158951Z
P000087,David Apte,criminal,1965-09-28,male,"197, Kamraj Road, Valluvar Layout, Sivaganga, Tamil Nadu 615982",low,SYNTHETIC,2026-09-07T05:41:13.159020Z
P000088,Bachittar Kapoor,criminal,1991-05-12,male,"173, High Court Road, Sulur, Cuddalore, Tamil Nadu 635655",low,SYNTHETIC,2026-09-07T05:41:13.159091Z
P000089,Hitesh Sastry,criminal,1979-05-12,male,"340, Main Road, Vilachery, Virudhunagar, Tamil Nadu 625976",low,SYNTHETIC,2026-09-07T05:41:13.159151Z
P000090,Ekantika Narain,criminal,1957-11-07,male,"163, Nethaji Road, Peelamedu, Kancheepuram, Tamil Nadu 603097",medium,SYNTHETIC,2026-09-07T05:41:13.159211Z
P000091,Triveni Karnik,criminal,1994-06-11,male,"238, Church Street, Ammapet, Erode, Tamil Nadu 637921",low,SYNTHETIC,2026-09-07T05:41:13.159272Z
P000092,Sachi Keer,criminal,1972-04-02,male,"34, Eruvadi Road, Valluvar Layout, Namakkal, Tamil Nadu 611517",high,SYNTHETIC,2026-09-07T05:41:13.159338Z
P000093,Nicholas Sibal,criminal,1981-02-23,female,"269, Dharmapuri Road, Vinoba Nagar, Namakkal, Tamil Nadu 619907",medium,SYNTHETIC,2026-09-07T05:41:13.159410Z
P000094,Dominic Borde,criminal,1954-12-18,male,"371, Church Street, Pappanaickenpalayam, Villupuram, Tamil Nadu 627895",medium,SYNTHETIC,2026-09-07T05:41:13.159472Z
P000095,Chavvi Dey,criminal,2004-07-02,male,"191, Dharmapuri Road, Pothigai Nagar, Kancheepuram, Tamil Nadu 618354",medium,SYNTHETIC,2026-09-07T05:41:13.159527Z
P000096,Simon Sandal,criminal,1991-02-06,male,"196, Service Lane, Garuda Mall Corridor, Perambalur, Tamil Nadu 616983",medium,SYNTHETIC,2026-09-07T05:41:13.159601Z
P000097,Nandini Dugar,criminal,1986-10-30,male,"208, Church Street, Valluvar Layout, Virudhunagar, Tamil Nadu 620465",high,SYNTHETIC,2026-09-07T05:41:13.159662Z
P000098,Andrew Devi,criminal,1960-01-09,male,"228, Bypass Road, Bharathi Bazaar, Madurai, Tamil Nadu 621884",medium,SYNTHETIC,2026-09-07T05:41:13.159720Z
P000099,Vedant Misra,criminal,1981-06-03,male,"160, South Mada Street, Arumbakkam, Theni, Tamil Nadu 635758",medium,SYNTHETIC,2026-09-07T05:41:13.159778Z
P000100,Kashish Bhasin,criminal,1972-09-29,male,"48, Load Road, Velachery, Namakkal, Tamil Nadu 610782",medium,SYNTHETIC,2026-09-07T05:41:13.159837Z
P000101,Jagvi Srinivas,criminal,2006-06-13,male,"309, Anna Salai, Kajamalai, Thiruvallur, Tamil Nadu 636900",unknown,SYNTHETIC,2026-09-07T05:41:13.159897Z
P000102,Theodore Bal,criminal,2003-10-02,male,"246, Bypass Road, Muthialpet, Dharmapuri, Tamil Nadu 635177",unknown,SYNTHETIC,2026-09-07T05:41:13.159980Z
P000103,Triveni Lad,criminal,1956-01-03,male,"3, Kamraj Road, Sowdambika Layout, Chengalpattu, Tamil Nadu 636950",medium,SYNTHETIC,2026-09-07T05:41:13.160034Z
P000104,Chaman Kibe,criminal,1965-04-12,male,"215, Service Lane, Gandhipuram, Nagapattinam, Tamil Nadu 611453",medium,SYNTHETIC,2026-09-07T05:41:13.160074Z
P000105,Anvi Garg,criminal,1969-11-02,male,"56, Dharmapuri Road, Egmore, Thiruvarur, Tamil Nadu 623387",high,SYNTHETIC,2026-09-07T05:41:13.160114Z
P000106,Yadavi Dasgupta,criminal,1968-02-14,male,"317, Main Road, Sowdambika Layout, Nagapattinam, Tamil Nadu 620163",medium,SYNTHETIC,2026-09-07T05:41:13.160153Z
P000107,Mitesh Rau,criminal,1978-05-05,male,"300, Market Street, Bharathi Bazaar, Namakkal, Tamil Nadu 602808",medium,SYNTHETIC,2026-09-07T05:41:13.160192Z
P000108,Hredhaan Bumb,criminal,1961-08-09,male,"1, Kamraj Road, Kajamalai, Kanniyakumari, Tamil Nadu 616630",low,SYNTHETIC,2026-09-07T05:41:13.160228Z
P000109,Lakshit Verma,criminal,2000-03-21,male,"249, Eruvadi Road, Arappalayam, Perambalur, Tamil Nadu 628371",high,SYNTHETIC,2026-09-07T05:41:13.160292Z
P000110,Kritika Maharaj,criminal,1971-04-06,male,"355, Double Road, KK Nagar, Dharmapuri, Tamil Nadu 609812",medium,SYNTHETIC,2026-09-07T05:41:13.160332Z
P000111,Hiral Kashyap,criminal,1978-11-18,male,"276, 5th Cross, New Bus Stand, Tiruppur, Tamil Nadu 608625",medium,SYNTHETIC,2026-09-07T05:41:13.160369Z
P000112,Yashawini Saraf,criminal,1995-04-19,male,"198, Eruvadi Road, RS Puram, Tiruvannamalai, Tamil Nadu 638365",high,SYNTHETIC,2026-09-07T05:41:13.160410Z
P000113,Chakrika Gole,criminal,1962-02-10,female,"289, Church Street, Peelamedu, Perambalur, Tamil Nadu 637454",unknown,SYNTHETIC,2026-09-07T05:41:13.160461Z
P000114,Yasti Kapur,criminal,1958-11-18,male,"148, Service Lane, Arappalayam, Pudukkottai, Tamil Nadu 626415",high,SYNTHETIC,2026-09-07T05:41:13.160499Z
P000115,Abhimanyu Patel,criminal,1975-12-31,male,"251, 5th Cross, Pappanaickenpalayam, Kancheepuram, Tamil Nadu 613988",high,SYNTHETIC,2026-09-07T05:41:13.160536Z
P000116,Nidhi Bains,criminal,1999-06-01,male,"4, Periyar Road, Ganapathy, Tiruppur, Tamil Nadu 620599",medium,SYNTHETIC,2026-09-07T05:41:13.160573Z
P000117,Andrew Verma,criminal,1967-12-09,male,"250, Periyar Road, Porur, Kancheepuram, Tamil Nadu 614714",medium,SYNTHETIC,2026-09-07T05:41:13.160609Z
P000118,Ikshita Krishna,criminal,1959-09-11,female,"45, Church Street, Gandhipuram, Perambalur, Tamil Nadu 637915",medium,SYNTHETIC,2026-09-07T05:41:13.160651Z
P000119,Shivani Bala,criminal,1990-09-24,male,"19, Ghat Road, Thirunagar, Thoothukudi, Tamil Nadu 617941",low,SYNTHETIC,2026-09-07T05:41:13.160689Z
P000120,Harshil Ramesh,criminal,1955-02-07,male,"409, Nethaji Road, Nellithope, Kanniyakumari, Tamil Nadu 633777",high,SYNTHETIC,2026-09-07T05:41:13.160746Z
P000121,Qabil Kumer,criminal,1958-10-25,male,"303, High Court Road, Pothigai Nagar, Erode, Tamil Nadu 610201",medium,SYNTHETIC,2026-09-07T05:41:13.160791Z
P000122,Yashawini Talwar,criminal,2000-11-08,male,"153, Nethaji Road, Ammapet, Thiruvarur, Tamil Nadu 621617",medium,SYNTHETIC,2026-09-07T05:41:13.160833Z
P000123,Nirja Bava,criminal,1993-05-01,male,"134, Dharmapuri Road, Ambattur, Salem, Tamil Nadu 626345",unknown,SYNTHETIC,2026-09-07T05:41:13.160876Z
P000124,Vedhika Hans,criminal,1988-12-17,male,"73, Market Street, Bharathi Bazaar, Coimbatore, Tamil Nadu 602954",unknown,SYNTHETIC,2026-09-07T05:41:13.160916Z
P000125,Balvan Dyal,criminal,1992-10-03,male,"337, Load Road, Adyar, Ramanathapuram, Tamil Nadu 600117",medium,SYNTHETIC,2026-09-07T05:41:13.160956Z
P000126,Harita Apte,criminal,1996-01-16,male,"251, Ghat Road, Bharathi Bazaar, Namakkal, Tamil Nadu 602413",low,SYNTHETIC,2026-09-07T05:41:13.160995Z
P000127,Yashasvi Sani,criminal,1970-05-01,male,"371, Anna Salai, Azhagar Koil Road, Madurai, Tamil Nadu 626125",low,SYNTHETIC,2026-09-07T05:41:13.161035Z
P000128,Isaac Srinivas,criminal,1985-02-18,male,"109, Ghat Road, Vadapalani, Vellore, Tamil Nadu 601581",high,SYNTHETIC,2026-09-07T05:41:13.161073Z
P000129,Ronith Pingle,criminal,1993-03-26,male,"13, Periyar Road, Sowdambika Layout, Chennai, Tamil Nadu 606357",low,SYNTHETIC,2026-09-07T05:41:13.161111Z
P000130,Dhruv Sen,criminal,1986-03-27,male,"378, Eruvadi Road, Egmore, Sivaganga, Tamil Nadu 613645",medium,SYNTHETIC,2026-09-07T05:41:13.161152Z
P000131,Bina Reddy,criminal,1976-10-09,male,"157, Harbour Approach Road, Vilachery, Kancheepuram, Tamil Nadu 620698",low,SYNTHETIC,2026-09-07T05:41:13.161189Z
P000132,Peter Nayar,criminal,1976-01-12,male,"328, Church Street, Ammapet, Madurai, Tamil Nadu 634876",medium,SYNTHETIC,2026-09-07T05:41:13.161227Z
P000133,Jasmit Prakash,criminal,1956-11-23,male,"391, North Car Street, Ambattur, Ramanathapuram, Tamil Nadu 639952",low,SYNTHETIC,2026-09-07T05:41:13.161263Z
P000134,Omisha Srivastava,criminal,1988-05-10,female,"225, Main Road, Tambaram, Nilgiris, Tamil Nadu 605399",low,SYNTHETIC,2026-09-07T05:41:13.161298Z
P000135,Lakshit Khosla,criminal,1955-02-26,male,"402, Service Lane, Kajamalai, Ramanathapuram, Tamil Nadu 623420",medium,SYNTHETIC,2026-09-07T05:41:13.161334Z
P000136,Vanya Banerjee,criminal,1993-12-26,male,"57, Nethaji Road, Porur, Vellore, Tamil Nadu 626279",medium,SYNTHETIC,2026-09-07T05:41:13.161369Z
P000137,Jairaj Chanda,criminal,1990-01-20,male,"210, Church Street, Meenakshi Nagar, Madurai, Tamil Nadu 622984",unknown,SYNTHETIC,2026-09-07T05:41:13.161405Z
P000138,Kashish Venkatesh,criminal,1964-04-06,male,"89, 5th Cross, Sundarankottai, Tiruchchirappalli, Tamil Nadu 626948",high,SYNTHETIC,2026-09-07T05:41:13.161452Z
P000139,Turvi Khare,criminal,1993-08-13,male,"300, North Car Street, Mylapore, Namakkal, Tamil Nadu 603000",high,SYNTHETIC,2026-09-07T05:41:13.161490Z
P000140,Tanveer Pant,criminal,1977-09-15,male,"232, Kamraj Road, Garuda Mall Corridor, Dharmapuri, Tamil Nadu 605996",high,SYNTHETIC,2026-09-07T05:41:13.161527Z
P000141,Yuvraj Sheth,criminal,1995-06-08,male,"45, Nethaji Road, New Bus Stand, Dharmapuri, Tamil Nadu 637396",medium,SYNTHETIC,2026-09-07T05:41:13.161566Z
P000142,Irya Raju,criminal,1984-01-20,male,"127, Double Road, Singanallur, Nagapattinam, Tamil Nadu 605991",high,SYNTHETIC,2026-09-07T05:41:13.161604Z
P000143,Ira Bhatnagar,criminal,1957-03-25,male,"225, Eruvadi Road, Ukkadam, Nilgiris, Tamil Nadu 603081",medium,SYNTHETIC,2026-09-07T05:41:13.161640Z
P000144,Umang Nadkarni,criminal,1990-01-11,male,"266, Market Street, Madurai Junction, Pudukkottai, Tamil Nadu 624108",unknown,SYNTHETIC,2026-09-07T05:41:13.161676Z
P000145,Balhaar Kale,criminal,1990-09-23,male,"389, North Car Street, Mettupalayam, Madurai, Tamil Nadu 604863",medium,SYNTHETIC,2026-09-07T05:41:13.161712Z
P000146,Azaan Swamy,criminal,1985-06-15,female,"225, Railway Station Road, RS Puram, Sivaganga, Tamil Nadu 613921",medium,SYNTHETIC,2026-09-07T05:41:13.161755Z
P000147,Waida Chakraborty,criminal,1980-03-02,male,"334, Railway Station Road, Chokkanadar Pettai, Madurai, Tamil Nadu 609352",high,SYNTHETIC,2026-09-07T05:41:13.161795Z
P000148,Vasatika Pal,criminal,1972-04-06,male,"57, Main Road, Bharathi Bazaar, Karur, Tamil Nadu 600654",medium,SYNTHETIC,2026-09-07T05:41:13.161833Z
P000149,Riya Jha,criminal,1976-10-31,female,"181, High Court Road, Adyar, Erode, Tamil Nadu 630771",low,SYNTHETIC,2026-09-07T05:41:13.161873Z
P000150,Bhavya Cherian,criminal,1990-02-15,male,"102, Kamraj Road, Muthialpet, Chengalpattu, Tamil Nadu 629332",low,SYNTHETIC,2026-09-07T05:41:13.161910Z
P000151,Darpan Bajwa,criminal,1962-12-29,male,"299, High Court Road, Pappanaickenpalayam, Vellore, Tamil Nadu 602099",medium,SYNTHETIC,2026-09-07T05:41:13.161948Z
P000152,Falguni Barad,criminal,1965-06-12,male,"56, Dharmapuri Road, Mylapore, Karur, Tamil Nadu 605688",low,SYNTHETIC,2026-09-07T05:41:13.162007Z
P000153,Akshay Rau,criminal,1961-02-18,male,"215, Dharmapuri Road, Adyar, Karur, Tamil Nadu 627232",low,SYNTHETIC,2026-09-07T05:41:13.162045Z
P000154,Oni Borde,criminal,1995-02-15,female,"183, Periyar Road, Estancia, Coimbatore, Tamil Nadu 636816",medium,SYNTHETIC,2026-09-07T05:41:13.162091Z
P000155,Tanvi Bhatnagar,criminal,2001-11-12,male,"284, Railway Station Road, Pothigai Nagar, Virudhunagar, Tamil Nadu 630609",medium,SYNTHETIC,2026-09-07T05:41:13.162132Z
P000156,Rachit Saran,criminal,1981-12-12,male,"350, Main Road, Kallamadu, Vellore, Tamil Nadu 621093",high,SYNTHETIC,2026-09-07T05:41:13.162171Z
P000157,Noah Kohli,criminal,1955-11-11,male,"360, Dharmapuri Road, Muthialpet, Cuddalore, Tamil Nadu 607657",high,SYNTHETIC,2026-09-07T05:41:13.162209Z
P000158,Gabriel Bhakta,criminal,1957-08-19,male,"78, Ghat Road, Palayamkottai, Chennai, Tamil Nadu 612556",medium,SYNTHETIC,2026-09-07T05:41:13.162249Z
P000159,Xiti Gupta,criminal,1995-09-15,female,"270, Market Street, Adyar, Nilgiris, Tamil Nadu 614639",high,SYNTHETIC,2026-09-07T05:41:13.162287Z
P000160,Pallavi Nigam,criminal,2006-01-10,male,"94, Harbour Approach Road, Muthialpet, Namakkal, Tamil Nadu 626113",medium,SYNTHETIC,2026-09-07T05:41:13.162329Z
P000161,Anya Patla,criminal,1979-10-25,male,"63, Anna Salai, Thirunagar, Namakkal, Tamil Nadu 636202",medium,SYNTHETIC,2026-09-07T05:41:13.162367Z
P000162,Wishi Bir,criminal,1961-02-17,male,"270, Harbour Approach Road, Mattuthavani, Coimbatore, Tamil Nadu 622091",low,SYNTHETIC,2026-09-07T05:41:13.162405Z
P000163,Tanvi Dani,criminal,1993-05-05,male,"23, Double Road, Anna Nagar, Coimbatore, Tamil Nadu 634650",low,SYNTHETIC,2026-09-07T05:41:13.162456Z
P000164,Nikita Seth,criminal,1983-01-13,female,"10, Bypass Road, Mylapore, Vellore, Tamil Nadu 610448",medium,SYNTHETIC,2026-09-07T05:41:13.162519Z
P000165,Varenya Grover,criminal,1986-08-02,male,"379, Dharmapuri Road, Muthialpet, Thiruvarur, Tamil Nadu 626842",medium,SYNTHETIC,2026-09-07T05:41:13.162592Z
P000166,Isaac Sarna,criminal,2003-12-31,male,"43, Periyar Road, Ganapathy, Ramanathapuram, Tamil Nadu 620434",low,SYNTHETIC,2026-09-07T05:41:13.162656Z
P000167,Chakradev Brahmbhatt,criminal,1989-02-12,male,"47, Harbour Approach Road, Ammapet, Chengalpattu, Tamil Nadu 638332",medium,SYNTHETIC,2026-09-07T05:41:13.162722Z
P000168,Panini Om,criminal,1993-11-10,male,"156, Market Street, Vinoba Nagar, Nilgiris, Tamil Nadu 635905",unknown,SYNTHETIC,2026-09-07T05:41:13.162784Z
P000169,Balvan Kapadia,criminal,1982-08-31,male,"119, Double Road, Palladam, Pudukkottai, Tamil Nadu 609109",medium,SYNTHETIC,2026-09-07T05:41:13.162863Z
P000170,Meera Bal,criminal,1968-11-14,female,"240, Periyar Road, Meenakshi Nagar, Salem, Tamil Nadu 639092",medium,SYNTHETIC,2026-09-07T05:41:13.162935Z
P000171,Ekani Mohan,criminal,1977-01-21,female,"206, Load Road, Ambattur, Chennai, Tamil Nadu 624270",medium,SYNTHETIC,2026-09-07T05:41:13.163005Z
P000172,Veer Mital,criminal,1975-08-19,male,"65, High Court Road, Sundarankottai, Villupuram, Tamil Nadu 639309",medium,SYNTHETIC,2026-09-07T05:41:13.163079Z
P000173,Zarna Menon,criminal,1975-09-12,male,"97, Periyar Road, Royapuram, Madurai, Tamil Nadu 630414",low,SYNTHETIC,2026-09-07T05:41:13.163147Z
P000174,Henry Goda,criminal,1973-11-12,male,"61, Church Street, Bharathi Bazaar, Thanjavur, Tamil Nadu 607253",medium,SYNTHETIC,2026-09-07T05:41:13.163213Z
P000175,Arunima Sunder,criminal,1968-12-11,male,"311, Harbour Approach Road, Mettupalayam, Theni, Tamil Nadu 619253",high,SYNTHETIC,2026-09-07T05:41:13.163279Z
P000176,Rushil Shah,criminal,2006-02-19,male,"36, Anna Salai, Velachery, Salem, Tamil Nadu 618161",medium,SYNTHETIC,2026-09-07T05:41:13.163346Z
P000177,Hema Tata,criminal,1991-02-22,male,"350, Market Street, Gandhipuram, Cuddalore, Tamil Nadu 616335",medium,SYNTHETIC,2026-09-07T05:41:13.163411Z
P000178,Nilima Gokhale,criminal,2000-07-28,male,"149, North Car Street, Nellithope, Virudhunagar, Tamil Nadu 616413",low,SYNTHETIC,2026-09-07T05:41:13.163475Z
P000179,Anya Kibe,criminal,1976-09-21,male,"217, Dharmapuri Road, Sundarankottai, Thiruvallur, Tamil Nadu 633643",medium,SYNTHETIC,2026-09-07T05:41:13.163540Z
P000180,Faqid Pradhan,criminal,1984-12-10,male,"303, Nethaji Road, Adyar, Ramanathapuram, Tamil Nadu 603372",medium,SYNTHETIC,2026-09-07T05:41:13.163607Z
P000181,Max Nadig,criminal,1969-07-18,male,"169, Double Road, Azhagar Koil Road, Chennai, Tamil Nadu 606044",medium,SYNTHETIC,2026-09-07T05:41:13.163678Z
P000182,Zayyan Rattan,criminal,1984-08-27,male,"108, Main Road, Valluvar Layout, Ramanathapuram, Tamil Nadu 616075",medium,SYNTHETIC,2026-09-07T05:41:13.163753Z
P000183,Chaitanya Trivedi,criminal,1962-08-04,male,"160, Church Street, New Bus Stand, Pudukkottai, Tamil Nadu 606293",unknown,SYNTHETIC,2026-09-07T05:41:13.163812Z
P000184,Oliver Saran,criminal,1980-07-18,male,"196, South Mada Street, Chromepet, Thiruvallur, Tamil Nadu 619754",medium,SYNTHETIC,2026-09-07T05:41:13.163852Z
P000185,Ronith Johal,criminal,1973-06-10,male,"95, Dharmapuri Road, Chromepet, Ariyalur, Tamil Nadu 611105",medium,SYNTHETIC,2026-09-07T05:41:13.163889Z
P000186,Victor Ganguly,criminal,1971-04-29,male,"66, Anna Salai, Anna Nagar, Vellore, Tamil Nadu 637332",medium,SYNTHETIC,2026-09-07T05:41:13.163926Z
P000187,Gopal Badal,criminal,1997-12-18,male,"107, High Court Road, Palayamkottai, Dharmapuri, Tamil Nadu 631979",medium,SYNTHETIC,2026-09-07T05:41:13.163975Z
P000188,Saksham Sidhu,criminal,2004-06-12,male,"87, North Car Street, Royapuram, Thiruvallur, Tamil Nadu 612164",medium,SYNTHETIC,2026-09-07T05:41:13.164019Z
P000189,Udarsh Anand,criminal,1983-01-28,male,"197, Main Road, Vinoba Nagar, Salem, Tamil Nadu 608341",low,SYNTHETIC,2026-09-07T05:41:13.164059Z
P000190,Krish Oza,criminal,1963-01-26,female,"298, Service Lane, Palayamkottai, Nagapattinam, Tamil Nadu 606892",medium,SYNTHETIC,2026-09-07T05:41:13.164101Z
P000191,Yashvi Raja,criminal,1957-05-20,male,"123, Church Street, Sowdambika Layout, Namakkal, Tamil Nadu 623005",low,SYNTHETIC,2026-09-07T05:41:13.164140Z
P000192,Noah Raghavan,criminal,1979-09-12,male,"328, Anna Salai, KK Nagar, Thanjavur, Tamil Nadu 624098",medium,SYNTHETIC,2026-09-07T05:41:13.164179Z
P000193,Balhaar Venkatesh,criminal,1961-08-30,male,"48, Ghat Road, Garuda Mall Corridor, Chennai, Tamil Nadu 619227",low,SYNTHETIC,2026-09-07T05:41:13.164217Z
P000194,Anay Dhaliwal,criminal,1968-03-21,male,"207, Double Road, Mettupalayam, Kancheepuram, Tamil Nadu 611405",low,SYNTHETIC,2026-09-07T05:41:13.164254Z
P000195,Samuel Hayer,criminal,2001-12-12,female,"16, North Car Street, Keezhakkarai, Chengalpattu, Tamil Nadu 637522",medium,SYNTHETIC,2026-09-07T05:41:13.164291Z
P000196,Patrick Acharya,criminal,2000-02-14,male,"80, Double Road, Chromepet, Salem, Tamil Nadu 634628",unknown,SYNTHETIC,2026-09-07T05:41:13.164327Z
P000197,Lavanya Kaul,criminal,1999-03-25,female,"254, Dharmapuri Road, Ganapathy, Salem, Tamil Nadu 633302",high,SYNTHETIC,2026-09-07T05:41:13.164375Z
P000198,Lakshit Singhal,criminal,1993-02-03,male,"182, Dharmapuri Road, Chokkanadar Pettai, Thanjavur, Tamil Nadu 632475",medium,SYNTHETIC,2026-09-07T05:41:13.164415Z
P000199,Xalak Bhatia,criminal,1988-09-09,male,"232, South Mada Street, Egmore, Ariyalur, Tamil Nadu 621777",low,SYNTHETIC,2026-09-07T05:41:13.164453Z
P000200,Wriddhish Kumer,criminal,1988-04-19,male,"125, Dharmapuri Road, Bharathi Bazaar, Salem, Tamil Nadu 619431",medium,SYNTHETIC,2026-09-07T05:41:13.164490Z
P000201,Damini Dutt,criminal,1964-04-18,male,"121, Church Street, Pappanaickenpalayam, Dharmapuri, Tamil Nadu 638675",medium,SYNTHETIC,2026-09-07T05:41:13.164528Z
P000202,Tejas Comar,criminal,1983-08-10,male,"261, Ghat Road, Garuda Mall Corridor, Virudhunagar, Tamil Nadu 632186",low,SYNTHETIC,2026-09-07T05:41:13.164575Z
P000203,Triveni Tella,criminal,1960-11-13,male,"199, Service Lane, Singanallur, Karur, Tamil Nadu 600477",low,SYNTHETIC,2026-09-07T05:41:13.164638Z
P000204,Saksham Din,criminal,1988-01-06,male,"282, Nethaji Road, Meenakshi Nagar, Madurai, Tamil Nadu 634295",low,SYNTHETIC,2026-09-07T05:41:13.164697Z
P000205,Inaya Pradhan,associate,1982-07-02,male,"340, Church Street, Kajamalai, Thiruvarur, Tamil Nadu 629523",medium,SYNTHETIC,2026-09-07T05:41:13.165619Z
P000206,Onveer Bhatia,associate,1997-07-07,male,"271, Harbour Approach Road, Egmore, Karur, Tamil Nadu 637567",low,SYNTHETIC,2026-09-07T05:41:13.165814Z
P000207,Dalbir Batta,associate,1982-11-24,female,"60, High Court Road, Garuda Mall Corridor, Salem, Tamil Nadu 615424",low,SYNTHETIC,2026-09-07T05:41:13.165902Z
P000208,Jatin Mukhopadhyay,associate,1967-02-13,male,"136, Railway Station Road, Mylapore, Nagapattinam, Tamil Nadu 637367",low,SYNTHETIC,2026-09-07T05:41:13.165976Z
P000209,Xavier Saran,associate,1996-03-21,female,"250, Load Road, Chromepet, Thanjavur, Tamil Nadu 632340",low,SYNTHETIC,2026-09-07T05:41:13.166047Z
P000210,Jasmit Chakrabarti,associate,1977-07-06,male,"42, North Car Street, Ganapathy, Cuddalore, Tamil Nadu 610059",low,SYNTHETIC,2026-09-07T05:41:13.166108Z
P000211,Udant Savant,associate,1975-10-17,male,"169, Harbour Approach Road, Gandhipuram, Vellore, Tamil Nadu 622758",unknown,SYNTHETIC,2026-09-07T05:41:13.166171Z
P000212,Naksh Parekh,associate,1984-11-17,female,"53, Church Street, KK Nagar, Vellore, Tamil Nadu 617994",low,SYNTHETIC,2026-09-07T05:41:13.166235Z
P000213,Ekbal Halder,associate,1987-07-03,male,"379, Kamraj Road, Vilachery, Kancheepuram, Tamil Nadu 602204",medium,SYNTHETIC,2026-09-07T05:41:13.166300Z
P000214,Orinder More,associate,1964-05-01,male,"214, Periyar Road, Washermenpet, Thanjavur, Tamil Nadu 612062",low,SYNTHETIC,2026-09-07T05:41:13.166366Z
P000215,Robert Palan,associate,1965-04-26,female,"17, High Court Road, Garuda Mall Corridor, Karur, Tamil Nadu 602372",low,SYNTHETIC,2026-09-07T05:41:13.166430Z
P000216,Kevin Parmar,associate,2003-05-08,male,"91, Nethaji Road, Azhagar Koil Road, Theni, Tamil Nadu 624864",unknown,SYNTHETIC,2026-09-07T05:41:13.166500Z
P000217,Ekaraj Sathe,associate,1972-06-03,female,"368, High Court Road, Pappanaickenpalayam, Nagapattinam, Tamil Nadu 616106",medium,SYNTHETIC,2026-09-07T05:41:13.166568Z
P000218,Ishani Ray,associate,2006-12-15,male,"380, Nethaji Road, Gandhipuram, Thanjavur, Tamil Nadu 624011",high,SYNTHETIC,2026-09-07T05:41:13.166636Z
P000219,Hritik Sha,associate,1980-06-28,female,"332, Harbour Approach Road, Gandhipuram, Thanjavur, Tamil Nadu 629860",low,SYNTHETIC,2026-09-07T05:41:13.166703Z
P000220,Balveer Hayre,associate,1984-10-25,male,"197, Bypass Road, Tambaram, Vellore, Tamil Nadu 628083",low,SYNTHETIC,2026-09-07T05:41:13.166987Z
P000221,Anthony Mistry,associate,1986-06-18,female,"221, Main Road, Valluvar Layout, Kancheepuram, Tamil Nadu 608212",medium,SYNTHETIC,2026-09-07T05:41:13.167066Z
P000222,Vedhika Jaggi,associate,1982-06-11,male,"168, Main Road, RS Puram, Erode, Tamil Nadu 615389",high,SYNTHETIC,2026-09-07T05:41:13.167257Z
P000223,Ranveer Vyas,associate,1968-12-01,female,"276, Service Lane, Vadapalani, Dharmapuri, Tamil Nadu 602639",medium,SYNTHETIC,2026-09-07T05:41:13.167359Z
P000224,Nidra Chacko,associate,1985-05-12,male,"273, 5th Cross, Sulur, Karur, Tamil Nadu 607323",high,SYNTHETIC,2026-09-07T05:41:13.167434Z
P000225,Varenya Datta,associate,1973-01-30,male,"240, Anna Salai, Ammapet, Kancheepuram, Tamil Nadu 621954",medium,SYNTHETIC,2026-09-07T05:41:13.167495Z
P000226,Gabriel Kumer,associate,1983-12-17,male,"361, Main Road, Nellithope, Villupuram, Tamil Nadu 628114",medium,SYNTHETIC,2026-09-07T05:41:13.167553Z
P000227,Ati Tank,associate,1965-04-27,male,"219, Railway Station Road, Tambaram, Sivaganga, Tamil Nadu 625013",low,SYNTHETIC,2026-09-07T05:41:13.167609Z
P000228,Harita Date,associate,1971-11-06,male,"407, High Court Road, Muthialpet, Virudhunagar, Tamil Nadu 607359",low,SYNTHETIC,2026-09-07T05:41:13.167664Z
P000229,Aachal Bains,associate,1998-02-02,female,"352, Periyar Road, Madurai Junction, Tiruvannamalai, Tamil Nadu 605591",medium,SYNTHETIC,2026-09-07T05:41:13.167718Z
P000230,Adweta Raj,associate,1993-01-03,female,"313, Double Road, Kallamadu, Kanniyakumari, Tamil Nadu 638714",high,SYNTHETIC,2026-09-07T05:41:13.167769Z
P000231,Omya Parsa,associate,2001-10-04,male,"230, North Car Street, Royapuram, Nagapattinam, Tamil Nadu 617606",low,SYNTHETIC,2026-09-07T05:41:13.167819Z
P000232,Zayyan Ramachandran,associate,1956-01-13,female,"31, Service Lane, Nellithope, Dharmapuri, Tamil Nadu 603038",medium,SYNTHETIC,2026-09-07T05:41:13.167872Z
P000233,Widisha Kohli,associate,1992-08-18,male,"248, Ghat Road, Velachery, Thiruvarur, Tamil Nadu 631261",medium,SYNTHETIC,2026-09-07T05:41:13.167921Z
P000234,Thomas Nayar,associate,1982-12-14,female,"28, Railway Station Road, Vilachery, Vellore, Tamil Nadu 630899",low,SYNTHETIC,2026-09-07T05:41:13.167972Z
P000235,Warinder Bal,associate,2006-05-06,male,"291, Bypass Road, Arappalayam, Virudhunagar, Tamil Nadu 628230",low,SYNTHETIC,2026-09-07T05:41:13.168024Z
P000236,Meghana Venkataraman,associate,1995-03-08,female,"200, Church Street, Sowdambika Layout, Thanjavur, Tamil Nadu 619367",low,SYNTHETIC,2026-09-07T05:41:13.168081Z
P000237,Eesha Thaman,associate,1960-03-28,female,"156, South Mada Street, Tambaram, Dharmapuri, Tamil Nadu 639787",low,SYNTHETIC,2026-09-07T05:41:13.168131Z
P000238,Udyati Sood,associate,1957-02-10,male,"201, Market Street, Ganapathy, Villupuram, Tamil Nadu 601048",medium,SYNTHETIC,2026-09-07T05:41:13.168183Z
P000239,Manthan Palan,associate,1980-07-08,male,"46, 5th Cross, KK Nagar, Madurai, Tamil Nadu 626359",medium,SYNTHETIC,2026-09-07T05:41:13.168232Z
P000240,Chasmum Babu,associate,1959-02-25,male,"174, North Car Street, Meenakshi Nagar, Erode, Tamil Nadu 631144",medium,SYNTHETIC,2026-09-07T05:41:13.168281Z
P000241,Chandani Gill,associate,2003-11-30,female,"383, Harbour Approach Road, Chromepet, Namakkal, Tamil Nadu 615178",low,SYNTHETIC,2026-09-07T05:41:13.168330Z
P000242,Bhavini Modi,associate,1983-06-17,male,"416, Main Road, Sowdambika Layout, Karur, Tamil Nadu 621440",low,SYNTHETIC,2026-09-07T05:41:13.168384Z
P000243,Rehaan Madan,associate,1983-08-25,male,"281, Main Road, Royapuram, Nagapattinam, Tamil Nadu 621987",low,SYNTHETIC,2026-09-07T05:41:13.168434Z
P000244,Diya D’Alia,associate,1979-12-30,female,"99, Harbour Approach Road, Adyar, Erode, Tamil Nadu 632850",unknown,SYNTHETIC,2026-09-07T05:41:13.168487Z
P000245,Finn Mammen,associate,1976-10-16,female,"188, Bypass Road, KK Nagar, Thanjavur, Tamil Nadu 634101",low,SYNTHETIC,2026-09-07T05:41:13.168541Z
P000246,Vritti Sidhu,associate,1982-09-24,female,"342, Nethaji Road, Nellithope, Thoothukudi, Tamil Nadu 611409",low,SYNTHETIC,2026-09-07T05:41:13.168593Z
P000247,Lavanya Nayak,associate,1991-06-13,male,"178, Load Road, Keezhakkarai, Coimbatore, Tamil Nadu 637477",low,SYNTHETIC,2026-09-07T05:41:13.168644Z
P000248,Meera Modi,associate,1987-08-20,male,"412, Anna Salai, Sundarankottai, Nagapattinam, Tamil Nadu 635464",low,SYNTHETIC,2026-09-07T05:41:13.168699Z
P000249,Logan Muni,associate,1974-08-26,male,"110, Dharmapuri Road, Mylapore, Coimbatore, Tamil Nadu 622640",medium,SYNTHETIC,2026-09-07T05:41:13.168751Z
P000250,Ridhi Saxena,associate,1973-12-25,female,"210, Load Road, RS Puram, Tiruchchirappalli, Tamil Nadu 630287",medium,SYNTHETIC,2026-09-07T05:41:13.168799Z
P000251,Maya Ratta,associate,1975-11-10,male,"255, Periyar Road, Kallamadu, Perambalur, Tamil Nadu 613969",low,SYNTHETIC,2026-09-07T05:41:13.168849Z
P000252,Bakhshi Shenoy,associate,1989-09-28,male,"288, Dharmapuri Road, Muthialpet, Thiruvallur, Tamil Nadu 605364",unknown,SYNTHETIC,2026-09-07T05:41:13.168899Z
P000253,George Manda,associate,1958-07-17,male,"92, Anna Salai, Palladam, Coimbatore, Tamil Nadu 628467",medium,SYNTHETIC,2026-09-07T05:41:13.168953Z
P000254,Pallavi Shere,associate,1962-10-03,female,"194, Periyar Road, Muthialpet, Namakkal, Tamil Nadu 625130",low,SYNTHETIC,2026-09-07T05:41:13.169002Z
P000255,Krishna Nagy,associate,1987-04-27,female,"196, Church Street, Azhagar Koil Road, Nagapattinam, Tamil Nadu 626371",low,SYNTHETIC,2026-09-07T05:41:13.169052Z
P000256,Hemal Yadav,associate,1979-12-02,male,"325, Harbour Approach Road, Ambattur, Theni, Tamil Nadu 614840",low,SYNTHETIC,2026-09-07T05:41:13.169101Z
P000257,Abhiram Ahluwalia,associate,2000-05-20,male,"245, Harbour Approach Road, Coimbatore Junction, Kancheepuram, Tamil Nadu 600292",low,SYNTHETIC,2026-09-07T05:41:13.169152Z
P000258,Caleb Goel,associate,1965-08-28,female,"44, Double Road, Madurai Junction, Ariyalur, Tamil Nadu 627781",low,SYNTHETIC,2026-09-07T05:41:13.169206Z
P000259,Harita Johal,associate,1966-07-29,male,"369, Nethaji Road, Vadapalani, Madurai, Tamil Nadu 618324",low,SYNTHETIC,2026-09-07T05:41:13.169267Z
P000260,Ikbal Gopal,associate,1965-07-01,female,"253, Kamraj Road, Sowdambika Layout, Ramanathapuram, Tamil Nadu 629435",low,SYNTHETIC,2026-09-07T05:41:13.169322Z
P000261,Kamala Nigam,associate,1975-01-11,female,"142, South Mada Street, Palladam, Virudhunagar, Tamil Nadu 633879",low,SYNTHETIC,2026-09-07T05:41:13.169379Z
P000262,Darika Kadakia,associate,1963-11-24,female,"352, Bypass Road, Royapuram, Thiruvallur, Tamil Nadu 621797",medium,SYNTHETIC,2026-09-07T05:41:13.169430Z
P000263,Pushti Choudhury,associate,1975-04-10,male,"187, Nethaji Road, Muthialpet, Dharmapuri, Tamil Nadu 614206",low,SYNTHETIC,2026-09-07T05:41:13.169489Z
P000264,Gunbir Acharya,associate,1987-04-15,female,"419, Church Street, Keezhakkarai, Kanniyakumari, Tamil Nadu 622904",medium,SYNTHETIC,2026-09-07T05:41:13.169552Z
P000265,Zehaan Chhabra,associate,1994-10-04,male,"374, Market Street, Chromepet, Kancheepuram, Tamil Nadu 604856",medium,SYNTHETIC,2026-09-07T05:41:13.169598Z
P000266,Rachita Varma,associate,1965-12-20,female,"170, Nethaji Road, Tambaram, Villupuram, Tamil Nadu 613488",low,SYNTHETIC,2026-09-07T05:41:13.169638Z
P000267,Oeshi Sunder,associate,1973-06-14,female,"35, Eruvadi Road, Ambattur, Sivaganga, Tamil Nadu 630490",low,SYNTHETIC,2026-09-07T05:41:13.169675Z
P000268,Rachita Char,associate,1974-02-12,female,"418, Market Street, Garuda Mall Corridor, Pudukkottai, Tamil Nadu 609283",medium,SYNTHETIC,2026-09-07T05:41:13.169713Z
P000269,Balhaar Nayak,associate,1956-02-04,male,"124, Eruvadi Road, Thirunagar, Theni, Tamil Nadu 614706",medium,SYNTHETIC,2026-09-07T05:41:13.169755Z
P000270,Banjeet Yogi,associate,2001-09-25,female,"357, Railway Station Road, Garuda Mall Corridor, Kancheepuram, Tamil Nadu 619641",low,SYNTHETIC,2026-09-07T05:41:13.169795Z
P000271,Tanmayi Patel,associate,1963-08-21,female,"150, Bypass Road, Egmore, Dharmapuri, Tamil Nadu 622964",low,SYNTHETIC,2026-09-07T05:41:13.169847Z
P000272,Lekha Kumar,associate,1965-12-13,male,"184, Kamraj Road, Sundarankottai, Ramanathapuram, Tamil Nadu 613649",low,SYNTHETIC,2026-09-07T05:41:13.169898Z
P000273,Bimala Dey,associate,1992-10-06,female,"52, Kamraj Road, Mettupalayam, Kanniyakumari, Tamil Nadu 611179",low,SYNTHETIC,2026-09-07T05:41:13.169949Z
P000274,Hamsini Pandit,associate,1982-02-10,female,"253, North Car Street, Kajamalai, Namakkal, Tamil Nadu 607695",low,SYNTHETIC,2026-09-07T05:41:13.170001Z
P000275,Faris Suri,associate,1959-05-08,female,"353, Ghat Road, Arumbakkam, Nilgiris, Tamil Nadu 605169",medium,SYNTHETIC,2026-09-07T05:41:13.170055Z
P000276,Ati Kala,associate,1988-04-14,male,"324, Anna Salai, Bharathi Bazaar, Vellore, Tamil Nadu 631203",low,SYNTHETIC,2026-09-07T05:41:13.170113Z
P000277,Abeer Sarna,associate,1972-08-27,male,"212, High Court Road, Vinoba Nagar, Thiruvarur, Tamil Nadu 600073",low,SYNTHETIC,2026-09-07T05:41:13.170166Z
P000278,Aadi Vyas,associate,1972-08-23,male,"63, North Car Street, Singanallur, Theni, Tamil Nadu 602605",high,SYNTHETIC,2026-09-07T05:41:13.170211Z
P000279,Ekansh Borah,associate,1969-12-17,female,"330, Market Street, Pappanaickenpalayam, Chengalpattu, Tamil Nadu 606185",medium,SYNTHETIC,2026-09-07T05:41:13.170256Z
P000280,Gagan Deshpande,associate,1991-09-28,female,"362, Main Road, Kuruvikulam, Chengalpattu, Tamil Nadu 627774",unknown,SYNTHETIC,2026-09-07T05:41:13.170320Z
P000281,Isha Sarkar,associate,1965-09-15,male,"342, Bypass Road, Gandhipuram, Virudhunagar, Tamil Nadu 620717",low,SYNTHETIC,2026-09-07T05:41:13.170370Z
P000282,Mohini Misra,associate,2003-12-25,female,"303, Market Street, Meenakshi Nagar, Kancheepuram, Tamil Nadu 629567",high,SYNTHETIC,2026-09-07T05:41:13.170417Z
P000283,Elijah Tandon,associate,1960-09-21,male,"301, Eruvadi Road, Valluvar Layout, Ariyalur, Tamil Nadu 619627",low,SYNTHETIC,2026-09-07T05:41:13.170461Z
P000284,Orinder Varma,associate,1992-12-08,male,"23, Church Street, Pappanaickenpalayam, Erode, Tamil Nadu 609308",low,SYNTHETIC,2026-09-07T05:41:13.170510Z
P000285,Bhavani Rout,associate,1978-11-04,male,"145, Ghat Road, Adyar, Vellore, Tamil Nadu 617717",high,SYNTHETIC,2026-09-07T05:41:13.170562Z
P000286,Tamanna Misra,associate,1990-08-21,male,"13, Main Road, Meenakshi Nagar, Coimbatore, Tamil Nadu 611271",low,SYNTHETIC,2026-09-07T05:41:13.170618Z
P000287,Forum Mangat,associate,2004-12-28,male,"395, Main Road, Azhagar Koil Road, Theni, Tamil Nadu 629373",medium,SYNTHETIC,2026-09-07T05:41:13.170672Z
P000288,Pranit Kurian,associate,1960-03-22,male,"317, Service Lane, Mattuthavani, Theni, Tamil Nadu 629293",low,SYNTHETIC,2026-09-07T05:41:13.170724Z
P000289,Girindra Nagar,associate,1970-07-21,female,"147, Church Street, Ukkadam, Sivaganga, Tamil Nadu 634271",low,SYNTHETIC,2026-09-07T05:41:13.170775Z
P000290,Harrison Rai,associate,2000-02-17,female,"6, Load Road, Ganapathy, Namakkal, Tamil Nadu 638232",medium,SYNTHETIC,2026-09-07T05:41:13.170827Z
P000291,Lohit Desai,associate,1998-10-19,male,"261, Market Street, Mettupalayam, Thanjavur, Tamil Nadu 603028",low,SYNTHETIC,2026-09-07T05:41:13.170916Z
P000292,Harish Balakrishnan,associate,1986-01-27,female,"201, Dharmapuri Road, Keezhakkarai, Salem, Tamil Nadu 608811",low,SYNTHETIC,2026-09-07T05:41:13.170976Z
P000293,Vrishti Raju,associate,1974-03-05,male,"388, Bypass Road, Coimbatore Junction, Cuddalore, Tamil Nadu 617620",medium,SYNTHETIC,2026-09-07T05:41:13.171034Z
P000294,Henry Edwin,associate,2003-12-06,female,"205, Service Lane, Chromepet, Nagapattinam, Tamil Nadu 612852",medium,SYNTHETIC,2026-09-07T05:41:13.171091Z
P000295,Mohini Barad,associate,1988-07-08,female,"414, Church Street, Vinoba Nagar, Theni, Tamil Nadu 609127",low,SYNTHETIC,2026-09-07T05:41:13.171145Z
P000296,Lipika Dewan,associate,2005-12-01,female,"92, Anna Salai, Ganapathy, Kanniyakumari, Tamil Nadu 615938",low,SYNTHETIC,2026-09-07T05:41:13.171199Z
P000297,Gagan Bakshi,associate,1991-02-23,male,"289, Main Road, Meenakshi Nagar, Thoothukudi, Tamil Nadu 602013",medium,SYNTHETIC,2026-09-07T05:41:13.171253Z
P000298,Gunbir Korpal,associate,2004-11-18,male,"87, Periyar Road, Keezhakkarai, Tiruppur, Tamil Nadu 632854",medium,SYNTHETIC,2026-09-07T05:41:13.171299Z
P000299,Naksh Joshi,associate,1980-09-14,male,"367, Nethaji Road, Porur, Salem, Tamil Nadu 625137",low,SYNTHETIC,2026-09-07T05:41:13.171348Z
P000300,Damini Pandit,associate,1960-12-07,male,"303, Church Street, Pappanaickenpalayam, Tiruchchirappalli, Tamil Nadu 602639",high,SYNTHETIC,2026-09-07T05:41:13.171427Z
P000301,Diya Saraf,associate,1998-02-26,male,"266, Eruvadi Road, Egmore, Vellore, Tamil Nadu 627986",low,SYNTHETIC,2026-09-07T05:41:13.171482Z
P000302,Leela Wali,associate,1982-02-05,female,"57, North Car Street, RS Puram, Karur, Tamil Nadu 633084",medium,SYNTHETIC,2026-09-07T05:41:13.171538Z
P000303,Laksh Kalla,associate,1960-01-04,male,"151, Anna Salai, Mylapore, Thoothukudi, Tamil Nadu 622385",low,SYNTHETIC,2026-09-07T05:41:13.171592Z
P000304,Ayushman Sagar,associate,1962-10-13,male,"273, Nethaji Road, Egmore, Cuddalore, Tamil Nadu 607061",low,SYNTHETIC,2026-09-07T05:41:13.171644Z
P000305,Unnati Naidu,associate,1998-06-21,male,"153, Harbour Approach Road, Anna Nagar, Nagapattinam, Tamil Nadu 613446",low,SYNTHETIC,2026-09-07T05:41:13.171696Z
P000306,Chaman Parikh,associate,1964-07-08,female,"69, High Court Road, Mattuthavani, Sivaganga, Tamil Nadu 637949",high,SYNTHETIC,2026-09-07T05:41:13.171748Z
P000307,Imaran Tiwari,associate,1965-04-15,female,"27, Service Lane, Kuruvikulam, Namakkal, Tamil Nadu 633686",low,SYNTHETIC,2026-09-07T05:41:13.171799Z
P000308,Nandini Sharaf,associate,1987-12-02,male,"37, Dharmapuri Road, Azhagar Koil Road, Kanniyakumari, Tamil Nadu 627919",low,SYNTHETIC,2026-09-07T05:41:13.171885Z
P000309,Nimrat Doctor,associate,2001-10-31,female,"145, Railway Station Road, Singanallur, Pudukkottai, Tamil Nadu 612604",medium,SYNTHETIC,2026-09-07T05:41:13.171939Z
P000310,Raagini Nagar,associate,1997-03-13,female,"229, Market Street, Valluvar Layout, Pudukkottai, Tamil Nadu 605852",low,SYNTHETIC,2026-09-07T05:41:13.171994Z
P000311,Rajeshri Thakur,associate,2003-04-09,male,"84, 5th Cross, Velachery, Kanniyakumari, Tamil Nadu 620859",low,SYNTHETIC,2026-09-07T05:41:13.172044Z
P000312,Faraj Upadhyay,associate,1983-03-04,female,"12, Kamraj Road, Vilachery, Nagapattinam, Tamil Nadu 615450",low,SYNTHETIC,2026-09-07T05:41:13.172101Z
P000313,Ekavir Kurian,associate,1970-01-22,female,"113, Market Street, Garuda Mall Corridor, Chengalpattu, Tamil Nadu 638533",medium,SYNTHETIC,2026-09-07T05:41:13.172153Z
P000314,Chavvi Iyengar,associate,1957-10-18,female,"248, High Court Road, Estancia, Theni, Tamil Nadu 621466",low,SYNTHETIC,2026-09-07T05:41:13.172205Z
P000315,Ranbir Pall,associate,1985-06-24,female,"170, Periyar Road, Kajamalai, Vellore, Tamil Nadu 601133",low,SYNTHETIC,2026-09-07T05:41:13.172256Z
P000316,Ekanta Chand,associate,1960-09-07,male,"249, High Court Road, Chromepet, Cuddalore, Tamil Nadu 631517",unknown,SYNTHETIC,2026-09-07T05:41:13.172307Z
P000317,Gabriel Upadhyay,associate,1977-01-19,female,"136, High Court Road, Muthialpet, Tiruvannamalai, Tamil Nadu 612750",low,SYNTHETIC,2026-09-07T05:41:13.172356Z
P000318,Bhavya Dugar,associate,2001-12-23,male,"240, Ghat Road, Vadapalani, Pudukkottai, Tamil Nadu 630101",medium,SYNTHETIC,2026-09-07T05:41:13.172406Z
P000319,Banjeet Walla,associate,1997-09-03,female,"75, Main Road, Meenakshi Nagar, Ariyalur, Tamil Nadu 636568",low,SYNTHETIC,2026-09-07T05:41:13.172457Z
P000320,Qadim Luthra,associate,1991-05-19,female,"300, Main Road, Azhagar Koil Road, Chengalpattu, Tamil Nadu 619090",low,SYNTHETIC,2026-09-07T05:41:13.172511Z
P000321,Zayyan Sachdev,associate,1988-04-29,male,"178, Harbour Approach Road, Tambaram, Vellore, Tamil Nadu 606834",low,SYNTHETIC,2026-09-07T05:41:13.172560Z
P000322,Zarna Dasgupta,associate,1999-02-12,male,"44, Market Street, Kuruvikulam, Thanjavur, Tamil Nadu 608008",low,SYNTHETIC,2026-09-07T05:41:13.172611Z
P000323,Alka Thakkar,associate,1989-01-31,female,"305, Harbour Approach Road, Kajamalai, Namakkal, Tamil Nadu 601861",low,SYNTHETIC,2026-09-07T05:41:13.172658Z
P000324,Sudiksha Borah,associate,1972-06-27,male,"233, Kamraj Road, Vinoba Nagar, Perambalur, Tamil Nadu 626877",low,SYNTHETIC,2026-09-07T05:41:13.172705Z
P000325,Raksha Kannan,associate,1969-02-19,male,"313, Railway Station Road, Ambattur, Tiruchchirappalli, Tamil Nadu 617253",low,SYNTHETIC,2026-09-07T05:41:13.172755Z
P000326,Anika Dhar,associate,1999-01-19,female,"199, Eruvadi Road, Washermenpet, Villupuram, Tamil Nadu 611371",low,SYNTHETIC,2026-09-07T05:41:13.172804Z
P000327,Imaran Apte,associate,1987-08-08,female,"125, High Court Road, Gandhipuram, Tiruchchirappalli, Tamil Nadu 619580",medium,SYNTHETIC,2026-09-07T05:41:13.172857Z
P000328,Gautami Suri,associate,1978-08-22,female,"184, Market Street, Mylapore, Villupuram, Tamil Nadu 607058",low,SYNTHETIC,2026-09-07T05:41:13.172907Z
P000329,Jalsa Deshpande,associate,1986-08-19,male,"277, Anna Salai, Ambattur, Dharmapuri, Tamil Nadu 638118",medium,SYNTHETIC,2026-09-07T05:41:13.172957Z
P000330,Upma Bhargava,associate,1993-03-02,male,"53, Eruvadi Road, RS Puram, Nagapattinam, Tamil Nadu 615903",low,SYNTHETIC,2026-09-07T05:41:13.173006Z
P000331,Megha Roy,associate,1964-07-06,male,"225, Church Street, Tambaram, Perambalur, Tamil Nadu 625831",low,SYNTHETIC,2026-09-07T05:41:13.173055Z
P000332,Azad Bora,associate,1966-07-16,female,"169, Eruvadi Road, Vinoba Nagar, Namakkal, Tamil Nadu 602285",high,SYNTHETIC,2026-09-07T05:41:13.173103Z
P000333,Chakradhar Chokshi,associate,1965-07-04,male,"381, Harbour Approach Road, Azhagar Koil Road, Ariyalur, Tamil Nadu 613710",low,SYNTHETIC,2026-09-07T05:41:13.173153Z
P000334,Ronith Chadha,associate,1995-09-21,female,"407, Periyar Road, Chromepet, Tiruchchirappalli, Tamil Nadu 609122",medium,SYNTHETIC,2026-09-07T05:41:13.173205Z
P000335,Sudiksha Mohan,associate,1983-03-01,male,"276, Ghat Road, Ambattur, Cuddalore, Tamil Nadu 619903",medium,SYNTHETIC,2026-09-07T05:41:13.173252Z
P000336,Varenya Dey,associate,1982-12-16,male,"402, Double Road, Vinoba Nagar, Cuddalore, Tamil Nadu 614434",low,SYNTHETIC,2026-09-07T05:41:13.173301Z
P000337,Sanaya Desai,associate,1963-07-10,male,"211, Kamraj Road, Ambattur, Thoothukudi, Tamil Nadu 625500",low,SYNTHETIC,2026-09-07T05:41:13.173352Z
P000338,Neha Nori,associate,1956-10-06,female,"186, Eruvadi Road, Madurai Junction, Ariyalur, Tamil Nadu 623850",low,SYNTHETIC,2026-09-07T05:41:13.173424Z
P000339,Madhav Sen,associate,1977-07-06,male,"338, Anna Salai, Vadapalani, Thiruvarur, Tamil Nadu 631624",unknown,SYNTHETIC,2026-09-07T05:41:13.173482Z
P000340,Michael Rao,associate,1996-11-03,female,"343, Market Street, Velachery, Sivaganga, Tamil Nadu 623236",medium,SYNTHETIC,2026-09-07T05:41:13.173537Z
P000341,Riya Handa,associate,1972-08-10,male,"367, Anna Salai, Mattuthavani, Pudukkottai, Tamil Nadu 602127",low,SYNTHETIC,2026-09-07T05:41:13.173589Z
P000342,Nihal Khare,associate,1992-12-20,male,"296, Dharmapuri Road, Keezhakkarai, Karur, Tamil Nadu 603747",low,SYNTHETIC,2026-09-07T05:41:13.173648Z
P000343,Harshil Sem,associate,2007-05-02,male,"32, 5th Cross, Royapuram, Virudhunagar, Tamil Nadu 626780",high,SYNTHETIC,2026-09-07T05:41:13.173706Z
P000344,Leena Aurora,associate,1985-06-05,male,"1, Church Street, Bharathi Bazaar, Kanniyakumari, Tamil Nadu 628793",medium,SYNTHETIC,2026-09-07T05:41:13.173765Z
P000345,Hemang Sabharwal,associate,1963-04-11,female,"40, Harbour Approach Road, New Bus Stand, Namakkal, Tamil Nadu 604526",low,SYNTHETIC,2026-09-07T05:41:13.173832Z
P000346,Chatresh Krishna,associate,1960-06-29,male,"236, South Mada Street, Singanallur, Erode, Tamil Nadu 613738",medium,SYNTHETIC,2026-09-07T05:41:13.173896Z
P000347,Ishani Mittal,associate,1993-06-05,female,"76, Anna Salai, Mattuthavani, Thiruvallur, Tamil Nadu 618905",low,SYNTHETIC,2026-09-07T05:41:13.173957Z
P000348,Tanvi Pandey,associate,1964-05-02,female,"104, High Court Road, Vilachery, Kancheepuram, Tamil Nadu 608303",low,SYNTHETIC,2026-09-07T05:41:13.174013Z
P000349,Sanaya Mukherjee,associate,1975-01-02,female,"164, Anna Salai, Singanallur, Tiruppur, Tamil Nadu 611993",low,SYNTHETIC,2026-09-07T05:41:13.174071Z
P000350,Vritti Palla,associate,1990-07-12,male,"270, South Mada Street, RS Puram, Dharmapuri, Tamil Nadu 600256",low,SYNTHETIC,2026-09-07T05:41:13.174153Z
P000351,Meera Narain,associate,1977-08-15,female,"245, Load Road, Madurai Junction, Theni, Tamil Nadu 606765",medium,SYNTHETIC,2026-09-07T05:41:13.174212Z
P000352,Saksham Bassi,associate,2005-02-04,female,"264, Dharmapuri Road, Gandhipuram, Villupuram, Tamil Nadu 609656",unknown,SYNTHETIC,2026-09-07T05:41:13.174266Z
P000353,Krisha Ahuja,associate,1990-08-30,female,"226, Ghat Road, Egmore, Thanjavur, Tamil Nadu 607103",medium,SYNTHETIC,2026-09-07T05:41:13.174319Z
P000354,Gopal Bahl,associate,1974-06-20,female,"359, High Court Road, Porur, Theni, Tamil Nadu 617385",low,SYNTHETIC,2026-09-07T05:41:13.174372Z
P000355,Robert Dutta,associate,1987-03-11,male,"50, Anna Salai, Garuda Mall Corridor, Ariyalur, Tamil Nadu 621784",medium,SYNTHETIC,2026-09-07T05:41:13.174421Z
P000356,Charan Gera,associate,1993-08-11,female,"175, Nethaji Road, Sulur, Tiruppur, Tamil Nadu 605532",high,SYNTHETIC,2026-09-07T05:41:13.174473Z
P000357,Chatresh Sangha,associate,1959-06-18,male,"18, Church Street, Keezhakkarai, Thiruvarur, Tamil Nadu 602196",low,SYNTHETIC,2026-09-07T05:41:13.174526Z
P000358,Aashi Muni,associate,1990-02-14,male,"272, Eruvadi Road, Muthialpet, Thanjavur, Tamil Nadu 635773",low,SYNTHETIC,2026-09-07T05:41:13.174576Z
P000359,Amaira Chana,associate,1978-10-24,male,"254, Anna Salai, Sowdambika Layout, Thiruvallur, Tamil Nadu 633344",low,SYNTHETIC,2026-09-07T05:41:13.174630Z
P000360,Krisha Chopra,associate,1995-08-19,male,"420, Harbour Approach Road, Arumbakkam, Sivaganga, Tamil Nadu 638527",low,SYNTHETIC,2026-09-07T05:41:13.174676Z
P000361,Harshil Sama,associate,1994-04-19,male,"306, Double Road, Peelamedu, Nilgiris, Tamil Nadu 605273",low,SYNTHETIC,2026-09-07T05:41:13.174726Z
P000362,Karan Natarajan,associate,1962-04-20,female,"144, Kamraj Road, Peelamedu, Namakkal, Tamil Nadu 616554",medium,SYNTHETIC,2026-09-07T05:41:13.174778Z
P000363,Falak Kunda,associate,1970-06-18,female,"180, Kamraj Road, Adyar, Villupuram, Tamil Nadu 637089",medium,SYNTHETIC,2026-09-07T05:41:13.174832Z
P000364,Vaishnavi Dewan,associate,1992-10-05,male,"366, Church Street, Muthialpet, Karur, Tamil Nadu 635960",high,SYNTHETIC,2026-09-07T05:41:13.174883Z
P000365,Unni Magar,associate,1998-07-29,female,"121, Eruvadi Road, Bharathi Bazaar, Thoothukudi, Tamil Nadu 637873",low,SYNTHETIC,2026-09-07T05:41:13.174935Z
P000366,Neelima Arya,associate,1960-10-23,male,"76, Anna Salai, Arappalayam, Thoothukudi, Tamil Nadu 625348",low,SYNTHETIC,2026-09-07T05:41:13.174987Z
P000367,Vyanjana Pant,associate,1963-04-18,male,"304, Ghat Road, Estancia, Sivaganga, Tamil Nadu 625351",low,SYNTHETIC,2026-09-07T05:41:13.175043Z
P000368,Simon Sachdev,associate,1995-07-01,female,"318, Service Lane, Vilachery, Dharmapuri, Tamil Nadu 636828",unknown,SYNTHETIC,2026-09-07T05:41:13.175097Z
P000369,Nilima Gulati,associate,1991-07-05,female,"332, Church Street, Muthialpet, Ariyalur, Tamil Nadu 605123",low,SYNTHETIC,2026-09-07T05:41:13.175142Z
P000370,Ucchal Doshi,associate,1975-07-22,female,"321, 5th Cross, Kuruvikulam, Thiruvarur, Tamil Nadu 615944",low,SYNTHETIC,2026-09-07T05:41:13.175186Z
P000371,Jagat Deshmukh,associate,1995-05-08,male,"326, Double Road, Arappalayam, Vellore, Tamil Nadu 603446",medium,SYNTHETIC,2026-09-07T05:41:13.175246Z
P000372,Vaishnavi Mishra,associate,1996-01-03,male,"309, 5th Cross, Mattuthavani, Chengalpattu, Tamil Nadu 615625",low,SYNTHETIC,2026-09-07T05:41:13.175309Z
P000373,Triya Memon,associate,1977-10-10,female,"150, Ghat Road, Kallamadu, Sivaganga, Tamil Nadu 613336",low,SYNTHETIC,2026-09-07T05:41:13.175356Z
P000374,Ekapad Sethi,associate,1971-11-17,male,"16, Harbour Approach Road, Kallamadu, Erode, Tamil Nadu 605348",unknown,SYNTHETIC,2026-09-07T05:41:13.175420Z
P000375,Aradhana Bobal,associate,1955-10-14,female,"397, North Car Street, Valluvar Layout, Thoothukudi, Tamil Nadu 638706",low,SYNTHETIC,2026-09-07T05:41:13.175475Z
P000376,Jack Kapoor,associate,1969-06-17,male,"249, Dharmapuri Road, Sowdambika Layout, Kanniyakumari, Tamil Nadu 626917",low,SYNTHETIC,2026-09-07T05:41:13.175530Z
P000377,Lajita Wason,associate,1957-03-01,male,"380, Harbour Approach Road, Sundarankottai, Thanjavur, Tamil Nadu 619680",high,SYNTHETIC,2026-09-07T05:41:13.175588Z
P000378,Bina Jaggi,associate,1992-01-12,female,"199, Kamraj Road, Vinoba Nagar, Cuddalore, Tamil Nadu 607594",low,SYNTHETIC,2026-09-07T05:41:13.175645Z
P000379,Jagvi Sampath,associate,1966-04-17,female,"192, Periyar Road, Kajamalai, Ramanathapuram, Tamil Nadu 630495",high,SYNTHETIC,2026-09-07T05:41:13.175697Z
P000380,Omaja Varghese,associate,1959-02-13,male,"419, Church Street, Madurai Junction, Nilgiris, Tamil Nadu 632820",low,SYNTHETIC,2026-09-07T05:41:13.175749Z
P000381,Meghana Vohra,associate,1963-12-29,female,"199, Dharmapuri Road, Mettupalayam, Ramanathapuram, Tamil Nadu 624326",low,SYNTHETIC,2026-09-07T05:41:13.175803Z
P000382,Aarush Palla,associate,1977-02-04,female,"274, Dharmapuri Road, Azhagar Koil Road, Sivaganga, Tamil Nadu 638178",low,SYNTHETIC,2026-09-07T05:41:13.175856Z
P000383,Alexander Chanda,associate,1982-01-07,male,"104, Nethaji Road, Vinoba Nagar, Perambalur, Tamil Nadu 620712",low,SYNTHETIC,2026-09-07T05:41:13.175907Z
P000384,Shivansh Arora,associate,1997-10-30,female,"71, Eruvadi Road, Kallamadu, Thanjavur, Tamil Nadu 608541",medium,SYNTHETIC,2026-09-07T05:41:13.175956Z
P000385,Neel Bhatnagar,associate,1975-10-28,female,"197, Double Road, Bharathi Bazaar, Perambalur, Tamil Nadu 616111",medium,SYNTHETIC,2026-09-07T05:41:13.176007Z
P000386,Janaki Char,associate,1995-07-15,male,"31, Double Road, RS Puram, Chennai, Tamil Nadu 612354",low,SYNTHETIC,2026-09-07T05:41:13.176056Z
P000387,Naveen Raj,associate,1970-05-26,female,"97, Ghat Road, Sundarankottai, Nilgiris, Tamil Nadu 604063",low,SYNTHETIC,2026-09-07T05:41:13.176106Z
P000388,Harish Mitra,associate,1970-02-26,female,"13, Dharmapuri Road, Thirunagar, Cuddalore, Tamil Nadu 631062",low,SYNTHETIC,2026-09-07T05:41:13.176158Z
P000389,Qarin Dutt,associate,1994-01-01,male,"266, 5th Cross, Nellithope, Salem, Tamil Nadu 609730",low,SYNTHETIC,2026-09-07T05:41:13.176204Z
P000390,Omkaar Mallick,associate,1997-03-03,male,"367, Kamraj Road, Estancia, Pudukkottai, Tamil Nadu 600292",medium,SYNTHETIC,2026-09-07T05:41:13.176251Z
P000391,Joshua Savant,associate,1964-05-19,male,"406, Dharmapuri Road, Coimbatore Junction, Tiruvannamalai, Tamil Nadu 639430",unknown,SYNTHETIC,2026-09-07T05:41:13.176306Z
P000392,Rohan Nayak,associate,1999-03-11,male,"213, Periyar Road, Royapuram, Dharmapuri, Tamil Nadu 621442",high,SYNTHETIC,2026-09-07T05:41:13.176357Z
P000393,Raagini Nagy,associate,1985-01-17,female,"400, South Mada Street, Ammapet, Ariyalur, Tamil Nadu 639316",high,SYNTHETIC,2026-09-07T05:41:13.176406Z
P000394,Isaiah Rege,associate,1997-03-07,female,"267, Periyar Road, Gandhipuram, Theni, Tamil Nadu 629890",low,SYNTHETIC,2026-09-07T05:41:13.176456Z
P000395,Rushil Dada,associate,1967-02-18,male,"105, Periyar Road, Pothigai Nagar, Karur, Tamil Nadu 627873",low,SYNTHETIC,2026-09-07T05:41:13.176505Z
P000396,Sathvik Chaudry,associate,1962-05-01,male,"193, Dharmapuri Road, Vinoba Nagar, Kanniyakumari, Tamil Nadu 635616",low,SYNTHETIC,2026-09-07T05:41:13.176555Z
P000397,Alexander Luthra,associate,1995-01-20,female,"99, High Court Road, Sowdambika Layout, Salem, Tamil Nadu 635099",low,SYNTHETIC,2026-09-07T05:41:13.176609Z
P000398,Ekiya Savant,associate,1961-11-02,male,"75, Kamraj Road, Valluvar Layout, Sivaganga, Tamil Nadu 624071",low,SYNTHETIC,2026-09-07T05:41:13.176661Z
P000399,Daksh Banerjee,associate,1969-07-02,male,"73, South Mada Street, Velachery, Thiruvarur, Tamil Nadu 601070",medium,SYNTHETIC,2026-09-07T05:41:13.176709Z
P000400,Manan Minhas,associate,1995-09-15,male,"21, Railway Station Road, Garuda Mall Corridor, Tiruvannamalai, Tamil Nadu 638481",medium,SYNTHETIC,2026-09-07T05:41:13.176758Z
P000401,Vaishnavi Vala,associate,1998-03-18,male,"98, Bypass Road, Kajamalai, Coimbatore, Tamil Nadu 617916",low,SYNTHETIC,2026-09-07T05:41:13.176808Z
P000402,Anmol Pillai,associate,1972-04-25,female,"396, Railway Station Road, Ambattur, Kanniyakumari, Tamil Nadu 625415",high,SYNTHETIC,2026-09-07T05:41:13.176863Z
P000403,Mohini Mishra,associate,1960-12-07,male,"55, Eruvadi Road, Pappanaickenpalayam, Ariyalur, Tamil Nadu 635758",low,SYNTHETIC,2026-09-07T05:41:13.176912Z
P000404,Advay Memon,associate,1996-01-13,female,"332, Nethaji Road, Anna Nagar, Cuddalore, Tamil Nadu 606800",unknown,SYNTHETIC,2026-09-07T05:41:13.176962Z
P000405,Neha Bassi,associate,1960-03-07,female,"119, Market Street, Egmore, Sivaganga, Tamil Nadu 622192",low,SYNTHETIC,2026-09-07T05:41:13.177010Z
P000406,Owen Hegde,associate,2006-09-23,male,"169, 5th Cross, Sundarankottai, Madurai, Tamil Nadu 639413",medium,SYNTHETIC,2026-09-07T05:41:13.177060Z
P000407,Sathvik Ben,associate,1983-11-19,male,"50, Dharmapuri Road, Kuruvikulam, Coimbatore, Tamil Nadu 632760",medium,SYNTHETIC,2026-09-07T05:41:13.177109Z
P000408,Yahvi Dugal,associate,1957-01-24,male,"320, Church Street, Kajamalai, Erode, Tamil Nadu 611884",low,SYNTHETIC,2026-09-07T05:41:13.177155Z
P000409,Hitesh Wadhwa,associate,1984-05-29,male,"230, Kamraj Road, Mettupalayam, Kanniyakumari, Tamil Nadu 620069",medium,SYNTHETIC,2026-09-07T05:41:13.177201Z
P000410,Kalpit Agrawal,associate,1954-11-16,female,"50, Harbour Approach Road, Vinoba Nagar, Ramanathapuram, Tamil Nadu 616439",low,SYNTHETIC,2026-09-07T05:41:13.177250Z
P000411,Warhi Dugar,associate,1972-10-21,male,"325, North Car Street, Muthialpet, Chengalpattu, Tamil Nadu 610834",medium,SYNTHETIC,2026-09-07T05:41:13.177298Z
P000412,Yashoda Baral,associate,1975-11-10,male,"334, Harbour Approach Road, Coimbatore Junction, Vellore, Tamil Nadu 624632",low,SYNTHETIC,2026-09-07T05:41:13.177344Z
P000413,Isha Edwin,associate,1995-03-01,female,"103, South Mada Street, Mattuthavani, Tiruvannamalai, Tamil Nadu 639740",low,SYNTHETIC,2026-09-07T05:41:13.177407Z
P000414,Ranveer Sethi,associate,1971-05-10,male,"255, North Car Street, Arumbakkam, Ramanathapuram, Tamil Nadu 610565",medium,SYNTHETIC,2026-09-07T05:41:13.177461Z
P000415,Gaurangi Lad,associate,1966-11-26,female,"203, Nethaji Road, Kajamalai, Thoothukudi, Tamil Nadu 625892",low,SYNTHETIC,2026-09-07T05:41:13.177511Z
P000416,Nathaniel Luthra,associate,1999-06-11,male,"149, Church Street, Meenakshi Nagar, Thoothukudi, Tamil Nadu 606277",low,SYNTHETIC,2026-09-07T05:41:13.177561Z
P000417,Rajeshri Kalita,associate,1970-09-20,male,"370, Kamraj Road, Kajamalai, Erode, Tamil Nadu 639481",low,SYNTHETIC,2026-09-07T05:41:13.177613Z
P000418,Eiravati Madan,associate,1994-11-03,male,"208, Church Street, Meenakshi Nagar, Kancheepuram, Tamil Nadu 620005",low,SYNTHETIC,2026-09-07T05:41:13.177663Z
P000419,Vasudha Bhardwaj,associate,1990-02-21,male,"68, Kamraj Road, Egmore, Sivaganga, Tamil Nadu 632357",high,SYNTHETIC,2026-09-07T05:41:13.177711Z
P000420,Vritti Tak,associate,1965-12-17,male,"171, Load Road, Pothigai Nagar, Thiruvallur, Tamil Nadu 610770",low,SYNTHETIC,2026-09-07T05:41:13.177764Z
P000421,Hema Sinha,associate,1990-12-02,male,"187, Double Road, RS Puram, Dharmapuri, Tamil Nadu 619861",medium,SYNTHETIC,2026-09-07T05:41:13.177815Z
P000422,Yashoda Lal,associate,1971-12-07,female,"102, Ghat Road, Garuda Mall Corridor, Madurai, Tamil Nadu 618842",low,SYNTHETIC,2026-09-07T05:41:13.177865Z
P000423,Darpan Kashyap,associate,1999-10-25,male,"294, Load Road, Pothigai Nagar, Villupuram, Tamil Nadu 626999",medium,SYNTHETIC,2026-09-07T05:41:13.177914Z
P000424,Bhavika Seshadri,associate,1998-11-10,male,"209, Kamraj Road, Sowdambika Layout, Kanniyakumari, Tamil Nadu 637194",low,SYNTHETIC,2026-09-07T05:41:13.177964Z
P000425,Jyoti Tandon,associate,1965-08-17,male,"244, North Car Street, Kajamalai, Ramanathapuram, Tamil Nadu 628960",low,SYNTHETIC,2026-09-07T05:41:13.178012Z
P000426,Jack Sankar,associate,1972-05-25,male,"296, Dharmapuri Road, Ambattur, Vellore, Tamil Nadu 629070",low,SYNTHETIC,2026-09-07T05:41:13.178062Z
P000427,Raghav Sachar,associate,1961-06-28,male,"55, South Mada Street, Sulur, Ramanathapuram, Tamil Nadu 609657",medium,SYNTHETIC,2026-09-07T05:41:13.178111Z
P000428,Ryan Warrior,associate,1958-06-14,female,"83, 5th Cross, Kuruvikulam, Theni, Tamil Nadu 620604",low,SYNTHETIC,2026-09-07T05:41:13.178158Z
P000429,Vinaya Chatterjee,associate,1988-04-06,female,"203, Periyar Road, Keezhakkarai, Tiruppur, Tamil Nadu 638700",low,SYNTHETIC,2026-09-07T05:41:13.178209Z
P000430,Vincent Buch,associate,1967-07-16,female,"139, Bypass Road, Chromepet, Nagapattinam, Tamil Nadu 632535",low,SYNTHETIC,2026-09-07T05:41:13.178259Z
P000431,Advika Dube,associate,1976-11-16,male,"1, Nethaji Road, Tambaram, Cuddalore, Tamil Nadu 618267",low,SYNTHETIC,2026-09-07T05:41:13.178315Z
P000432,Forum Pillay,associate,1963-11-08,male,"211, Kamraj Road, Velachery, Theni, Tamil Nadu 639083",low,SYNTHETIC,2026-09-07T05:41:13.178371Z
P000433,Idika Chaudry,associate,1961-09-16,female,"68, High Court Road, Estancia, Thiruvallur, Tamil Nadu 605385",low,SYNTHETIC,2026-09-07T05:41:13.178422Z
P000434,Liam Badami,associate,1973-05-14,male,"280, Periyar Road, Kajamalai, Theni, Tamil Nadu 618510",low,SYNTHETIC,2026-09-07T05:41:13.178472Z
P000435,Anjali Sha,associate,1976-05-11,male,"408, Double Road, Mattuthavani, Chengalpattu, Tamil Nadu 622806",low,SYNTHETIC,2026-09-07T05:41:13.178521Z
P000436,Falan Narula,associate,1956-12-20,male,"323, Periyar Road, Sowdambika Layout, Chengalpattu, Tamil Nadu 628420",medium,SYNTHETIC,2026-09-07T05:41:13.178570Z
P000437,Omaja Divan,associate,1967-03-17,male,"382, South Mada Street, Ganapathy, Sivaganga, Tamil Nadu 610182",medium,SYNTHETIC,2026-09-07T05:41:13.178622Z
P000438,Bachittar Samra,associate,1988-01-22,female,"390, Kamraj Road, Porur, Erode, Tamil Nadu 610821",medium,SYNTHETIC,2026-09-07T05:41:13.178671Z
P000439,Veer Vasa,associate,1966-09-06,female,"187, Load Road, Sulur, Dharmapuri, Tamil Nadu 606881",medium,SYNTHETIC,2026-09-07T05:41:13.178719Z
P000440,Aishani Sahni,associate,1973-05-07,male,"25, Main Road, Chromepet, Nagapattinam, Tamil Nadu 639010",low,SYNTHETIC,2026-09-07T05:41:13.178772Z
P000441,Manthan Garg,associate,1954-12-07,female,"350, 5th Cross, Pothigai Nagar, Thiruvallur, Tamil Nadu 607495",low,SYNTHETIC,2026-09-07T05:41:13.178821Z
P000442,Jeevika Varty,associate,1955-12-28,male,"417, Double Road, Gandhipuram, Virudhunagar, Tamil Nadu 612222",medium,SYNTHETIC,2026-09-07T05:41:13.178870Z
P000443,Simon Shah,associate,1988-02-06,male,"84, Nethaji Road, RS Puram, Villupuram, Tamil Nadu 622468",low,SYNTHETIC,2026-09-07T05:41:13.178920Z
P000444,Niharika Rajagopal,associate,1974-04-18,male,"352, North Car Street, Vilachery, Vellore, Tamil Nadu 631884",medium,SYNTHETIC,2026-09-07T05:41:13.178970Z
P000445,Isaac Sangha,victim,1970-03-31,male,"344, Bypass Road, Garuda Mall Corridor, Coimbatore, Tamil Nadu 628544",low,SYNTHETIC,2026-09-07T05:41:13.179031Z
P000446,Qushi Balasubramanian,victim,1959-09-07,female,"379, Service Lane, RS Puram, Sivaganga, Tamil Nadu 616326",low,SYNTHETIC,2026-09-07T05:41:13.179086Z
P000447,Eta Agarwal,victim,1978-12-08,male,"66, Bypass Road, Sowdambika Layout, Namakkal, Tamil Nadu 600507",low,SYNTHETIC,2026-09-07T05:41:13.179140Z
P000448,Wahab Konda,victim,1968-05-29,male,"232, Market Street, Ganapathy, Kanniyakumari, Tamil Nadu 630370",low,SYNTHETIC,2026-09-07T05:41:13.179189Z
P000449,Harinakshi Baria,victim,1996-03-31,male,"26, Periyar Road, Sowdambika Layout, Thiruvallur, Tamil Nadu 602290",low,SYNTHETIC,2026-09-07T05:41:13.179237Z
P000450,Faras Tank,victim,1970-12-21,female,"334, Dharmapuri Road, Ukkadam, Tiruppur, Tamil Nadu 624691",low,SYNTHETIC,2026-09-07T05:41:13.179285Z
P000451,Tara Sibal,victim,1998-05-24,male,"42, South Mada Street, Palayamkottai, Virudhunagar, Tamil Nadu 633691",low,SYNTHETIC,2026-09-07T05:41:13.179329Z
P000452,Finn Radhakrishnan,victim,1977-06-24,female,"283, Kamraj Road, Pothigai Nagar, Theni, Tamil Nadu 604984",low,SYNTHETIC,2026-09-07T05:41:13.179381Z
P000453,Azaan Jha,victim,1992-06-26,female,"236, Kamraj Road, Kallamadu, Vellore, Tamil Nadu 636221",low,SYNTHETIC,2026-09-07T05:41:13.179440Z
P000454,Keya Puri,victim,1965-11-06,male,"317, Load Road, Sulur, Kanniyakumari, Tamil Nadu 625683",low,SYNTHETIC,2026-09-07T05:41:13.179478Z
P000455,Jairaj Raj,victim,1962-11-03,female,"400, Service Lane, Arappalayam, Coimbatore, Tamil Nadu 629621",low,SYNTHETIC,2026-09-07T05:41:13.179516Z
P000456,Libni Balan,victim,2005-11-09,male,"58, Main Road, Mylapore, Vellore, Tamil Nadu 624823",low,SYNTHETIC,2026-09-07T05:41:13.179554Z
P000457,Isaac Doctor,victim,1979-12-14,female,"243, Service Lane, Chromepet, Salem, Tamil Nadu 600175",low,SYNTHETIC,2026-09-07T05:41:13.179590Z
P000458,Frederick Lad,victim,1996-04-04,female,"31, Eruvadi Road, Kajamalai, Nagapattinam, Tamil Nadu 604468",low,SYNTHETIC,2026-09-07T05:41:13.179629Z
P000459,Netra Datta,victim,1958-02-20,female,"336, Dharmapuri Road, Coimbatore Junction, Ariyalur, Tamil Nadu 629213",low,SYNTHETIC,2026-09-07T05:41:13.179664Z
P000460,Robert Goyal,victim,1972-12-17,male,"79, Market Street, Kallamadu, Theni, Tamil Nadu 611553",low,SYNTHETIC,2026-09-07T05:41:13.179703Z
P000461,Falak Narula,victim,1992-02-20,female,"16, Anna Salai, Adyar, Virudhunagar, Tamil Nadu 617231",low,SYNTHETIC,2026-09-07T05:41:13.179737Z
P000462,Yagnesh Tella,victim,1987-08-20,male,"60, Nethaji Road, Vinoba Nagar, Tiruchchirappalli, Tamil Nadu 610566",low,SYNTHETIC,2026-09-07T05:41:13.179772Z
P000463,Darpan Sood,victim,1988-08-14,female,"370, Double Road, Kallamadu, Chengalpattu, Tamil Nadu 628659",low,SYNTHETIC,2026-09-07T05:41:13.179806Z
P000464,Matthew Narula,victim,1986-10-07,male,"179, Railway Station Road, Vadapalani, Madurai, Tamil Nadu 634418",low,SYNTHETIC,2026-09-07T05:41:13.179840Z
P000465,Rudra Manne,victim,2006-09-01,female,"5, Double Road, New Bus Stand, Villupuram, Tamil Nadu 625671",low,SYNTHETIC,2026-09-07T05:41:13.179882Z
P000466,Raagini Rana,victim,1959-03-17,female,"277, Church Street, Ukkadam, Namakkal, Tamil Nadu 619719",low,SYNTHETIC,2026-09-07T05:41:13.179925Z
P000467,Krish Merchant,victim,1985-08-08,female,"379, Bypass Road, Washermenpet, Kanniyakumari, Tamil Nadu 610605",low,SYNTHETIC,2026-09-07T05:41:13.179961Z
P000468,Ishita Mitter,victim,1970-04-17,female,"108, 5th Cross, Ammapet, Madurai, Tamil Nadu 603722",low,SYNTHETIC,2026-09-07T05:41:13.179996Z
P000469,Jai Baral,victim,1986-07-25,female,"339, Dharmapuri Road, Sundarankottai, Thiruvallur, Tamil Nadu 636583",low,SYNTHETIC,2026-09-07T05:41:13.180031Z
P000470,Abha Ramanathan,victim,1961-11-04,female,"196, Market Street, Arumbakkam, Kanniyakumari, Tamil Nadu 628495",low,SYNTHETIC,2026-09-07T05:41:13.180078Z
P000471,Aishani Babu,victim,1966-08-28,female,"157, Bypass Road, Tambaram, Nilgiris, Tamil Nadu 637453",low,SYNTHETIC,2026-09-07T05:41:13.180115Z
P000472,Farhan Bakshi,victim,1999-01-05,male,"21, Double Road, Thirunagar, Coimbatore, Tamil Nadu 603482",low,SYNTHETIC,2026-09-07T05:41:13.180149Z
P000473,Banjeet Kanda,victim,2004-11-26,male,"27, Eruvadi Road, Bharathi Bazaar, Sivaganga, Tamil Nadu 636890",low,SYNTHETIC,2026-09-07T05:41:13.180187Z
P000474,Rudra Prabhu,victim,1998-08-25,female,"44, Ghat Road, Velachery, Tiruchchirappalli, Tamil Nadu 622313",low,SYNTHETIC,2026-09-07T05:41:13.180222Z
P000475,Adweta Pai,victim,1975-03-16,female,"419, North Car Street, Ammapet, Cuddalore, Tamil Nadu 622040",medium,SYNTHETIC,2026-09-07T05:41:13.180256Z
P000476,Vincent Bhalla,victim,1981-05-13,female,"166, Railway Station Road, KK Nagar, Thiruvallur, Tamil Nadu 616722",low,SYNTHETIC,2026-09-07T05:41:13.180292Z
P000477,Kai Acharya,victim,1987-09-14,female,"30, Market Street, Keezhakkarai, Villupuram, Tamil Nadu 639815",low,SYNTHETIC,2026-09-07T05:41:13.180327Z
P000478,Tripti Narayan,victim,1978-04-08,female,"356, Railway Station Road, Bharathi Bazaar, Salem, Tamil Nadu 633998",low,SYNTHETIC,2026-09-07T05:41:13.180361Z
P000479,Anthony Gokhale,victim,1977-07-06,female,"56, South Mada Street, Ambattur, Thiruvarur, Tamil Nadu 634072",low,SYNTHETIC,2026-09-07T05:41:13.180398Z
P000480,Advaith Lalla,victim,1967-09-25,male,"126, Load Road, Anna Nagar, Cuddalore, Tamil Nadu 638679",low,SYNTHETIC,2026-09-07T05:41:13.180433Z
P000481,Hemani Deol,victim,1988-10-16,male,"331, High Court Road, Estancia, Virudhunagar, Tamil Nadu 617062",low,SYNTHETIC,2026-09-07T05:41:13.180468Z
P000482,Jeevika Muni,victim,1996-02-08,male,"71, Harbour Approach Road, Kajamalai, Chennai, Tamil Nadu 631115",low,SYNTHETIC,2026-09-07T05:41:13.180505Z
P000483,Zinal Nagarajan,victim,2000-01-31,male,"325, Main Road, Muthialpet, Namakkal, Tamil Nadu 618067",low,SYNTHETIC,2026-09-07T05:41:13.180541Z
P000484,Pooja Dave,victim,1996-09-02,male,"149, Double Road, Vinoba Nagar, Nagapattinam, Tamil Nadu 638425",low,SYNTHETIC,2026-09-07T05:41:13.180576Z
P000485,Netra Sani,victim,1993-08-06,male,"85, Railway Station Road, Vinoba Nagar, Chengalpattu, Tamil Nadu 602016",low,SYNTHETIC,2026-09-07T05:41:13.180611Z
P000486,Amrita Nagi,victim,1982-06-01,male,"253, Dharmapuri Road, Madurai Junction, Tiruchchirappalli, Tamil Nadu 615129",low,SYNTHETIC,2026-09-07T05:41:13.180645Z
P000487,Nimrat Sekhon,victim,1977-04-02,male,"249, Kamraj Road, Singanallur, Karur, Tamil Nadu 624783",low,SYNTHETIC,2026-09-07T05:41:13.180699Z
P000488,Jagdish Kala,victim,1966-01-21,male,"408, High Court Road, Pothigai Nagar, Villupuram, Tamil Nadu 606943",low,SYNTHETIC,2026-09-07T05:41:13.180757Z
P000489,Rushil Pai,victim,1998-02-23,female,"406, Anna Salai, Madurai Junction, Thiruvarur, Tamil Nadu 621717",medium,SYNTHETIC,2026-09-07T05:41:13.180815Z
P000490,Xiti Kanda,victim,1986-02-17,female,"235, Ghat Road, Azhagar Koil Road, Ramanathapuram, Tamil Nadu 600344",unknown,SYNTHETIC,2026-09-07T05:41:13.180873Z
P000491,Widisha Walia,victim,1981-06-26,male,"109, Nethaji Road, RS Puram, Tiruvannamalai, Tamil Nadu 609248",low,SYNTHETIC,2026-09-07T05:41:13.180932Z
P000492,Damyanti Comar,victim,1956-05-09,male,"280, Market Street, Sowdambika Layout, Madurai, Tamil Nadu 621179",medium,SYNTHETIC,2026-09-07T05:41:13.180993Z
P000493,Oscar Choudhary,victim,1993-02-11,female,"171, Dharmapuri Road, Ambattur, Ramanathapuram, Tamil Nadu 611026",low,SYNTHETIC,2026-09-07T05:41:13.181051Z
P000494,Utkarsh Chaudhry,victim,1956-06-10,male,"372, Double Road, Sundarankottai, Chengalpattu, Tamil Nadu 602434",low,SYNTHETIC,2026-09-07T05:41:13.181110Z
P000495,Turvi Ratta,victim,1986-12-09,male,"13, Dharmapuri Road, Keezhakkarai, Chengalpattu, Tamil Nadu 608473",low,SYNTHETIC,2026-09-07T05:41:13.181172Z
P000496,Udant Purohit,victim,1990-11-28,female,"373, Kamraj Road, Pappanaickenpalayam, Thiruvallur, Tamil Nadu 622920",low,SYNTHETIC,2026-09-07T05:41:13.181231Z
P000497,Leela Modi,victim,1989-01-09,male,"341, High Court Road, Peelamedu, Kanniyakumari, Tamil Nadu 617213",low,SYNTHETIC,2026-09-07T05:41:13.181288Z
P000498,Maanas Rau,victim,1973-04-03,male,"125, Kamraj Road, KK Nagar, Cuddalore, Tamil Nadu 612954",medium,SYNTHETIC,2026-09-07T05:41:13.181354Z
P000499,Janani Chander,victim,2003-02-04,female,"7, Dharmapuri Road, Pappanaickenpalayam, Tiruppur, Tamil Nadu 635493",medium,SYNTHETIC,2026-09-07T05:41:13.181445Z
P000500,Warjas Dhawan,victim,1967-05-17,female,"219, South Mada Street, Kajamalai, Chengalpattu, Tamil Nadu 628727",low,SYNTHETIC,2026-09-07T05:41:13.181513Z
P000501,Idika Bhavsar,victim,1990-01-18,male,"329, Eruvadi Road, Keezhakkarai, Thoothukudi, Tamil Nadu 624252",low,SYNTHETIC,2026-09-07T05:41:13.181574Z
P000502,Kala Raj,victim,1960-06-15,male,"83, Eruvadi Road, Bharathi Bazaar, Perambalur, Tamil Nadu 621635",low,SYNTHETIC,2026-09-07T05:41:13.181634Z
P000503,Panini Patla,victim,2000-01-08,male,"106, Bypass Road, Valluvar Layout, Erode, Tamil Nadu 636486",low,SYNTHETIC,2026-09-07T05:41:13.181699Z
P000504,Yashoda Mammen,victim,1978-06-03,male,"239, High Court Road, Ammapet, Madurai, Tamil Nadu 625235",low,SYNTHETIC,2026-09-07T05:41:13.181759Z
P000505,Dayamai Tailor,victim,1988-03-17,female,"268, Kamraj Road, Kallamadu, Chennai, Tamil Nadu 636605",medium,SYNTHETIC,2026-09-07T05:41:13.181817Z
P000506,Teerth Malhotra,victim,2007-05-15,male,"223, Dharmapuri Road, Mattuthavani, Sivaganga, Tamil Nadu 618352",medium,SYNTHETIC,2026-09-07T05:41:13.181876Z
P000507,Upma Varughese,victim,1969-10-15,male,"95, Service Lane, Anna Nagar, Virudhunagar, Tamil Nadu 638547",low,SYNTHETIC,2026-09-07T05:41:13.182085Z
P000508,Jeet Goda,victim,1977-04-25,male,"281, Periyar Road, Palladam, Tiruvannamalai, Tamil Nadu 632853",medium,SYNTHETIC,2026-09-07T05:41:13.182178Z
P000509,Harini Patla,victim,1989-06-21,female,"111, Bypass Road, Palladam, Chengalpattu, Tamil Nadu 628464",low,SYNTHETIC,2026-09-07T05:41:13.182248Z
P000510,Tarak Garde,victim,1975-05-13,male,"301, Church Street, Ganapathy, Thoothukudi, Tamil Nadu 634863",low,SYNTHETIC,2026-09-07T05:41:13.182309Z
P000511,Krishna Sanghvi,victim,1978-06-19,male,"341, Ghat Road, Ganapathy, Kanniyakumari, Tamil Nadu 618838",medium,SYNTHETIC,2026-09-07T05:41:13.182366Z
P000512,Aahana Dara,victim,1960-05-06,male,"306, South Mada Street, Bharathi Bazaar, Kanniyakumari, Tamil Nadu 603735",low,SYNTHETIC,2026-09-07T05:41:13.182422Z
P000513,Ethan Venkataraman,victim,2002-02-04,male,"112, Periyar Road, Gandhipuram, Cuddalore, Tamil Nadu 602128",low,SYNTHETIC,2026-09-07T05:41:13.182480Z
P000514,Zinal Guha,victim,1963-03-01,male,"347, 5th Cross, Arappalayam, Tiruppur, Tamil Nadu 606112",low,SYNTHETIC,2026-09-07T05:41:13.182536Z
P000515,Yagnesh Dalal,victim,1999-07-16,female,"81, Load Road, Palayamkottai, Cuddalore, Tamil Nadu 638170",low,SYNTHETIC,2026-09-07T05:41:13.182593Z
P000516,Advika Chakraborty,victim,1986-05-05,female,"330, Church Street, Royapuram, Virudhunagar, Tamil Nadu 618589",low,SYNTHETIC,2026-09-07T05:41:13.182671Z
P000517,Harsh Dhar,victim,2004-03-21,female,"142, 5th Cross, Pothigai Nagar, Thoothukudi, Tamil Nadu 612920",low,SYNTHETIC,2026-09-07T05:41:13.182727Z
P000518,Zashil Morar,victim,1969-12-14,female,"334, Anna Salai, Madurai Junction, Namakkal, Tamil Nadu 620362",low,SYNTHETIC,2026-09-07T05:41:13.182788Z
P000519,Faraj Mistry,victim,1970-08-03,female,"399, Service Lane, Sundarankottai, Ramanathapuram, Tamil Nadu 605314",low,SYNTHETIC,2026-09-07T05:41:13.182854Z
P000520,Bishakha Mishra,victim,1976-07-01,female,"229, Dharmapuri Road, Anna Nagar, Thiruvarur, Tamil Nadu 618978",medium,SYNTHETIC,2026-09-07T05:41:13.182915Z
P000521,Inaya Garde,victim,1993-07-30,male,"367, Periyar Road, Ganapathy, Dharmapuri, Tamil Nadu 604765",low,SYNTHETIC,2026-09-07T05:41:13.182978Z
P000522,Jagrati Soni,victim,1982-08-15,male,"175, South Mada Street, Pappanaickenpalayam, Thanjavur, Tamil Nadu 609170",low,SYNTHETIC,2026-09-07T05:41:13.183041Z
P000523,Logan Sura,victim,1957-07-23,female,"38, Anna Salai, Gandhipuram, Vellore, Tamil Nadu 622949",low,SYNTHETIC,2026-09-07T05:41:13.183102Z
P000524,Urmi Sheth,victim,1966-04-16,male,"309, Eruvadi Road, Azhagar Koil Road, Ramanathapuram, Tamil Nadu 615447",low,SYNTHETIC,2026-09-07T05:41:13.183162Z
P000525,Baljiwan Tailor,victim,1968-10-24,male,"208, Market Street, Sowdambika Layout, Chennai, Tamil Nadu 612706",low,SYNTHETIC,2026-09-07T05:41:13.183228Z
P000526,Bhavika Dalal,victim,1964-09-20,male,"42, Nethaji Road, Egmore, Kancheepuram, Tamil Nadu 611656",low,SYNTHETIC,2026-09-07T05:41:13.183291Z
P000527,Lopa Saha,victim,1957-04-20,male,"42, Anna Salai, Thirunagar, Thanjavur, Tamil Nadu 634779",low,SYNTHETIC,2026-09-07T05:41:13.183355Z
P000528,Jai Borah,victim,1997-09-13,male,"405, Nethaji Road, Ammapet, Nagapattinam, Tamil Nadu 630290",low,SYNTHETIC,2026-09-07T05:41:13.183418Z
P000529,Madhav Soni,victim,1977-04-25,female,"166, Load Road, Ukkadam, Thanjavur, Tamil Nadu 602825",low,SYNTHETIC,2026-09-07T05:41:13.183479Z
P000530,Odika Sahni,victim,1994-07-18,male,"4, Main Road, Anna Nagar, Erode, Tamil Nadu 613237",low,SYNTHETIC,2026-09-07T05:41:13.183543Z
P000531,Anmol Behl,victim,1962-12-28,male,"379, High Court Road, RS Puram, Kancheepuram, Tamil Nadu 633887",low,SYNTHETIC,2026-09-07T05:41:13.183605Z
P000532,Balveer Singhal,victim,1972-04-07,male,"250, Kamraj Road, KK Nagar, Salem, Tamil Nadu 633456",low,SYNTHETIC,2026-09-07T05:41:13.183794Z
P000533,Chatresh Luthra,victim,1961-02-07,female,"259, Main Road, Estancia, Cuddalore, Tamil Nadu 603712",low,SYNTHETIC,2026-09-07T05:41:13.183878Z
P000534,Agastya Bassi,victim,2003-08-10,female,"407, Harbour Approach Road, Kallamadu, Cuddalore, Tamil Nadu 607715",medium,SYNTHETIC,2026-09-07T05:41:13.183930Z
P000535,Wriddhish Dutt,victim,2000-02-10,male,"395, South Mada Street, Muthialpet, Karur, Tamil Nadu 620313",low,SYNTHETIC,2026-09-07T05:41:13.183970Z
P000536,Shivansh Mutti,victim,1995-03-13,male,"369, High Court Road, Estancia, Erode, Tamil Nadu 617482",low,SYNTHETIC,2026-09-07T05:41:13.184011Z
P000537,Saksham Chaudhry,victim,1960-06-10,male,"296, Service Lane, Ammapet, Erode, Tamil Nadu 638984",low,SYNTHETIC,2026-09-07T05:41:13.184047Z
P000538,Xiti Ratti,victim,1973-04-19,male,"106, Bypass Road, Madurai Junction, Kanniyakumari, Tamil Nadu 623805",low,SYNTHETIC,2026-09-07T05:41:13.184084Z
P000539,Chandani Nagar,victim,1976-07-19,female,"291, North Car Street, Peelamedu, Thiruvallur, Tamil Nadu 616840",low,SYNTHETIC,2026-09-07T05:41:13.184122Z
P000540,Chaitanya Deshmukh,victim,1979-01-17,male,"169, Church Street, Sowdambika Layout, Theni, Tamil Nadu 630262",low,SYNTHETIC,2026-09-07T05:41:13.184158Z
P000541,Lucky Edwin,victim,1963-07-08,male,"169, Kamraj Road, Ukkadam, Nagapattinam, Tamil Nadu 611511",low,SYNTHETIC,2026-09-07T05:41:13.184194Z
P000542,Nidhi Dhillon,victim,1963-06-06,female,"132, North Car Street, Kajamalai, Thiruvallur, Tamil Nadu 626995",unknown,SYNTHETIC,2026-09-07T05:41:13.184231Z
P000543,Bhavini Chopra,victim,1998-05-07,male,"175, Market Street, Vinoba Nagar, Kanniyakumari, Tamil Nadu 626819",low,SYNTHETIC,2026-09-07T05:41:13.184268Z
P000544,Advaith Rajagopal,victim,1998-11-21,female,"245, High Court Road, Ambattur, Ramanathapuram, Tamil Nadu 603456",low,SYNTHETIC,2026-09-07T05:41:13.184306Z
P000545,Yuvraj Samra,victim,1959-03-22,female,"79, Load Road, Ganapathy, Thanjavur, Tamil Nadu 618162",low,SYNTHETIC,2026-09-07T05:41:13.184343Z
P000546,Sara Nadkarni,victim,2005-01-28,male,"244, High Court Road, Pappanaickenpalayam, Karur, Tamil Nadu 614380",low,SYNTHETIC,2026-09-07T05:41:13.184381Z
P000547,Sanya Madan,victim,2000-02-27,male,"366, Bypass Road, Ambattur, Thoothukudi, Tamil Nadu 620583",low,SYNTHETIC,2026-09-07T05:41:13.184418Z
P000548,Bhavini Dhingra,victim,2000-06-21,female,"381, North Car Street, Thirunagar, Tiruchchirappalli, Tamil Nadu 603068",medium,SYNTHETIC,2026-09-07T05:41:13.184453Z
P000549,Anjali Sabharwal,victim,1973-12-01,male,"347, Load Road, Sulur, Sivaganga, Tamil Nadu 630941",low,SYNTHETIC,2026-09-07T05:41:13.184488Z
P000550,Dalaja Lad,victim,1998-09-10,male,"105, Bypass Road, Singanallur, Chennai, Tamil Nadu 636930",low,SYNTHETIC,2026-09-07T05:41:13.184523Z
P000551,Yashoda Choudhary,victim,1997-02-09,female,"8, Ghat Road, Gandhipuram, Nilgiris, Tamil Nadu 623977",low,SYNTHETIC,2026-09-07T05:41:13.184558Z
P000552,Chakradhar Khosla,victim,1955-02-21,male,"244, 5th Cross, Meenakshi Nagar, Namakkal, Tamil Nadu 622850",low,SYNTHETIC,2026-09-07T05:41:13.184594Z
P000553,Manya Dyal,witness,1973-04-15,male,"90, Kamraj Road, New Bus Stand, Thiruvallur, Tamil Nadu 609717",medium,SYNTHETIC,2026-09-07T05:41:13.184633Z
P000554,Krish Johal,witness,1955-07-31,female,"28, Railway Station Road, Chokkanadar Pettai, Ramanathapuram, Tamil Nadu 631494",low,SYNTHETIC,2026-09-07T05:41:13.184673Z
P000555,Aarnav More,witness,1970-06-29,male,"57, Service Lane, Meenakshi Nagar, Thiruvallur, Tamil Nadu 623629",low,SYNTHETIC,2026-09-07T05:41:13.184711Z
P000556,Mohini Nagar,witness,1961-08-09,male,"349, Nethaji Road, Washermenpet, Tiruchchirappalli, Tamil Nadu 617164",low,SYNTHETIC,2026-09-07T05:41:13.184747Z
P000557,Hemani Morar,witness,1963-03-31,male,"119, Ghat Road, Vadapalani, Nilgiris, Tamil Nadu 638695",medium,SYNTHETIC,2026-09-07T05:41:13.184786Z
P000558,Ekantika Mangal,witness,1966-11-23,male,"392, Harbour Approach Road, Nellithope, Thanjavur, Tamil Nadu 634982",low,SYNTHETIC,2026-09-07T05:41:13.184824Z
P000559,Zehaan Kohli,witness,1972-06-10,female,"32, Dharmapuri Road, Mylapore, Ariyalur, Tamil Nadu 620247",low,SYNTHETIC,2026-09-07T05:41:13.184861Z
P000560,Ayushman Balasubramanian,witness,1967-03-17,female,"226, Service Lane, Peelamedu, Karur, Tamil Nadu 619979",low,SYNTHETIC,2026-09-07T05:41:13.184899Z
P000561,Udarsh Ganguly,witness,1990-11-18,male,"418, Nethaji Road, Palladam, Kanniyakumari, Tamil Nadu 625049",low,SYNTHETIC,2026-09-07T05:41:13.184934Z
P000562,Pooja Thaker,witness,1998-10-19,female,"66, South Mada Street, Ukkadam, Salem, Tamil Nadu 615732",low,SYNTHETIC,2026-09-07T05:41:13.184970Z
P000563,Samaksh Vyas,witness,1971-11-05,female,"42, Nethaji Road, Meenakshi Nagar, Namakkal, Tamil Nadu 608424",medium,SYNTHETIC,2026-09-07T05:41:13.185005Z
P000564,Leela Hari,witness,1968-06-28,female,"249, Nethaji Road, Madurai Junction, Dharmapuri, Tamil Nadu 621222",medium,SYNTHETIC,2026-09-07T05:41:13.185038Z
P000565,Mason Dube,witness,1989-06-11,male,"249, North Car Street, Mattuthavani, Tiruchchirappalli, Tamil Nadu 637982",low,SYNTHETIC,2026-09-07T05:41:13.185072Z
P000566,Banjeet Chowdhury,witness,1984-12-19,male,"342, Ghat Road, Estancia, Thanjavur, Tamil Nadu 627591",low,SYNTHETIC,2026-09-07T05:41:13.185108Z
P000567,Krish Dyal,witness,1983-09-28,male,"290, Kamraj Road, Kallamadu, Kancheepuram, Tamil Nadu 618323",low,SYNTHETIC,2026-09-07T05:41:13.185143Z
P000568,Imaran Johal,witness,1988-06-16,male,"19, Bypass Road, Azhagar Koil Road, Tiruvannamalai, Tamil Nadu 636699",unknown,SYNTHETIC,2026-09-07T05:41:13.185194Z
P000569,Yamini Murthy,witness,1974-09-02,male,"122, Market Street, Sowdambika Layout, Namakkal, Tamil Nadu 615142",low,SYNTHETIC,2026-09-07T05:41:13.185230Z
P000570,Reyansh Om,witness,1982-05-30,male,"334, Railway Station Road, Ambattur, Thiruvallur, Tamil Nadu 629669",low,SYNTHETIC,2026-09-07T05:41:13.185264Z
P000571,Hemal Walia,witness,1990-01-31,male,"96, Eruvadi Road, Kuruvikulam, Chengalpattu, Tamil Nadu 620939",low,SYNTHETIC,2026-09-07T05:41:13.185299Z
P000572,Nakul Chokshi,witness,1974-04-21,male,"171, Nethaji Road, Vinoba Nagar, Villupuram, Tamil Nadu 606422",medium,SYNTHETIC,2026-09-07T05:41:13.185341Z
P000573,Chanchal Patla,witness,1955-01-15,female,"343, Dharmapuri Road, Palayamkottai, Kanniyakumari, Tamil Nadu 636654",low,SYNTHETIC,2026-09-07T05:41:13.185379Z
P000574,Anirudh Desai,witness,1984-03-20,male,"322, Ghat Road, Pothigai Nagar, Villupuram, Tamil Nadu 617537",low,SYNTHETIC,2026-09-07T05:41:13.185413Z
P000575,Netra Rastogi,witness,1958-04-08,male,"146, Load Road, Ammapet, Kancheepuram, Tamil Nadu 639566",low,SYNTHETIC,2026-09-07T05:41:13.185467Z
P000576,Bhavani Varkey,witness,1968-06-23,male,"317, Kamraj Road, Meenakshi Nagar, Chengalpattu, Tamil Nadu 601859",low,SYNTHETIC,2026-09-07T05:41:13.185505Z
P000577,Brinda Bobal,witness,1966-06-22,male,"146, Harbour Approach Road, Keezhakkarai, Namakkal, Tamil Nadu 604188",unknown,SYNTHETIC,2026-09-07T05:41:13.185541Z
P000578,Devansh Sankar,witness,2002-02-22,male,"325, Kamraj Road, Bharathi Bazaar, Vellore, Tamil Nadu 611538",low,SYNTHETIC,2026-09-07T05:41:13.185577Z
P000579,Rehaan Chada,witness,1959-12-23,female,"219, Kamraj Road, Ukkadam, Chengalpattu, Tamil Nadu 603179",low,SYNTHETIC,2026-09-07T05:41:13.185612Z
P000580,Ishwar Chakraborty,witness,1974-09-03,male,"292, Market Street, New Bus Stand, Villupuram, Tamil Nadu 617374",low,SYNTHETIC,2026-09-07T05:41:13.185652Z
P000581,Pratyush Gaba,witness,2004-07-18,male,"129, Anna Salai, Velachery, Tiruvannamalai, Tamil Nadu 624649",low,SYNTHETIC,2026-09-07T05:41:13.185688Z
P000582,Dalbir Nadkarni,witness,1992-09-09,male,"357, Eruvadi Road, Thirunagar, Karur, Tamil Nadu 602633",low,SYNTHETIC,2026-09-07T05:41:13.185728Z
P000583,Anthony Tara,witness,1977-10-29,female,"391, Harbour Approach Road, Palayamkottai, Vellore, Tamil Nadu 603344",low,SYNTHETIC,2026-09-07T05:41:13.185765Z
P000584,Thomas Chaudhary,witness,1957-08-25,female,"5, Load Road, Kajamalai, Coimbatore, Tamil Nadu 612668",low,SYNTHETIC,2026-09-07T05:41:13.185802Z
P000585,Veda Ray,witness,2004-12-22,male,"37, Periyar Road, Kallamadu, Salem, Tamil Nadu 611088",low,SYNTHETIC,2026-09-07T05:41:13.185840Z
P000586,Luke Narayanan,witness,1992-01-29,male,"108, South Mada Street, KK Nagar, Chengalpattu, Tamil Nadu 614313",low,SYNTHETIC,2026-09-07T05:41:13.185879Z
P000587,Bhavani Badal,witness,1993-05-14,male,"197, Ghat Road, Arappalayam, Kancheepuram, Tamil Nadu 610761",medium,SYNTHETIC,2026-09-07T05:41:13.185914Z
P000588,Dipta Narang,witness,1987-09-22,male,"68, Kamraj Road, Palladam, Tiruvannamalai, Tamil Nadu 630865",low,SYNTHETIC,2026-09-07T05:41:13.185949Z
P000589,Yuvraj Chaudhry,witness,2005-08-13,female,"218, Anna Salai, Velachery, Vellore, Tamil Nadu 602745",low,SYNTHETIC,2026-09-07T05:41:13.185984Z
P000590,Devika Lanka,witness,1983-06-27,male,"240, Anna Salai, Singanallur, Chengalpattu, Tamil Nadu 630860",low,SYNTHETIC,2026-09-07T05:41:13.186019Z
P000591,Robert Ramesh,witness,1993-03-21,male,"17, Main Road, Porur, Coimbatore, Tamil Nadu 627760",low,SYNTHETIC,2026-09-07T05:41:13.186054Z
P000592,Chakradhar Sibal,witness,1980-06-21,male,"277, Service Lane, Arumbakkam, Ariyalur, Tamil Nadu 626489",low,SYNTHETIC,2026-09-07T05:41:13.186090Z
P000593,Maanav Agrawal,witness,1994-06-26,male,"152, Service Lane, Anna Nagar, Thiruvallur, Tamil Nadu 627569",low,SYNTHETIC,2026-09-07T05:41:13.186128Z
P000594,Anita Apte,witness,1957-12-08,male,"83, Dharmapuri Road, Pappanaickenpalayam, Kancheepuram, Tamil Nadu 635124",high,SYNTHETIC,2026-09-07T05:41:13.186171Z
P000595,Ryan Palla,witness,1984-01-31,male,"202, Eruvadi Road, Mettupalayam, Perambalur, Tamil Nadu 608846",low,SYNTHETIC,2026-09-07T05:41:13.186206Z
P000596,Inaya Date,witness,1962-11-15,male,"363, Railway Station Road, Madurai Junction, Thoothukudi, Tamil Nadu 610678",low,SYNTHETIC,2026-09-07T05:41:13.186242Z
P000597,Viraj Edwin,witness,1981-06-15,male,"267, South Mada Street, Chokkanadar Pettai, Thiruvarur, Tamil Nadu 637730",medium,SYNTHETIC,2026-09-07T05:41:13.186409Z
P000598,Frederick Dara,witness,1996-11-04,male,"272, Nethaji Road, Kuruvikulam, Thiruvallur, Tamil Nadu 635377",low,SYNTHETIC,2026-09-07T05:41:13.186454Z
P000599,Chakradev Boase,witness,1995-02-21,male,"382, South Mada Street, Thirunagar, Chengalpattu, Tamil Nadu 608517",low,SYNTHETIC,2026-09-07T05:41:13.186495Z
P000600,Charita Memon,witness,1956-08-12,male,"222, Ghat Road, Sowdambika Layout, Thiruvallur, Tamil Nadu 606835",low,SYNTHETIC,2026-09-07T05:41:13.186537Z
P000601,Amrita Munshi,witness,1975-06-18,male,"337, Market Street, Chokkanadar Pettai, Chennai, Tamil Nadu 600610",unknown,SYNTHETIC,2026-09-07T05:41:13.186581Z
P000602,Vyanjana Rout,witness,1955-06-20,female,"338, 5th Cross, Estancia, Chengalpattu, Tamil Nadu 611413",low,SYNTHETIC,2026-09-07T05:41:13.186626Z
P000603,Yochana Chanda,witness,1972-08-06,female,"77, Railway Station Road, Egmore, Namakkal, Tamil Nadu 631555",low,SYNTHETIC,2026-09-07T05:41:13.186666Z
P000604,Girindra Venkataraman,witness,1981-01-16,female,"287, North Car Street, Vinoba Nagar, Karur, Tamil Nadu 601555",unknown,SYNTHETIC,2026-09-07T05:41:13.186704Z
P000605,Sathvik Dube,witness,1966-06-28,male,"42, Market Street, Anna Nagar, Pudukkottai, Tamil Nadu 614719",low,SYNTHETIC,2026-09-07T05:41:13.186740Z
P000606,Onkar Kibe,witness,1983-05-22,male,"369, Harbour Approach Road, Adyar, Pudukkottai, Tamil Nadu 602055",low,SYNTHETIC,2026-09-07T05:41:13.187301Z
P000607,Chanchal Ahluwalia,witness,2005-11-16,male,"259, Railway Station Road, Velachery, Tiruppur, Tamil Nadu 608993",low,SYNTHETIC,2026-09-07T05:41:13.187477Z
P000608,Jai Guha,witness,1968-03-22,male,"268, Nethaji Road, Peelamedu, Nilgiris, Tamil Nadu 600338",low,SYNTHETIC,2026-09-07T05:41:13.187573Z
P000609,Ekta Bali,witness,1971-07-31,female,"71, Eruvadi Road, Coimbatore Junction, Ramanathapuram, Tamil Nadu 618314",low,SYNTHETIC,2026-09-07T05:41:13.187630Z
P000610,Hemal Chand,witness,1994-04-06,female,"18, Dharmapuri Road, Gandhipuram, Salem, Tamil Nadu 634364",low,SYNTHETIC,2026-09-07T05:41:13.187686Z
P000611,Harshil Kuruvilla,witness,1970-02-11,male,"272, Bypass Road, Palayamkottai, Ramanathapuram, Tamil Nadu 621896",low,SYNTHETIC,2026-09-07T05:41:13.187739Z
P000612,Ishaan Panchal,witness,1966-03-06,female,"415, High Court Road, Egmore, Pudukkottai, Tamil Nadu 604064",low,SYNTHETIC,2026-09-07T05:41:13.187796Z
P000613,Max Comar,witness,1981-07-03,male,"228, Market Street, Ambattur, Tiruvannamalai, Tamil Nadu 614050",low,SYNTHETIC,2026-09-07T05:41:13.187849Z
P000614,Siddharth Natarajan,witness,1977-01-18,male,"64, High Court Road, Ganapathy, Nagapattinam, Tamil Nadu 607395",low,SYNTHETIC,2026-09-07T05:41:13.187903Z
P000615,Barkha Banerjee,witness,1984-05-07,male,"235, Railway Station Road, Garuda Mall Corridor, Perambalur, Tamil Nadu 611707",low,SYNTHETIC,2026-09-07T05:41:13.187954Z
P000616,Inaya Kadakia,witness,1959-09-01,male,"246, High Court Road, Valluvar Layout, Tiruchchirappalli, Tamil Nadu 601066",low,SYNTHETIC,2026-09-07T05:41:13.188007Z
P000617,Oeshi Vasa,witness,1961-02-05,female,"179, Kamraj Road, Washermenpet, Villupuram, Tamil Nadu 637406",low,SYNTHETIC,2026-09-07T05:41:13.188058Z
P000618,Janaki Nori,witness,1969-08-11,female,"320, 5th Cross, Muthialpet, Namakkal, Tamil Nadu 605569",low,SYNTHETIC,2026-09-07T05:41:13.188110Z
P000619,Wyatt Chakrabarti,witness,1975-05-08,male,"318, Market Street, Muthialpet, Sivaganga, Tamil Nadu 635354",high,SYNTHETIC,2026-09-07T05:41:13.188157Z
P000620,Balveer Kashyap,witness,1994-05-08,male,"277, Ghat Road, Sulur, Erode, Tamil Nadu 613264",low,SYNTHETIC,2026-09-07T05:41:13.188215Z
P000621,Edhitha Vora,witness,1958-02-11,male,"117, Main Road, Meenakshi Nagar, Cuddalore, Tamil Nadu 603129",low,SYNTHETIC,2026-09-07T05:41:13.188265Z
P000622,Vinaya Chacko,witness,2001-03-06,female,"152, Harbour Approach Road, Sundarankottai, Theni, Tamil Nadu 615317",medium,SYNTHETIC,2026-09-07T05:41:13.188316Z
P000623,Faras Pathak,witness,1972-05-11,female,"357, Dharmapuri Road, Sowdambika Layout, Tiruchchirappalli, Tamil Nadu 604893",medium,SYNTHETIC,2026-09-07T05:41:13.188368Z
P000624,Hiral Mahal,witness,1957-01-26,male,"80, Church Street, Valluvar Layout, Thoothukudi, Tamil Nadu 628262",low,SYNTHETIC,2026-09-07T05:41:13.188419Z
P000625,Ravi Kumar,criminal,1992-05-18,male,"48, Anna Nagar, Chennai, Tamil Nadu 600040",medium,SYNTHETIC,2026-09-07T05:41:13.219232Z
P000626,Arjun Nair,associate,1998-09-21,male,"186, Anna Nagar, Chennai, Tamil Nadu 600040",low,SYNTHETIC,2026-09-07T05:41:13.219250Z
P000627,Suresh Pillai,associate,1992-03-06,male,"17, Anna Nagar, Chennai, Tamil Nadu 600040",medium,SYNTHETIC,2026-09-07T05:41:13.219267Z
