id,number,owner_person_id,data_source,created_at
PH000001,8638857793,P000001,SYNTHETIC,2026-09-07T05:25:48.223220Z
PH000002,9083422436,P000001,SYNTHETIC,2026-09-07T05:25:48.223245Z
PH000003,8266182303,P000002,SYNTHETIC,2026-09-07T05:25:48.223268Z
PH000004,7809279504,P000002,SYNTHETIC,2026-09-07T05:25:48.223284Z
PH000005,7310306730,P000003,SYNTHETIC,2026-09-07T05:25:48.223304Z
PH000006,8612759480,P000003,SYNTHETIC,2026-09-07T05:25:48.223321Z
PH000007,6127416934,P000004,SYNTHETIC,2026-09-07T05:25:48.223340Z
PH000008,6132790567,P000005,SYNTHETIC,2026-09-07T05:25:48.223358Z
PH000009,6752599105,P000006,SYNTHETIC,2026-09-07T05:25:48.223375Z
PH000010,8391233835,P000007,SYNTHETIC,2026-09-07T05:25:48.223393Z
PH000011,7427453318,P000008,SYNTHETIC,2026-09-07T05:25:48.223412Z
PH000012,8798668534,P000008,SYNTHETIC,2026-09-07T05:25:48.223429Z
PH000013,8151925881,P000009,SYNTHETIC,2026-09-07T05:25:48.223446Z
PH000014,9894133887,P000010,SYNTHETIC,2026-09-07T05:25:48.223463Z
PH000015,8967161586,P000010,SYNTHETIC,2026-09-07T05:25:48.223479Z
PH000016,7737352525,P000011,SYNTHETIC,2026-09-07T05:25:48.223496Z
PH000017,6696806784,P000011,SYNTHETIC,2026-09-07T05:25:48.223512Z
PH000018,7658855498,P000012,SYNTHETIC,2026-09-07T05:25:48.223529Z
PH000019,8097511790,P000013,SYNTHETIC,2026-09-07T05:25:48.223547Z
PH000020,7757911544,P000014,SYNTHETIC,2026-09-07T05:25:48.223564Z
PH000021,9801035137,P000015,SYNTHETIC,2026-09-07T05:25:48.223582Z
PH000022,7577715535,P000016,SYNTHETIC,2026-09-07T05:25:48.223599Z
PH000023,6623573170,P000017,SYNTHETIC,2026-09-07T05:25:48.223617Z
PH000024,9550370881,P000018,SYNTHETIC,2026-09-07T05:25:48.223634Z
PH000025,7797838768,P000018,SYNTHETIC,2026-09-07T05:25:48.223650Z
PH000026,9043622500,P000019,SYNTHETIC,2026-09-07T05:25:48.223667Z
PH000027,8398704504,P000019,SYNTHETIC,2026-09-07T05:25:48.223683Z
PH000028,9900199443,P000020,SYNTHETIC,2026-09-07T05:25:48.223702Z
PH000029,7544769180,P000021,SYNTHETIC,2026-09-07T05:25:48.223720Z
PH000030,7482196961,P000022,SYNTHETIC,2026-09-07T05:25:48.223737Z
PH000031,8486748501,P000023,SYNTHETIC,2026-09-07T05:25:48.223754Z
PH000032,8755061085,P000024,SYNTHETIC,2026-09-07T05:25:48.223770Z
PH000033,7815260768,P000025,SYNTHETIC,2026-09-07T05:25:48.223788Z
PH000034,9237983037,P000026,SYNTHETIC,2026-09-07T05:25:48.223805Z
PH000035,8364578784,P000026,SYNTHETIC,2026-09-07T05:25:48.223822Z
PH000036,7611657175,P000027,SYNTHETIC,2026-09-07T05:25:48.223840Z
PH000037,7809804539,P000028,SYNTHETIC,2026-09-07T05:25:48.223857Z
PH000038,7280025799,P000029,SYNTHETIC,2026-09-07T05:25:48.223873Z
PH000039,7897036482,P000029,SYNTHETIC,2026-09-07T05:25:48.223889Z
PH000040,6168767956,P000030,SYNTHETIC,2026-09-07T05:25:48.223906Z
PH000041,8608283898,P000031,SYNTHETIC,2026-09-07T05:25:48.223923Z
PH000042,8125903797,P000032,SYNTHETIC,2026-09-07T05:25:48.223940Z
PH000043,6195877470,P000032,SYNTHETIC,2026-09-07T05:25:48.223958Z
PH000044,6071453174,P000033,SYNTHETIC,2026-09-07T05:25:48.223974Z
PH000045,9773438064,P000033,SYNTHETIC,2026-09-07T05:25:48.223991Z
PH000046,7914577741,P000034,SYNTHETIC,2026-09-07T05:25:48.224008Z
PH000047,9608227986,P000035,SYNTHETIC,2026-09-07T05:25:48.224034Z
PH000048,6147465527,P000035,SYNTHETIC,2026-09-07T05:25:48.224050Z
PH000049,7725778837,P000036,SYNTHETIC,2026-09-07T05:25:48.224069Z
PH000050,6217485870,P000037,SYNTHETIC,2026-09-07T05:25:48.224086Z
PH000051,7668675368,P000038,SYNTHETIC,2026-09-07T05:25:48.224103Z
PH000052,6758971576,P000039,SYNTHETIC,2026-09-07T05:25:48.224120Z
PH000053,6190003790,P000040,SYNTHETIC,2026-09-07T05:25:48.224139Z
PH000054,9694731843,P000041,SYNTHETIC,2026-09-07T05:25:48.224157Z
PH000055,8279402124,P000042,SYNTHETIC,2026-09-07T05:25:48.224174Z
PH000056,6406395537,P000043,SYNTHETIC,2026-09-07T05:25:48.224190Z
PH000057,9485996135,P000044,SYNTHETIC,2026-09-07T05:25:48.224206Z
PH000058,9650868313,P000044,SYNTHETIC,2026-09-07T05:25:48.224223Z
PH000059,7231119018,P000045,SYNTHETIC,2026-09-07T05:25:48.224240Z
PH000060,6871973531,P000046,SYNTHETIC,2026-09-07T05:25:48.224258Z
PH000061,8013720592,P000047,SYNTHETIC,2026-09-07T05:25:48.224274Z
PH000062,8089771202,P000048,SYNTHETIC,2026-09-07T05:25:48.224291Z
PH000063,7910532547,P000049,SYNTHETIC,2026-09-07T05:25:48.224308Z
PH000064,7565379443,P000049,SYNTHETIC,2026-09-07T05:25:48.224324Z
PH000065,8165961757,P000050,SYNTHETIC,2026-09-07T05:25:48.224340Z
PH000066,8132400725,P000051,SYNTHETIC,2026-09-07T05:25:48.224358Z
PH000067,9880201084,P000052,SYNTHETIC,2026-09-07T05:25:48.224374Z
PH000068,6659111855,P000053,SYNTHETIC,2026-09-07T05:25:48.224391Z
PH000069,8070254026,P000054,SYNTHETIC,2026-09-07T05:25:48.224409Z
PH000070,8545563411,P000054,SYNTHETIC,2026-09-07T05:25:48.224425Z
PH000071,7934074467,P000055,SYNTHETIC,2026-09-07T05:25:48.224444Z
PH000072,8161743180,P000056,SYNTHETIC,2026-09-07T05:25:48.224460Z
PH000073,6864772078,P000057,SYNTHETIC,2026-09-07T05:25:48.224478Z
PH000074,6113464160,P000058,SYNTHETIC,2026-09-07T05:25:48.224495Z
PH000075,9429713771,P000059,SYNTHETIC,2026-09-07T05:25:48.224513Z
PH000076,9924802355,P000060,SYNTHETIC,2026-09-07T05:25:48.224529Z
PH000077,8918890383,P000061,SYNTHETIC,2026-09-07T05:25:48.224548Z
PH000078,9884167411,P000062,SYNTHETIC,2026-09-07T05:25:48.224566Z
PH000079,6197550468,P000062,SYNTHETIC,2026-09-07T05:25:48.224583Z
PH000080,8268648378,P000063,SYNTHETIC,2026-09-07T05:25:48.224601Z
PH000081,6277323525,P000063,SYNTHETIC,2026-09-07T05:25:48.224617Z
PH000082,8181635626,P000064,SYNTHETIC,2026-09-07T05:25:48.224634Z
PH000083,7288169392,P000065,SYNTHETIC,2026-09-07T05:25:48.224650Z
PH000084,8084743914,P000066,SYNTHETIC,2026-09-07T05:25:48.224668Z
PH000085,7576352153,P000067,SYNTHETIC,2026-09-07T05:25:48.224685Z
PH000086,9832551508,P000067,SYNTHETIC,2026-09-07T05:25:48.224702Z
PH000087,6338583094,P000068,SYNTHETIC,2026-09-07T05:25:48.224719Z
PH000088,7734655270,P000069,SYNTHETIC,2026-09-07T05:25:48.224738Z
PH000089,7182509815,P000070,SYNTHETIC,2026-09-07T05:25:48.224756Z
PH000090,9166779843,P000071,SYNTHETIC,2026-09-07T05:25:48.224773Z
PH000091,6832914340,P000071,SYNTHETIC,2026-09-07T05:25:48.224790Z
PH000092,7029480386,P000072,SYNTHETIC,2026-09-07T05:25:48.224809Z
PH000093,7336089091,P000073,SYNTHETIC,2026-09-07T05:25:48.224825Z
PH000094,8548242505,P000074,SYNTHETIC,2026-09-07T05:25:48.224842Z
PH000095,7441718125,P000075,SYNTHETIC,2026-09-07T05:25:48.224858Z
PH000096,9900003731,P000076,SYNTHETIC,2026-09-07T05:25:48.224875Z
PH000097,7606749938,P000077,SYNTHETIC,2026-09-07T05:25:48.224891Z
PH000098,7258965734,P000078,SYNTHETIC,2026-09-07T05:25:48.224908Z
PH000099,8426957236,P000079,SYNTHETIC,2026-09-07T05:25:48.224923Z
PH000100,7784885474,P000079,SYNTHETIC,2026-09-07T05:25:48.224940Z
PH000101,9811757678,P000080,SYNTHETIC,2026-09-07T05:25:48.224958Z
PH000102,8499200903,P000080,SYNTHETIC,2026-09-07T05:25:48.224975Z
PH000103,8453016278,P000081,SYNTHETIC,2026-09-07T05:25:48.224994Z
PH000104,6251826204,P000082,SYNTHETIC,2026-09-07T05:25:48.225011Z
PH000105,9682643107,P000083,SYNTHETIC,2026-09-07T05:25:48.225030Z
PH000106,7156040040,P000084,SYNTHETIC,2026-09-07T05:25:48.225048Z
PH000107,8956491639,P000084,SYNTHETIC,2026-09-07T05:25:48.225067Z
PH000108,6643629683,P000085,SYNTHETIC,2026-09-07T05:25:48.225085Z
PH000109,9691205383,P000085,SYNTHETIC,2026-09-07T05:25:48.225102Z
PH000110,8168564407,P000086,SYNTHETIC,2026-09-07T05:25:48.225121Z
PH000111,6552931918,P000086,SYNTHETIC,2026-09-07T05:25:48.225138Z
PH000112,7411865377,P000087,SYNTHETIC,2026-09-07T05:25:48.225156Z
PH000113,7879654298,P000088,SYNTHETIC,2026-09-07T05:25:48.225175Z
PH000114,8552362285,P000089,SYNTHETIC,2026-09-07T05:25:48.225193Z
PH000115,9532893694,P000090,SYNTHETIC,2026-09-07T05:25:48.225211Z
PH000116,9439927952,P000090,SYNTHETIC,2026-09-07T05:25:48.225228Z
PH000117,8023866353,P000091,SYNTHETIC,2026-09-07T05:25:48.225245Z
PH000118,8096327120,P000091,SYNTHETIC,2026-09-07T05:25:48.225262Z
PH000119,9839654741,P000092,SYNTHETIC,2026-09-07T05:25:48.225280Z
PH000120,7366362689,P000093,SYNTHETIC,2026-09-07T05:25:48.225298Z
PH000121,6599781863,P000094,SYNTHETIC,2026-09-07T05:25:48.225318Z
PH000122,6127372330,P000094,SYNTHETIC,2026-09-07T05:25:48.225335Z
PH000123,7972068975,P000095,SYNTHETIC,2026-09-07T05:25:48.225353Z
PH000124,6983212766,P000096,SYNTHETIC,2026-09-07T05:25:48.225372Z
PH000125,8070328730,P000096,SYNTHETIC,2026-09-07T05:25:48.225390Z
PH000126,9492921572,P000097,SYNTHETIC,2026-09-07T05:25:48.225408Z
PH000127,8264526628,P000098,SYNTHETIC,2026-09-07T05:25:48.225426Z
PH000128,9294296673,P000099,SYNTHETIC,2026-09-07T05:25:48.225443Z
PH000129,6880738831,P000100,SYNTHETIC,2026-09-07T05:25:48.225461Z
PH000130,9335770429,P000100,SYNTHETIC,2026-09-07T05:25:48.225479Z
PH000131,6955796177,P000101,SYNTHETIC,2026-09-07T05:25:48.225497Z
PH000132,9795135550,P000102,SYNTHETIC,2026-09-07T05:25:48.225515Z
PH000133,8142800073,P000103,SYNTHETIC,2026-09-07T05:25:48.225533Z
PH000134,9906286630,P000104,SYNTHETIC,2026-09-07T05:25:48.225553Z
PH000135,7043133576,P000105,SYNTHETIC,2026-09-07T05:25:48.225570Z
PH000136,9399302206,P000106,SYNTHETIC,2026-09-07T05:25:48.225588Z
PH000137,7242671685,P000107,SYNTHETIC,2026-09-07T05:25:48.225606Z
PH000138,9442286919,P000108,SYNTHETIC,2026-09-07T05:25:48.225623Z
PH000139,9094054783,P000109,SYNTHETIC,2026-09-07T05:25:48.225644Z
PH000140,6647670893,P000109,SYNTHETIC,2026-09-07T05:25:48.225660Z
PH000141,7230074257,P000110,SYNTHETIC,2026-09-07T05:25:48.225677Z
PH000142,8886168045,P000111,SYNTHETIC,2026-09-07T05:25:48.225694Z
PH000143,9713598720,P000112,SYNTHETIC,2026-09-07T05:25:48.225711Z
PH000144,7358305987,P000113,SYNTHETIC,2026-09-07T05:25:48.225730Z
PH000145,8180710203,P000113,SYNTHETIC,2026-09-07T05:25:48.225747Z
PH000146,6598549808,P000114,SYNTHETIC,2026-09-07T05:25:48.225765Z
PH000147,9303744459,P000115,SYNTHETIC,2026-09-07T05:25:48.225783Z
PH000148,8271031012,P000116,SYNTHETIC,2026-09-07T05:25:48.225801Z
PH000149,8857245991,P000117,SYNTHETIC,2026-09-07T05:25:48.225817Z
PH000150,7011053686,P000118,SYNTHETIC,2026-09-07T05:25:48.225836Z
PH000151,9130664090,P000119,SYNTHETIC,2026-09-07T05:25:48.225853Z
PH000152,7142034908,P000120,SYNTHETIC,2026-09-07T05:25:48.225872Z
PH000153,9445990646,P000120,SYNTHETIC,2026-09-07T05:25:48.225890Z
PH000154,8162074407,P000121,SYNTHETIC,2026-09-07T05:25:48.225908Z
PH000155,9315958324,P000122,SYNTHETIC,2026-09-07T05:25:48.225925Z
PH000156,8551248250,P000123,SYNTHETIC,2026-09-07T05:25:48.225945Z
PH000157,6321124640,P000123,SYNTHETIC,2026-09-07T05:25:48.225962Z
PH000158,7255481529,P000124,SYNTHETIC,2026-09-07T05:25:48.225980Z
PH000159,8938124668,P000125,SYNTHETIC,2026-09-07T05:25:48.225999Z
PH000160,9648814956,P000126,SYNTHETIC,2026-09-07T05:25:48.226032Z
PH000161,7314076479,P000127,SYNTHETIC,2026-09-07T05:25:48.226052Z
PH000162,9074715187,P000128,SYNTHETIC,2026-09-07T05:25:48.226070Z
PH000163,8321279646,P000128,SYNTHETIC,2026-09-07T05:25:48.226087Z
PH000164,7582430397,P000129,SYNTHETIC,2026-09-07T05:25:48.226105Z
PH000165,6796307193,P000130,SYNTHETIC,2026-09-07T05:25:48.226123Z
PH000166,9960013487,P000131,SYNTHETIC,2026-09-07T05:25:48.226141Z
PH000167,6679658140,P000131,SYNTHETIC,2026-09-07T05:25:48.226159Z
PH000168,7623400975,P000132,SYNTHETIC,2026-09-07T05:25:48.226177Z
PH000169,8781973182,P000133,SYNTHETIC,2026-09-07T05:25:48.226195Z
PH000170,9415634628,P000133,SYNTHETIC,2026-09-07T05:25:48.226213Z
PH000171,9089060939,P000134,SYNTHETIC,2026-09-07T05:25:48.226232Z
PH000172,8435478441,P000134,SYNTHETIC,2026-09-07T05:25:48.226249Z
PH000173,6225565384,P000135,SYNTHETIC,2026-09-07T05:25:48.226267Z
PH000174,6156863161,P000136,SYNTHETIC,2026-09-07T05:25:48.226286Z
PH000175,7557621965,P000137,SYNTHETIC,2026-09-07T05:25:48.226304Z
PH000176,9042131370,P000138,SYNTHETIC,2026-09-07T05:25:48.226322Z
PH000177,6240268494,P000138,SYNTHETIC,2026-09-07T05:25:48.226342Z
PH000178,9255043206,P000139,SYNTHETIC,2026-09-07T05:25:48.226359Z
PH000179,9356786959,P000140,SYNTHETIC,2026-09-07T05:25:48.226378Z
PH000180,7540931288,P000141,SYNTHETIC,2026-09-07T05:25:48.226395Z
PH000181,6022608653,P000142,SYNTHETIC,2026-09-07T05:25:48.226413Z
PH000182,6443834177,P000143,SYNTHETIC,2026-09-07T05:25:48.226430Z
PH000183,7060782485,P000144,SYNTHETIC,2026-09-07T05:25:48.226448Z
PH000184,8279853154,P000145,SYNTHETIC,2026-09-07T05:25:48.226466Z
PH000185,6265117603,P000146,SYNTHETIC,2026-09-07T05:25:48.226483Z
PH000186,9535882832,P000147,SYNTHETIC,2026-09-07T05:25:48.226501Z
PH000187,6358973718,P000147,SYNTHETIC,2026-09-07T05:25:48.226518Z
PH000188,6204808500,P000148,SYNTHETIC,2026-09-07T05:25:48.226536Z
PH000189,9576202334,P000149,SYNTHETIC,2026-09-07T05:25:48.226553Z
PH000190,7217772180,P000150,SYNTHETIC,2026-09-07T05:25:48.226572Z
PH000191,8809755527,P000151,SYNTHETIC,2026-09-07T05:25:48.226590Z
PH000192,8190723856,P000152,SYNTHETIC,2026-09-07T05:25:48.226608Z
PH000193,7533203028,P000153,SYNTHETIC,2026-09-07T05:25:48.226628Z
PH000194,9356369014,P000154,SYNTHETIC,2026-09-07T05:25:48.226646Z
PH000195,8706527532,P000154,SYNTHETIC,2026-09-07T05:25:48.226662Z
PH000196,6687323011,P000155,SYNTHETIC,2026-09-07T05:25:48.226680Z
PH000197,9014280388,P000156,SYNTHETIC,2026-09-07T05:25:48.226698Z
PH000198,7260213818,P000157,SYNTHETIC,2026-09-07T05:25:48.226718Z
PH000199,8756732853,P000157,SYNTHETIC,2026-09-07T05:25:48.226735Z
PH000200,8284150710,P000158,SYNTHETIC,2026-09-07T05:25:48.226753Z
PH000201,7238414597,P000159,SYNTHETIC,2026-09-07T05:25:48.226770Z
PH000202,7610228601,P000160,SYNTHETIC,2026-09-07T05:25:48.226791Z
PH000203,8088501498,P000161,SYNTHETIC,2026-09-07T05:25:48.226809Z
PH000204,8005338894,P000162,SYNTHETIC,2026-09-07T05:25:48.226827Z
PH000205,8053223350,P000163,SYNTHETIC,2026-09-07T05:25:48.226844Z
PH000206,9184559120,P000164,SYNTHETIC,2026-09-07T05:25:48.226862Z
PH000207,9270598443,P000165,SYNTHETIC,2026-09-07T05:25:48.226882Z
PH000208,8957169048,P000165,SYNTHETIC,2026-09-07T05:25:48.226899Z
PH000209,6405712160,P000166,SYNTHETIC,2026-09-07T05:25:48.226916Z
PH000210,8270533609,P000167,SYNTHETIC,2026-09-07T05:25:48.226933Z
PH000211,7080948287,P000168,SYNTHETIC,2026-09-07T05:25:48.226950Z
PH000212,9034265023,P000169,SYNTHETIC,2026-09-07T05:25:48.226968Z
PH000213,7626051407,P000169,SYNTHETIC,2026-09-07T05:25:48.226984Z
PH000214,9668122365,P000170,SYNTHETIC,2026-09-07T05:25:48.227003Z
PH000215,6659798467,P000170,SYNTHETIC,2026-09-07T05:25:48.227020Z
PH000216,9536344864,P000171,SYNTHETIC,2026-09-07T05:25:48.227039Z
PH000217,9036959815,P000172,SYNTHETIC,2026-09-07T05:25:48.227058Z
PH000218,7505457720,P000173,SYNTHETIC,2026-09-07T05:25:48.227076Z
PH000219,8449996340,P000173,SYNTHETIC,2026-09-07T05:25:48.227095Z
PH000220,7532008136,P000174,SYNTHETIC,2026-09-07T05:25:48.227112Z
PH000221,7132365991,P000175,SYNTHETIC,2026-09-07T05:25:48.227130Z
PH000222,6559491558,P000176,SYNTHETIC,2026-09-07T05:25:48.227147Z
PH000223,8660942447,P000177,SYNTHETIC,2026-09-07T05:25:48.227165Z
PH000224,8887939308,P000178,SYNTHETIC,2026-09-07T05:25:48.227182Z
PH000225,8873352156,P000179,SYNTHETIC,2026-09-07T05:25:48.227200Z
PH000226,6844668450,P000179,SYNTHETIC,2026-09-07T05:25:48.227215Z
PH000227,9402766563,P000180,SYNTHETIC,2026-09-07T05:25:48.227235Z
PH000228,9684391157,P000181,SYNTHETIC,2026-09-07T05:25:48.227252Z
PH000229,8603370805,P000182,SYNTHETIC,2026-09-07T05:25:48.227271Z
PH000230,8644261243,P000183,SYNTHETIC,2026-09-07T05:25:48.227289Z
PH000231,7576027878,P000184,SYNTHETIC,2026-09-07T05:25:48.227307Z
PH000232,8767233357,P000185,SYNTHETIC,2026-09-07T05:25:48.227325Z
PH000233,7918035040,P000186,SYNTHETIC,2026-09-07T05:25:48.227342Z
PH000234,8763734315,P000187,SYNTHETIC,2026-09-07T05:25:48.227364Z
PH000235,6539759641,P000188,SYNTHETIC,2026-09-07T05:25:48.227382Z
PH000236,7822843406,P000189,SYNTHETIC,2026-09-07T05:25:48.227400Z
PH000237,7221163768,P000190,SYNTHETIC,2026-09-07T05:25:48.227418Z
PH000238,6835630773,P000191,SYNTHETIC,2026-09-07T05:25:48.227436Z
PH000239,9010429610,P000192,SYNTHETIC,2026-09-07T05:25:48.227455Z
PH000240,9647543003,P000193,SYNTHETIC,2026-09-07T05:25:48.227474Z
PH000241,6915655993,P000194,SYNTHETIC,2026-09-07T05:25:48.227493Z
PH000242,9653943537,P000195,SYNTHETIC,2026-09-07T05:25:48.227511Z
PH000243,8715924397,P000196,SYNTHETIC,2026-09-07T05:25:48.227530Z
PH000244,6676954957,P000197,SYNTHETIC,2026-09-07T05:25:48.227549Z
PH000245,8461281435,P000197,SYNTHETIC,2026-09-07T05:25:48.227566Z
PH000246,7305789426,P000198,SYNTHETIC,2026-09-07T05:25:48.227583Z
PH000247,7804141328,P000199,SYNTHETIC,2026-09-07T05:25:48.227601Z
PH000248,6689843415,P000200,SYNTHETIC,2026-09-07T05:25:48.227620Z
PH000249,6361253010,P000201,SYNTHETIC,2026-09-07T05:25:48.227639Z
PH000250,8698603119,P000202,SYNTHETIC,2026-09-07T05:25:48.227658Z
PH000251,8715779192,P000203,SYNTHETIC,2026-09-07T05:25:48.227676Z
PH000252,7465035321,P000204,SYNTHETIC,2026-09-07T05:25:48.227693Z
PH000253,6224171305,P000206,SYNTHETIC,2026-09-07T05:25:48.227713Z
PH000254,6101565349,P000207,SYNTHETIC,2026-09-07T05:25:48.227732Z
PH000255,6287215793,P000208,SYNTHETIC,2026-09-07T05:25:48.227750Z
PH000256,9465386972,P000209,SYNTHETIC,2026-09-07T05:25:48.227768Z
PH000257,9851803691,P000210,SYNTHETIC,2026-09-07T05:25:48.227786Z
PH000258,6690070693,P000212,SYNTHETIC,2026-09-07T05:25:48.227805Z
PH000259,7081388190,P000213,SYNTHETIC,2026-09-07T05:25:48.227822Z
PH000260,6628914936,P000215,SYNTHETIC,2026-09-07T05:25:48.227840Z
PH000261,8522484809,P000218,SYNTHETIC,2026-09-07T05:25:48.227860Z
PH000262,6966927819,P000219,SYNTHETIC,2026-09-07T05:25:48.227881Z
PH000263,9655929398,P000220,SYNTHETIC,2026-09-07T05:25:48.227899Z
PH000264,7626456869,P000221,SYNTHETIC,2026-09-07T05:25:48.227916Z
PH000265,7264347052,P000224,SYNTHETIC,2026-09-07T05:25:48.227933Z
PH000266,8941742309,P000225,SYNTHETIC,2026-09-07T05:25:48.227953Z
PH000267,9867366603,P000226,SYNTHETIC,2026-09-07T05:25:48.227970Z
PH000268,6643845515,P000227,SYNTHETIC,2026-09-07T05:25:48.227987Z
PH000269,7061977554,P000231,SYNTHETIC,2026-09-07T05:25:48.228006Z
PH000270,9145596710,P000233,SYNTHETIC,2026-09-07T05:25:48.228039Z
PH000271,6055903314,P000236,SYNTHETIC,2026-09-07T05:25:48.228058Z
PH000272,7008343533,P000237,SYNTHETIC,2026-09-07T05:25:48.228076Z
PH000273,8919954309,P000238,SYNTHETIC,2026-09-07T05:25:48.228093Z
PH000274,7816831860,P000240,SYNTHETIC,2026-09-07T05:25:48.228111Z
PH000275,6932854691,P000241,SYNTHETIC,2026-09-07T05:25:48.228128Z
PH000276,9312452073,P000244,SYNTHETIC,2026-09-07T05:25:48.228146Z
PH000277,7253437729,P000245,SYNTHETIC,2026-09-07T05:25:48.228163Z
PH000278,8450778136,P000247,SYNTHETIC,2026-09-07T05:25:48.228182Z
PH000279,7130527820,P000248,SYNTHETIC,2026-09-07T05:25:48.228199Z
PH000280,9768019271,P000252,SYNTHETIC,2026-09-07T05:25:48.228218Z
PH000281,7478132676,P000256,SYNTHETIC,2026-09-07T05:25:48.228237Z
PH000282,7373650551,P000257,SYNTHETIC,2026-09-07T05:25:48.228254Z
PH000283,9932878900,P000261,SYNTHETIC,2026-09-07T05:25:48.228275Z
PH000284,7804662513,P000264,SYNTHETIC,2026-09-07T05:25:48.228293Z
PH000285,8163486714,P000265,SYNTHETIC,2026-09-07T05:25:48.228311Z
PH000286,7545392982,P000266,SYNTHETIC,2026-09-07T05:25:48.228329Z
PH000287,7969226509,P000267,SYNTHETIC,2026-09-07T05:25:48.228346Z
PH000288,8836745174,P000270,SYNTHETIC,2026-09-07T05:25:48.228363Z
PH000289,7984464077,P000271,SYNTHETIC,2026-09-07T05:25:48.228380Z
PH000290,6968813353,P000272,SYNTHETIC,2026-09-07T05:25:48.228397Z
PH000291,8710550243,P000273,SYNTHETIC,2026-09-07T05:25:48.228416Z
PH000292,9921229941,P000276,SYNTHETIC,2026-09-07T05:25:48.228434Z
PH000293,8432514610,P000279,SYNTHETIC,2026-09-07T05:25:48.228453Z
PH000294,8001343687,P000280,SYNTHETIC,2026-09-07T05:25:48.228470Z
PH000295,9628067806,P000281,SYNTHETIC,2026-09-07T05:25:48.228487Z
PH000296,8825824402,P000282,SYNTHETIC,2026-09-07T05:25:48.228504Z
PH000297,7613734359,P000287,SYNTHETIC,2026-09-07T05:25:48.228525Z
PH000298,9467913314,P000289,SYNTHETIC,2026-09-07T05:25:48.228543Z
PH000299,8460253107,P000294,SYNTHETIC,2026-09-07T05:25:48.228562Z
PH000300,8225785814,P000295,SYNTHETIC,2026-09-07T05:25:48.228580Z
PH000301,8835862546,P000299,SYNTHETIC,2026-09-07T05:25:48.228599Z
PH000302,9270044855,P000301,SYNTHETIC,2026-09-07T05:25:48.228617Z
PH000303,8685168194,P000302,SYNTHETIC,2026-09-07T05:25:48.228635Z
PH000304,7107753491,P000304,SYNTHETIC,2026-09-07T05:25:48.228654Z
PH000305,8425389483,P000305,SYNTHETIC,2026-09-07T05:25:48.228671Z
PH000306,9560012221,P000307,SYNTHETIC,2026-09-07T05:25:48.228689Z
PH000307,6934128569,P000309,SYNTHETIC,2026-09-07T05:25:48.228733Z
PH000308,9037666954,P000311,SYNTHETIC,2026-09-07T05:25:48.228751Z
PH000309,8370406819,P000313,SYNTHETIC,2026-09-07T05:25:48.228770Z
PH000310,6108894902,P000314,SYNTHETIC,2026-09-07T05:25:48.228789Z
PH000311,9710538298,P000315,SYNTHETIC,2026-09-07T05:25:48.228805Z
PH000312,6806530796,P000319,SYNTHETIC,2026-09-07T05:25:48.228824Z
PH000313,6061296983,P000321,SYNTHETIC,2026-09-07T05:25:48.228841Z
PH000314,6591427135,P000322,SYNTHETIC,2026-09-07T05:25:48.228858Z
PH000315,8070914735,P000324,SYNTHETIC,2026-09-07T05:25:48.228876Z
PH000316,6992137009,P000326,SYNTHETIC,2026-09-07T05:25:48.228894Z
PH000317,6685017796,P000333,SYNTHETIC,2026-09-07T05:25:48.228913Z
PH000318,6134822024,P000334,SYNTHETIC,2026-09-07T05:25:48.228931Z
PH000319,9117741402,P000338,SYNTHETIC,2026-09-07T05:25:48.228948Z
PH000320,8198073320,P000339,SYNTHETIC,2026-09-07T05:25:48.228965Z
PH000321,8560170303,P000341,SYNTHETIC,2026-09-07T05:25:48.228983Z
PH000322,9122276010,P000342,SYNTHETIC,2026-09-07T05:25:48.229000Z
PH000323,9899040818,P000343,SYNTHETIC,2026-09-07T05:25:48.229017Z
PH000324,6804382866,P000344,SYNTHETIC,2026-09-07T05:25:48.229036Z
PH000325,9299767657,P000346,SYNTHETIC,2026-09-07T05:25:48.229054Z
PH000326,6236648021,P000349,SYNTHETIC,2026-09-07T05:25:48.229075Z
PH000327,8053366265,P000350,SYNTHETIC,2026-09-07T05:25:48.229092Z
PH000328,6743822713,P000355,SYNTHETIC,2026-09-07T05:25:48.229111Z
PH000329,8835659947,P000356,SYNTHETIC,2026-09-07T05:25:48.229130Z
PH000330,6558294326,P000357,SYNTHETIC,2026-09-07T05:25:48.229147Z
PH000331,7115499146,P000358,SYNTHETIC,2026-09-07T05:25:48.229164Z
PH000332,7579818065,P000359,SYNTHETIC,2026-09-07T05:25:48.229181Z
PH000333,6700433084,P000361,SYNTHETIC,2026-09-07T05:25:48.229200Z
PH000334,8944810365,P000367,SYNTHETIC,2026-09-07T05:25:48.229220Z
PH000335,7928959820,P000369,SYNTHETIC,2026-09-07T05:25:48.229238Z
PH000336,9935113420,P000370,SYNTHETIC,2026-09-07T05:25:48.229255Z
PH000337,6707596410,P000373,SYNTHETIC,2026-09-07T05:25:48.229274Z
PH000338,9254490898,P000374,SYNTHETIC,2026-09-07T05:25:48.229291Z
PH000339,9596380172,P000375,SYNTHETIC,2026-09-07T05:25:48.229310Z
PH000340,7582154051,P000378,SYNTHETIC,2026-09-07T05:25:48.229328Z
PH000341,8796899615,P000383,SYNTHETIC,2026-09-07T05:25:48.229348Z
PH000342,6196753628,P000390,SYNTHETIC,2026-09-07T05:25:48.229366Z
PH000343,7665941578,P000394,SYNTHETIC,2026-09-07T05:25:48.229385Z
PH000344,8575911998,P000395,SYNTHETIC,2026-09-07T05:25:48.229403Z
PH000345,7030655000,P000396,SYNTHETIC,2026-09-07T05:25:48.229419Z
PH000346,8290411156,P000399,SYNTHETIC,2026-09-07T05:25:48.229437Z
PH000347,7763744094,P000400,SYNTHETIC,2026-09-07T05:25:48.229458Z
PH000348,9534287121,P000401,SYNTHETIC,2026-09-07T05:25:48.229475Z
PH000349,8014558622,P000402,SYNTHETIC,2026-09-07T05:25:48.229493Z
PH000350,9517402494,P000403,SYNTHETIC,2026-09-07T05:25:48.229511Z
PH000351,6087863668,P000404,SYNTHETIC,2026-09-07T05:25:48.229528Z
PH000352,8318321235,P000406,SYNTHETIC,2026-09-07T05:25:48.229546Z
PH000353,8989453069,P000407,SYNTHETIC,2026-09-07T05:25:48.229564Z
PH000354,6568330958,P000408,SYNTHETIC,2026-09-07T05:25:48.229583Z
PH000355,7566933581,P000410,SYNTHETIC,2026-09-07T05:25:48.229602Z
PH000356,7408997988,P000411,SYNTHETIC,2026-09-07T05:25:48.229619Z
PH000357,7207130333,P000412,SYNTHETIC,2026-09-07T05:25:48.229636Z
PH000358,9881533547,P000415,SYNTHETIC,2026-09-07T05:25:48.229655Z
PH000359,6452052826,P000417,SYNTHETIC,2026-09-07T05:25:48.229673Z
PH000360,9313593536,P000418,SYNTHETIC,2026-09-07T05:25:48.229691Z
PH000361,7344312289,P000420,SYNTHETIC,2026-09-07T05:25:48.229710Z
PH000362,8999881133,P000421,SYNTHETIC,2026-09-07T05:25:48.229728Z
PH000363,6675970006,P000424,SYNTHETIC,2026-09-07T05:25:48.229746Z
PH000364,6553594174,P000426,SYNTHETIC,2026-09-07T05:25:48.229763Z
PH000365,6528577578,P000427,SYNTHETIC,2026-09-07T05:25:48.229781Z
PH000366,6695122165,P000428,SYNTHETIC,2026-09-07T05:25:48.229798Z
PH000367,8787712955,P000432,SYNTHETIC,2026-09-07T05:25:48.229817Z
PH000368,8878002896,P000433,SYNTHETIC,2026-09-07T05:25:48.229834Z
PH000369,6879068868,P000434,SYNTHETIC,2026-09-07T05:25:48.229850Z
PH000370,9568082909,P000435,SYNTHETIC,2026-09-07T05:25:48.229866Z
PH000371,9967761174,P000438,SYNTHETIC,2026-09-07T05:25:48.229883Z
PH000372,9173521059,P000439,SYNTHETIC,2026-09-07T05:25:48.229899Z
PH000373,9273755803,P000440,SYNTHETIC,2026-09-07T05:25:48.229916Z
PH000374,9000892930,P000443,SYNTHETIC,2026-09-07T05:25:48.229934Z
PH000375,7732038619,P000455,SYNTHETIC,2026-09-07T05:25:48.229956Z
PH000376,7544121459,P000456,SYNTHETIC,2026-09-07T05:25:48.229977Z
PH000377,6820683657,P000462,SYNTHETIC,2026-09-07T05:25:48.229995Z
PH000378,9642260317,P000467,SYNTHETIC,2026-09-07T05:25:48.230014Z
PH000379,7354697767,P000469,SYNTHETIC,2026-09-07T05:25:48.230044Z
PH000380,6423314751,P000471,SYNTHETIC,2026-09-07T05:25:48.230063Z
PH000381,6370941328,P000474,SYNTHETIC,2026-09-07T05:25:48.230081Z
PH000382,6720268820,P000475,SYNTHETIC,2026-09-07T05:25:48.230099Z
PH000383,9344325987,P000478,SYNTHETIC,2026-09-07T05:25:48.230117Z
PH000384,8056915058,P000479,SYNTHETIC,2026-09-07T05:25:48.230137Z
PH000385,6850151107,P000480,SYNTHETIC,2026-09-07T05:25:48.230154Z
PH000386,6723321679,P000482,SYNTHETIC,2026-09-07T05:25:48.230171Z
PH000387,8626615589,P000489,SYNTHETIC,2026-09-07T05:25:48.230191Z
PH000388,8638582262,P000497,SYNTHETIC,2026-09-07T05:25:48.230211Z
PH000389,9248237936,P000503,SYNTHETIC,2026-09-07T05:25:48.230232Z
PH000390,7225476724,P000506,SYNTHETIC,2026-09-07T05:25:48.230249Z
PH000391,6051519576,P000517,SYNTHETIC,2026-09-07T05:25:48.230269Z
PH000392,8537504604,P000525,SYNTHETIC,2026-09-07T05:25:48.230289Z
PH000393,8994262801,P000526,SYNTHETIC,2026-09-07T05:25:48.230308Z
PH000394,8296775027,P000529,SYNTHETIC,2026-09-07T05:25:48.230327Z
PH000395,7418121947,P000530,SYNTHETIC,2026-09-07T05:25:48.230345Z
PH000396,9516406746,P000544,SYNTHETIC,2026-09-07T05:25:48.230366Z
PH000397,6328594722,P000547,SYNTHETIC,2026-09-07T05:25:48.230385Z
PH000398,8592856937,P000548,SYNTHETIC,2026-09-07T05:25:48.230402Z
PH000399,8081308041,P000549,SYNTHETIC,2026-09-07T05:25:48.230420Z
PH000400,7007336261,P000550,SYNTHETIC,2026-09-07T05:25:48.230438Z
PH000401,7807876958,P000551,SYNTHETIC,2026-09-07T05:25:48.230455Z
PH000402,6806240597,P000552,SYNTHETIC,2026-09-07T05:25:48.230475Z
PH000403,7819081764,P000553,SYNTHETIC,2026-09-07T05:25:48.230492Z
PH000404,9031679269,P000558,SYNTHETIC,2026-09-07T05:25:48.230512Z
PH000405,6581974837,P000565,SYNTHETIC,2026-09-07T05:25:48.230532Z
PH000406,7327661209,P000569,SYNTHETIC,2026-09-07T05:25:48.230551Z
PH000407,9141035574,P000570,SYNTHETIC,2026-09-07T05:25:48.230568Z
PH000408,7700947059,P000573,SYNTHETIC,2026-09-07T05:25:48.230586Z
PH000409,7838748105,P000574,SYNTHETIC,2026-09-07T05:25:48.230605Z
PH000410,8154512959,P000575,SYNTHETIC,2026-09-07T05:25:48.230623Z
PH000411,8699936313,P000587,SYNTHETIC,2026-09-07T05:25:48.230647Z
PH000412,8150795294,P000594,SYNTHETIC,2026-09-07T05:25:48.230666Z
PH000413,7790060055,P000596,SYNTHETIC,2026-09-07T05:25:48.230684Z
PH000414,8312498826,P000599,SYNTHETIC,2026-09-07T05:25:48.230702Z
PH000415,6920929695,P000603,SYNTHETIC,2026-09-07T05:25:48.230720Z
PH000416,6869089492,P000607,SYNTHETIC,2026-09-07T05:25:48.230739Z
PH000417,7846621069,P000609,SYNTHETIC,2026-09-07T05:25:48.230757Z
PH000418,6354210194,P000613,SYNTHETIC,2026-09-07T05:25:48.230775Z
PH000419,6316720743,P000617,SYNTHETIC,2026-09-07T05:25:48.230794Z
PH000420,7717343772,P000618,SYNTHETIC,2026-09-07T05:25:48.230811Z
PH000421,7000350104,P000621,SYNTHETIC,2026-09-07T05:25:48.230829Z
PH000422,6853092795,P000622,SYNTHETIC,2026-09-07T05:25:48.230847Z
PH000423,8012962247,P000001,SYNTHETIC,2026-09-07T05:25:48.230871Z
PH000424,8243325070,P000002,SYNTHETIC,2026-09-07T05:25:48.230893Z
PH000425,6111815830,P000020,SYNTHETIC,2026-09-07T05:25:48.230920Z
PH000426,7512096552,P000032,SYNTHETIC,2026-09-07T05:25:48.230942Z
PH000427,9125637078,P000034,SYNTHETIC,2026-09-07T05:25:48.230961Z
PH000428,9447348051,P000071,SYNTHETIC,2026-09-07T05:25:48.230993Z
PH000429,7622678036,P000073,SYNTHETIC,2026-09-07T05:25:48.231012Z
PH000430,9946560538,P000098,SYNTHETIC,2026-09-07T05:25:48.231039Z
PH000431,9994038472,P000110,SYNTHETIC,2026-09-07T05:25:48.231061Z
PH000432,9980383593,P000139,SYNTHETIC,2026-09-07T05:25:48.231094Z
PH000433,7292849034,P000197,SYNTHETIC,2026-09-07T05:25:48.231133Z
PH000434,9876543210,P000626,SYNTHETIC,2026-09-07T05:25:48.258029Z
